char	radical_num	radical_char	strokes	common_reading	readings	definition
一	1	一	1	yī	yī	one
丁	1	一	2	dīng	dīng	male adult
丂	1	一	2	kǎo	kǎo	obstruction of breath (qi) as it seeks release
七	1	一	2	qī	qī	seven
丄	1	一	2	shàng	shàng	above
丅	1	一	2	xià	xià	under
丆	1	一	2	hǎn	hǎn	kwukyel
万	1	一	3	wàn	mò/wàn	ten thousand
丈	1	一	3	zhàng	zhàng	unit of length equal 3.3 meters
三	1	一	3	sān	sān	three
上	1	一	3	shàng	shǎng/shàng	top
下	1	一	3	xià	xià	under
丌	1	一	3	jī	jī	table
不	1	一	4	bù	bù	no
与	1	一	3	yǔ	yǔ/yù	and
丏	1	一	4	miǎn	miǎn	parapet
丐	1	一	4	gài	gài	beggar
丑	1	一	4	chǒu	chǒu	clown
丒	1	一	4	chǒu	chǒu	the period from 1 to 3 a.m.
专	1	一	4	zhuān	zhuān	monopolize
且	1	一	5	qiě	qiě	moreover
丕	1	一	5	pī	pī	great
世	1	一	5	shì	shì	generation
丗	1	一	5	shì	shì	thirty
丘	1	一	5	qiū	qiū	hill
丙	1	一	5	bǐng	bǐng	third
业	1	一	5	yè	yè	profession
丛	1	一	5	cóng	cóng	bush
东	1	一	5	dōng	dōng	east
丝	1	一	5	sī	sī	silk
丞	1	一	6	chéng	chéng	assist
丟	1	一	6	diū	diū	discard
丠	1	一	6	qiū	qiū	hill
両	1	一	6	liǎng	liǎng	two
丢	1	一	6	diū	diū	discard
丣	1	一	7	yǒu	yǒu	(ancient form of 酉) tenth earthly branch
两	1	一	7	liǎng	liǎng	two
严	1	一	7	yán	yán	strict
並	1	一	8	bìng	bìng	equal to
丧	1	一	8	sàng	sāng/sàng	mourning
丨	2	丨	1	gǔn	gǔn	(same as 〡 HANGZHOU NUMERAL ONE) number one
丩	2	丨	2	jiū	jiū	to join or connect the vine
个	2	丨	3	gè	gě/gè	numerary adjunct
丫	2	丨	3	yā	yā	forked
丬	90	爿	3	qiáng	qiáng	half of tree trunk
中	2	丨	4	zhōng	zhōng/zhòng	central
丮	2	丨	4	jǐ	jǐ	catch
丯	2	丨	4	jiè	jiè	dense
丰	2	丨	4	fēng	fēng	abundant
丱	2	丨	5	guàn	guàn	child's hairstyle bound in two tufts
串	2	丨	7	chuàn	chuàn	string
丳	2	丨	8	chǎn	chǎn	spit
临	2	丨	9	lín	lín	draw near
丵	2	丨	10	zhuó	zhuó	thick (grass)
丶	3	丶	1	zhǔ	zhǔ	dot
丷	3	丶	2	bā	bā	“ears-out” component used in some Chinese characters (for example
丸	3	丶	3	wán	wán	small round object
丹	3	丶	4	dān	dān	cinnabar (native HgS)
为	3	丶	4	wèi	wéi/wèi	do
主	3	丶	5	zhǔ	zhǔ	master
丼	3	丶	5	jǐng	jǐng	bowl of food
丽	1	一	7	lì	lí/lì	beautiful
举	3	丶	9	jǔ	jǔ	raise
丿	4	丿	1	piě	piě	line
乀	4	丿	1	fú	fú	stretch
乁	4	丿	1	yí	yí	
乂	4	丿	2	yì	yì	govern
乃	4	丿	2	nǎi	nǎi	then
乄	4	丿	2	wǔ	wǔ	SHIME: to find a place to dwell
久	4	丿	3	jiǔ	jiǔ	long time (ago)
乆	4	丿	3	jiǔ	jiǔ	long time (ago)
乇	4	丿	3	tuō	tuō	to depend on
么	4	丿	3	me	me	interrogative particle
义	3	丶	3	yì	yì	right conduct
乊	4	丿	3	yī	yī	kwukyel
之	4	丿	3	zhī	zhī	marks preceding phrase as modifier of following phrase
乌	4	丿	4	wū	wū	crow
乍	4	丿	5	zhà	zhà	first time
乎	4	丿	5	hū	hū	interrogative or exclamatory final particle
乏	4	丿	4	fá	fá	lack
乐	4	丿	5	lè	lè/yuè	happy
乑	4	丿	6	yín	yín	stand side by side
乒	4	丿	6	pīng	pīng	(used with 乓) “ping” of “ping pong”
乓	4	丿	6	pāng	pāng	(used with 乒) “pong” of “ping pong”
乔	4	丿	6	qiáo	qiáo	tall
乕	4	丿	7	hǔ	hǔ	tiger
乖	4	丿	8	guāi	guāi	rebel
乗	4	丿	9	chéng	chéng	ride
乘	4	丿	10	chéng	chéng	ride
乙	5	乙	1	yǐ	yǐ	second
乚	5	乙	1	yǐn	yǐn	hidden
乛	5	乙	1	yǐ	yǐ	kwukyel
乜	5	乙	2	miē	miē/niè	to squint
九	5	乙	2	jiǔ	jiǔ	nine
乞	5	乙	3	qǐ	qǐ	beg
也	5	乙	3	yě	yě	also
习	5	乙	3	xí	xí	practice
乡	52	幺	3	xiāng	xiāng	country
乢	46	山	4	gài	gài	lid
乣	5	乙	4	jiǔ	jiǔ	
乤	5	乙	4	xià	xià	first character of Korean place name 'Halpho'
乥	5	乙	4	hù	hù	kwukyel
书	5	乙	4	shū	shū	book
乧	5	乙	5	dǒu	dǒu	
乨	5	乙	6	shǐ	shǐ	the beginning
乩	5	乙	6	jī	jī	to divine
乪	5	乙	6	náng	náng	(Cant.) a bend in a river
乫	5	乙	6	jiā	jiā	used in Korean place names
乬	5	乙	6	jù	jù	to hang
乭	5	乙	6	shí	shí	rock
乮	5	乙	6	mǎo	mǎo	
乯	5	乙	6	hū	hū	
买	5	乙	6	mǎi	mǎi	buy
乱	5	乙	7	luàn	luàn	confusion
乲	5	乙	7	zī	zī	
乳	5	乙	8	rǔ	rǔ	breast
乴	5	乙	8	xué	xué	
乵	5	乙	8	yǎn	yǎn	to enter
乶	5	乙	8	fǔ	fǔ	Korean place name Pholha
乷	5	乙	8	shā	shā	
乸	5	乙	8	nǎ	nǎ	(Cant.) feminine suffix
乹	5	乙	9	gān	gān	(Cant.) to clean
乺	5	乙	9	suǒ	suǒ	painting tool place name
乻	5	乙	9	yú	yú	
乼	5	乙	9	zhù	zhù	rope
乽	5	乙	10	zhě	zhě	
乾	5	乙	11	qián	qián	dry
乿	5	乙	11	zhì	zhì	to cure
亀	5	乙	11	guī	guī	turtle or tortoise
亁	5	乙	12	gān	gān	dry
亂	5	乙	13	luàn	luàn	confusion
亃	5	乙	13	lǐn	lǐn	name of a kind of animal
亄	5	乙	13	yì	yì	greedy
亅	6	亅	1	jué	jué	hook
了	6	亅	2	le	le/liǎo	to finish
亇	6	亅	3	gè	gè	kwukyel (old Korean hanja-based script) for “hammer”
予	6	亅	4	yǔ	yú/yǔ	I
争	6	亅	6	zhēng	zhēng	dispute
亊	6	亅	7	shì	shì	affair
事	6	亅	8	shì	shì	affair
二	7	二	2	èr	èr	two
亍	7	二	3	chù	chù	to take small steps
于	7	二	3	yú	yú	in
亏	7	二	3	kuī	kuī	lose
亐	1	一	3	yú	yú	
云	7	二	4	yún	yún	say
互	7	二	4	hù	hù	mutually
亓	7	二	4	qí	qí	(archaic form) his
五	7	二	4	wǔ	wǔ	five
井	7	二	4	jǐng	jǐng	well
亖	7	二	4	sì	sì	four
亗	7	二	5	suì	suì	harvest
亘	7	二	6	gèn	gèn	extend across
亙	7	二	6	gèn	gèn	extend across
亚	7	二	6	yà	yà	Asia
些	7	二	8	xiē	xiē	little
亜	7	二	7	yà	yà	Asia
亝	7	二	8	qí	qí	even
亞	7	二	8	yà	yà	Asia
亟	7	二	8	jí	jí/qì	urgently
亠	8	亠	2	tóu	tóu	head
亡	8	亠	3	wáng	wáng	death
亢	8	亠	4	kàng	kàng	high
亣	8	亠	4	dà	dà	
交	8	亠	6	jiāo	jiāo	mix
亥	8	亠	6	hài	hài	twelfth earthly branch
亦	8	亠	6	yì	yì	also
产	8	亠	6	chǎn	chǎn	give birth
亨	8	亠	7	hēng	hēng	smoothly
亩	8	亠	7	mǔ	mǔ	Chinese land measure
亪	8	亠	7	ye	ye	kwukyel
享	8	亠	8	xiǎng	xiǎng	enjoy
京	8	亠	8	jīng	jīng	capital city
亭	8	亠	9	tíng	tíng	pavilion
亮	8	亠	9	liàng	liàng	bright
亯	8	亠	9	xiǎng	xiǎng	to receive
亰	8	亠	9	jīng	jīng	capital city
亱	8	亠	9	yè	yè	night
亲	8	亠	9	qīn	qīn/qìng	relatives
亳	8	亠	10	bó	bó	name of district in Anhui
亴	8	亠	12	yòu	yòu	
亵	8	亠	12	xiè	xiè	slight
亶	8	亠	13	dǎn	dǎn	sincere
亷	8	亠	13	lián	lián	upright
亸	8	亠	16	duǒ	duǒ	read aloud
亹	8	亠	21	wěi	wěi	progress
人	9	人	2	rén	rén	man
亻	9	人	2	rén	rén	radical number 9
亼	9	人	3	jí	jí	to assemble. to gather together
亽	9	人	3	jí	jí	kwukyel
亾	9	人	3	wáng	wáng	death
亿	9	人	3	yì	yì	hundred million
什	9	人	4	shén	shén/shí	file of ten soldiers
仁	9	人	4	rén	rén	humaneness
仂	9	人	4	lè	lè	surplus or excess
仃	9	人	4	dīng	dīng	lonely
仄	9	人	4	zè	zè	slanting
仅	9	人	4	jǐn	jǐn	only
仆	9	人	4	pū	pū/pú	fall forward
仇	9	人	4	chóu	chóu/qiú	enemy
仈	9	人	4	bā	bā	
仉	9	人	4	zhǎng	zhǎng	surname of the mother of Mencius
今	9	人	4	jīn	jīn	now
介	9	人	4	jiè	jiè	forerunner
仌	9	人	4	bīng	bīng	
仍	9	人	4	réng	réng	yet
从	9	人	4	cóng	cóng	from
仏	9	人	4	fó	fó	Buddha
仐	9	人	4	sǎn	sǎn	(non-standard Japanese variant of 傘) umbrella
仑	9	人	4	lún	lún	logical reasons
仒	9	人	4	bīng	bīng	kwukyel
仓	9	人	4	cāng	cāng	granary
仔	9	人	5	zǐ	zǎi/zǐ	small thing
仕	9	人	5	shì	shì	official
他	9	人	5	tā	tā	other
仗	9	人	5	zhàng	zhàng	rely upon
付	9	人	5	fù	fù	give
仙	9	人	5	xiān	xiān	Taoist super-being
仚	9	人	5	xiān	xiān	to fly
仛	9	人	5	tuō	tuō	young girl
仜	9	人	5	hóng	hóng	
仝	9	人	5	tóng	tóng	together
仞	9	人	5	rèn	rèn	ancient unit of measure (8 feet)
仟	9	人	5	qiān	qiān	one thousand
仠	9	人	5	gǎn	gǎn	
仡	9	人	5	gē	gē	strong
仢	9	人	5	bó	bó	
代	9	人	5	dài	dài	replace
令	9	人	5	lìng	líng/lǐng/lìng	command
以	9	人	4	yǐ	yǐ	by means of
仦	9	人	5	chào	chào	
仧	9	人	5	cháng	cháng	
仨	9	人	5	sā	sā	(coll.) three (cannot be followed by a measure word)
仩	9	人	5	cháng	cháng	
仪	9	人	5	yí	yí	ceremony
仫	9	人	5	mù	mù	tribe
们	9	人	5	men	mén/men	adjunct pronoun indicate plural
仭	9	人	5	rèn	rèn	ancient unit of measure (8 feet)
仮	9	人	6	fǎn	fǎn	falsehood
仯	9	人	6	chào	chào	
仰	9	人	6	yǎng	yǎng	raise the head to look
仱	9	人	6	qián	qián	
仲	9	人	6	zhòng	zhòng	middle brother
仳	9	人	6	pǐ	pǐ	separate
仴	9	人	6	wò	wò	
仵	9	人	6	wǔ	wǔ	similar
件	9	人	6	jiàn	jiàn	numerary adjunct for article
价	9	人	6	jià	jià/jie	price
仸	9	人	6	yǎo	yǎo	bent
仹	9	人	6	fēng	fēng	
仺	9	人	5	cāng	cāng	
任	9	人	6	rèn	rén/rèn	trust to
仼	9	人	6	wáng	wáng	trust to
份	9	人	6	fèn	fèn	portion
仾	9	人	6	dī	dī	to hang or bow the head
仿	9	人	6	fǎng	fǎng	imitate
伀	9	人	6	zhōng	zhōng	excited
企	9	人	6	qǐ	qǐ	plan a project
伂	9	人	6	pèi	pèi	
伃	9	人	6	yú	yú	handsome
伄	9	人	6	diào	diào	
伅	9	人	6	dùn	dùn	
伆	9	人	6	wù	wù	
伇	9	人	6	yì	yì	
伈	9	人	6	xǐn	xǐn	nervous
伉	9	人	6	kàng	kàng	compare
伊	9	人	6	yī	yī	third person pronoun
伋	9	人	6	jí	jí	deceptive
伌	9	人	6	ài	ài	
伍	9	人	6	wǔ	wǔ	five
伎	9	人	6	jì	jì	talent
伏	9	人	6	fú	fú	crouch
伐	9	人	6	fá	fá	cut down
休	9	人	6	xiū	xiū	rest
伒	9	人	6	jìn	jìn	
伓	9	人	6	pī	pī	
伔	9	人	6	dǎn	dǎn	
伕	9	人	6	fū	fū	common laborer
伖	9	人	6	tǎng	tǎng	
众	9	人	6	zhòng	zhòng	multitude
优	9	人	6	yōu	yōu	superior
伙	9	人	6	huǒ	huǒ	companion
会	9	人	6	huì	huì/kuài	assemble
伛	9	人	6	yǔ	yǔ	humpback
伜	9	人	6	cuì	cuì	deputy
伝	9	人	6	yún	yún	summon
伞	9	人	6	sǎn	sǎn	umbrella
伟	9	人	6	wěi	wěi	great
传	9	人	6	chuán	chuán/zhuàn	summon
伡	9	人	6	chē	chē	rickshaw
伢	9	人	6	yá	yá	child
伣	9	人	6	qiàn	qiàn	like
伤	9	人	6	shāng	shāng	wound
伥	9	人	6	chāng	chāng	ghost of one devoured by tiger
伦	9	人	6	lún	lún	normal human relationships
伧	9	人	6	cāng	cāng	vulgar person
伨	9	人	6	xùn	xùn	
伩	9	人	6	xìn	xìn	trust
伪	9	人	6	wěi	wěi	false
伫	9	人	6	zhù	zhù	look towards
伬	9	人	6	chǐ	chǐ	
伭	9	人	7	xián	xián	dark
伮	9	人	7	nǔ	nǔ	to make a great effort
伯	9	人	7	bó	bǎi/bó	older brother
估	9	人	7	gū	gū/gù	merchant
伱	9	人	7	nǐ	nǐ	thou
伲	9	人	7	ní	ní	we (Shanghai dialect)
伳	9	人	7	xiè	xiè	
伴	9	人	7	bàn	bàn	companion
伵	9	人	7	xù	xù	
伶	9	人	7	líng	líng	lonely
伷	9	人	7	zhòu	zhòu	descendent
伸	9	人	7	shēn	shēn	extend
伹	9	人	7	qū	qū	dull
伺	9	人	7	cì	cì/sì	serve
伻	9	人	7	bēng	bēng	messenger
似	9	人	6	sì	shì/sì	resemble
伽	9	人	7	jiā	gā/jiā/qié	transcription of Sanskrit 'gha' in Buddhist texts ('samgha'
伾	9	人	7	pī	pī	mighty
伿	9	人	7	yì	yì	
佀	9	人	7	sì	sì	resemble
佁	9	人	7	yǐ	yǐ	
佂	9	人	7	zhēng	zhēng	
佃	9	人	7	diàn	diàn	tenant farmer
佄	9	人	7	hān	hān	
佅	9	人	7	mài	mài	
但	9	人	7	dàn	dàn	only
佇	9	人	7	zhù	zhù	wait
佈	9	人	7	bù	bù	spread
佉	9	人	7	qū	qū	surname
佊	9	人	7	bǐ	bǐ	
佋	9	人	7	zhāo	zhāo	continue
佌	9	人	8	cǐ	cǐ	small
位	9	人	7	wèi	wèi	throne
低	9	人	7	dī	dī	low
住	9	人	7	zhù	zhù	reside
佐	9	人	7	zuǒ	zuǒ	assist
佑	9	人	7	yòu	yòu	help
佒	9	人	7	yǎng	yǎng	
体	9	人	7	tǐ	tī/tǐ	body
佔	9	人	7	zhàn	zhàn	occupy by force
何	9	人	7	hé	hé	what
佖	9	人	7	bì	bì	
佗	9	人	7	tuó	tuó	other
佘	9	人	7	shé	shé	surname
余	9	人	7	yú	yú	I
佚	9	人	7	yì	yì	indulge in pleasures
佛	9	人	7	fú	fó/fú	Buddha
作	9	人	7	zuò	zuō/zuò	make
佝	9	人	7	gōu	gōu	rickets
佞	9	人	7	nìng	nìng	flattery
佟	9	人	7	tóng	tóng	a name
你	9	人	7	nǐ	nǐ	you
佡	9	人	7	xiān	xiān	make effort
佢	9	人	6	qú	qú	(Cant.) he
佣	9	人	7	yōng	yōng/yòng	commission fee
佤	9	人	6	wǎ	wǎ	the Va (Wa) nationality
佥	9	人	7	qiān	qiān	all
佦	9	人	7	yòu	yòu	
佧	9	人	7	kǎ	kǎ	old name for the Wǎ (佤) ethnic group of Yúnnán and Myanmar
佨	9	人	7	bāo	bāo	
佩	9	人	8	pèi	pèi	belt ornament
佪	9	人	8	huí	huí	hesitate
佫	9	人	8	hè	hè	
佬	9	人	8	lǎo	lǎo	(Cant.) man
佭	9	人	8	xiáng	xiáng	unsubmissive
佮	9	人	8	gé	gé	(Cant.) intensive particle
佯	9	人	8	yáng	yáng	pretend
佰	9	人	8	bǎi	bǎi	hundred
佱	9	人	8	fǎ	fǎ	
佲	9	人	8	mǐng	mǐng	
佳	9	人	8	jiā	jiā	good
佴	9	人	8	nài	nài	a second
併	9	人	8	bìng	bìng	combine
佶	9	人	8	jí	jí	strong
佷	9	人	8	hěn	hěn	to act contrary to
佸	9	人	8	huó	huó	meet
佹	9	人	8	guǐ	guǐ	depend upon
佺	9	人	8	quán	quán	fairy
佻	9	人	8	tiāo	tiāo	frivolous
佼	9	人	8	jiǎo	jiǎo	beautiful
佽	9	人	8	cì	cì	aid
佾	9	人	8	yì	yì	a row or file of dancers
使	9	人	8	shǐ	shǐ	cause
侀	9	人	8	xíng	xíng	form
侁	9	人	8	shēn	shēn	crowd
侂	9	人	8	tuō	tuō	to commission
侃	9	人	8	kǎn	kǎn	upright and strong
侄	9	人	8	zhí	zhí	nephew
侅	9	人	8	gāi	gāi	to give
來	9	人	8	lái	lái	come
侇	9	人	8	yí	yí	a class
侈	9	人	8	chǐ	chǐ	luxurious
侉	9	人	8	kuǎ	kuǎ	to speak with an accent
侊	9	人	8	guāng	guāng	big
例	9	人	8	lì	lì	precedent
侌	9	人	8	yīn	yīn	
侍	9	人	8	shì	shì	serve
侎	9	人	8	mǐ	mǐ	to soothe
侏	9	人	8	zhū	zhū	small
侐	9	人	8	xù	xù	quiet
侑	9	人	8	yòu	yòu	help
侒	9	人	8	ān	ān	
侓	9	人	8	lù	lù	
侔	9	人	8	móu	móu	equal
侕	9	人	8	ér	ér	
侖	9	人	8	lún	lún	logical reasons
侗	9	人	8	dòng	dòng	big
侘	9	人	8	chà	chà	disappointed
侙	9	人	8	chī	chī	
侚	9	人	8	xùn	xùn	fast
供	9	人	8	gōng	gōng/gòng	supply
侜	9	人	8	zhōu	zhōu	lies
依	9	人	8	yī	yī	rely on
侞	9	人	8	rú	rú	
侟	9	人	8	cún	cún	
侠	9	人	8	xiá	xiá	chivalrous person
価	9	人	8	sì	sì	price
侢	9	人	8	dài	dài	load
侣	9	人	8	lǚ	lǚ	companion
侤	9	人	8	ta	ta	
侥	9	人	8	jiǎo	jiǎo/yáo	be lucky
侦	9	人	8	zhēn	zhēn	spy
侧	9	人	8	cè	cè	side
侨	9	人	8	qiáo	qiáo	sojourn
侩	9	人	8	kuài	kuài	go-between
侪	9	人	8	chái	chái	a company
侫	9	人	8	nìng	nìng	flattery
侬	9	人	8	nóng	nóng	I
侭	9	人	8	jǐn	jǐn	complete
侮	9	人	9	wǔ	wǔ	insult
侯	9	人	9	hóu	hóu/hòu	marquis
侰	9	人	9	jiǒng	jiǒng	
侱	9	人	9	chěng	chěng	
侲	9	人	9	zhèn	zhèn	
侳	9	人	9	zuò	zuò	
侴	9	人	9	chǒu	chǒu	surname
侵	9	人	9	qīn	qīn	invade
侶	9	人	9	lǚ	lǚ	companion
侷	9	人	9	jú	jú	narrow
侸	9	人	9	shù	shù	
侹	9	人	8	tǐng	tǐng	straight
侺	9	人	9	shèn	shèn	
侻	9	人	9	tuì	tuì/tuō	to run away
侼	9	人	9	bó	bó	
侽	9	人	9	nán	nán	
侾	9	人	9	xiāo	xiāo	
便	9	人	9	biàn	biàn/pián	convenience
俀	9	人	9	tuǐ	tuǐ	
俁	9	人	9	yǔ	yǔ	big
係	9	人	9	xì	xì	bind
促	9	人	9	cù	cù	urge
俄	9	人	9	é	é	sudden(ly)
俅	9	人	9	qiú	qiú	ornamental cap
俆	9	人	9	xú	xú	
俇	9	人	9	guàng	guàng	
俈	9	人	9	kù	kù	to inform quickly
俉	9	人	9	wǔ	wǔ	
俊	9	人	9	jùn	jùn	talented
俋	9	人	9	yì	yì	
俌	9	人	9	fǔ	fǔ	
俍	9	人	9	liáng	liáng	
俎	9	人	9	zǔ	zǔ	chopping board or block
俏	9	人	9	qiào	qiào	like
俐	9	人	9	lì	lì	smooth
俑	9	人	9	yǒng	yǒng	wooden figure buried with dead
俒	9	人	9	hùn	hùn	
俓	9	人	9	jìng	jìng	straight
俔	9	人	9	qiàn	qiàn	like
俕	9	人	9	sàn	sàn	
俖	9	人	9	pěi	pěi	
俗	9	人	9	sú	sú	social customs
俘	9	人	9	fú	fú	prisoner of war
俙	9	人	9	xī	xī	to pretend
俚	9	人	9	lǐ	lǐ	rustic
俛	9	人	9	fǔ	fǔ/miǎn	make effort
俜	9	人	9	pīng	pīng	to trust to
保	9	人	9	bǎo	bǎo	protect
俞	9	人	9	yú	yú	surname
俟	9	人	9	qí	qí/sì	wait for
俠	9	人	9	xiá	xiá	chivalrous person
信	9	人	9	xìn	xìn	trust
俢	9	人	8	xiū	xiū	
俣	9	人	9	yǔ	yǔ	big
俤	9	人	9	dì	dì	(same as 面影 in Japanese)
俥	9	人	9	chē	chē	rickshaw
俦	9	人	9	chóu	chóu	companion
俧	9	人	9	zhì	zhì	
俨	9	人	9	yǎn	yǎn	grave
俩	9	人	9	liǎ	liǎ/liǎng	two
俪	9	人	9	lì	lì	spouse
俫	9	人	9	lái	lái	to induce to come
俬	9	人	9	sī	sī	(Cant.) 傢俬
俭	9	人	9	jiǎn	jiǎn	temperate
修	9	人	9	xiū	xiū	study
俯	9	人	10	fǔ	fǔ	bow down
俰	9	人	10	huò	huò	
俱	9	人	10	jù	jū/jù	all
俲	9	人	10	xiào	xiào	(same as 傚) imitate
俳	9	人	10	pái	pái	actor
俴	9	人	10	jiàn	jiàn	thin
俵	9	人	10	biào	biào	divide
俶	9	人	10	chù	chù	start
俷	9	人	10	fèi	fèi	
俸	9	人	10	fèng	fèng	wages
俹	9	人	10	yà	yà	
俺	9	人	10	ǎn	ǎn	personal pronoun
俻	9	人	10	bèi	bèi	to prepare
俼	9	人	10	yù	yù	
俽	9	人	10	xīn	xīn	
俾	9	人	10	bǐ	bǐ	so that
俿	9	人	10	hǔ	hǔ	
倀	9	人	10	chāng	chāng	bewildered
倁	9	人	10	zhī	zhī	
倂	9	人	10	bìng	bìng	combine
倃	9	人	10	jiù	jiù	damage
倄	9	人	10	yáo	yáo	
倅	9	人	10	cuì	cuì	deputy
倆	9	人	10	liǎ	liǎ/liǎng	clever
倇	9	人	10	wǎn	wǎn	
倈	9	人	10	lái	lái	to induce to come
倉	9	人	10	cāng	cāng	granary
倊	9	人	10	zòng	zòng	
個	9	人	10	gè	gě/gè	numerary adjunct
倌	9	人	10	guān	guān	assistant in wine shop
倍	9	人	10	bèi	bèi	times
倎	9	人	10	tiǎn	tiǎn	
倏	9	人	10	shū	shū	hastily
倐	9	人	11	shū	shū	hastily
們	9	人	10	mén	mén	adjunct pronoun indicate plural
倒	9	人	10	dào	dǎo/dào	fall over
倓	9	人	10	tán	tán	
倔	9	人	10	jué	jué/juè	stubborn
倕	9	人	10	chuí	chuí	
倖	9	人	10	xìng	xìng	lucky
倗	9	人	10	péng	péng	
倘	9	人	10	tǎng	tǎng	if
候	9	人	10	hòu	hòu	wait
倚	9	人	10	yǐ	yǐ	rely on
倛	9	人	10	qī	qī	
倜	9	人	10	tì	tì	raise high
倝	9	人	10	gàn	gàn	sunrise
倞	9	人	10	jìng	jìng	far
借	9	人	10	jiè	jiè	borrow
倠	9	人	10	suī	suī	
倡	9	人	10	chàng	chàng	guide
倢	9	人	10	jié	jié	beautiful
倣	9	人	10	fǎng	fǎng	imitate
値	9	人	10	zhí	zhí	price
倥	9	人	10	kǒng	kǒng	boorish
倦	9	人	10	juàn	juàn	be tired of
倧	9	人	10	zōng	zōng	
倨	9	人	10	jù	jù	arrogant
倩	9	人	10	qiàn	qiàn	beautiful
倪	9	人	10	ní	ní	feeble
倫	9	人	10	lún	lún	normal human relationships
倬	9	人	10	zhuō	zhuō	noticeable
倭	9	人	10	wō	wō	dwarf
倮	9	人	10	luǒ	luǒ	bare
倯	9	人	10	sōng	sōng	
倰	9	人	10	lèng	lèng	
倱	9	人	10	hùn	hùn	
倲	9	人	10	dōng	dōng	(simplified form) rude
倳	9	人	10	zì	zì	to stick in
倴	9	人	10	bèn	bèn	a place in Héběi
倵	9	人	10	wǔ	wǔ	
倶	9	人	10	jù	jù	all
倷	9	人	10	nǎi	nǎi	
倸	9	人	10	cǎi	cǎi	notice
倹	9	人	10	jiǎn	jiǎn	temperate
债	9	人	10	zhài	zhài	debt
倻	9	人	10	yē	yē	phonetic used in Korean place names
值	9	人	10	zhí	zhí	price
倽	9	人	10	shà	shà	what
倾	9	人	10	qīng	qīng	upset
倿	9	人	10	nìng	nìng	
偀	9	人	10	yīng	yīng	
偁	9	人	11	chēng	chēng	state
偂	9	人	11	qián	qián	
偃	9	人	11	yǎn	yǎn	cease
偄	9	人	11	ruǎn	ruǎn	weak
偅	9	人	11	zhòng	zhòng	
偆	9	人	11	chǔn	chǔn	
假	9	人	11	jiǎ	jiǎ/jià	falsehood
偈	9	人	11	jì	jì	brave
偉	9	人	11	wěi	wěi	great
偊	9	人	11	yǔ	yǔ	to walk alone
偋	9	人	11	bìng	bìng	
偌	9	人	10	ruò	ruò	thus
偍	9	人	11	tí	tí	
偎	9	人	11	wēi	wēi	cling to
偏	9	人	11	piān	piān	inclined one side
偐	9	人	11	yàn	yàn	false
偑	9	人	11	fēng	fēng	(simplified form of 偑) name of a place
偒	9	人	11	tǎng	tǎng	pond
偓	9	人	11	wò	wò	to fuss
偔	9	人	11	è	è	
偕	9	人	11	xié	xié	together
偖	9	人	10	chě	chě	rip up
偗	9	人	11	shěng	shěng	
偘	9	人	11	kǎn	kǎn	ancient family name
偙	9	人	11	dì	dì	
做	9	人	11	zuò	zuò	work
偛	9	人	11	chā	chā	
停	9	人	11	tíng	tíng	stop
偝	9	人	11	bèi	bèi	not facing
偞	9	人	11	xiè	xiè	
偟	9	人	11	huáng	huáng	agitated
偠	9	人	11	yǎo	yǎo	
偡	9	人	11	zhàn	zhàn	
偢	9	人	11	chǒu	chǒu/qiào	to stare at
偣	9	人	11	yān	yān	
偤	9	人	11	yóu	yóu	
健	9	人	10	jiàn	jiàn	strong
偦	9	人	11	xǔ	xǔ	
偧	9	人	11	zhā	zhā	
偨	9	人	12	cī	cī	uneven
偩	9	人	11	fù	fù	follow
偪	9	人	11	bī	bī	compel
偫	9	人	11	zhì	zhì	wait for
偬	9	人	11	zǒng	zǒng	urgent
偭	9	人	11	miǎn	miǎn	transgress
偮	9	人	11	jí	jí	
偯	9	人	11	yǐ	yǐ	sob
偰	9	人	11	xiè	xiè	an ancestor of the Shāng emperors
偱	9	人	11	xún	xún	
偲	9	人	11	cāi	cāi	talented
偳	9	人	11	duān	duān	
側	9	人	11	cè	cè	side
偵	9	人	11	zhēn	zhēn	spy
偶	9	人	11	ǒu	ǒu	accidentally
偷	9	人	11	tōu	tōu	to steal
偸	9	人	11	tōu	tōu	to steal
偹	9	人	11	bèi	bèi	prepare
偺	9	人	11	zá	zá/zán/zan	(same as 咱) we
偻	9	人	11	lóu	lóu/lǚ	humpback
偼	9	人	11	jié	jié	
偽	9	人	11	wěi	wěi	false
偾	9	人	11	fèn	fèn	ruin
偿	9	人	11	cháng	cháng	repay
傀	9	人	11	kuǐ	kuǐ	great
傁	9	人	11	sǒu	sǒu	old man
傂	9	人	12	zhì	zhì	
傃	9	人	12	sù	sù	
傄	9	人	12	xiā	xiā	
傅	9	人	12	fù	fù	tutor
傆	9	人	12	yuàn	yuàn	
傇	9	人	11	rǒng	rǒng	
傈	9	人	12	lì	lì	tribe
傉	9	人	12	nù	nù	
傊	9	人	12	yùn	yùn	
傋	9	人	12	jiǎng	jiǎng	
傌	9	人	12	mà	mà	to curse
傍	9	人	12	bàng	bàng	by side of
傎	9	人	12	diān	diān	topple
傏	9	人	12	táng	táng	to ward off
傐	9	人	12	hào	hào	
傑	9	人	12	jié	jié	hero
傒	9	人	12	xī	xī	personal name
傓	9	人	12	shàn	shàn	
傔	9	人	12	qiàn	qiàn	servant
傕	9	人	12	jué	jué	used in old names
傖	9	人	12	cāng	cāng/chen	vulgar person
傗	9	人	12	chù	chù	
傘	9	人	12	sǎn	sǎn	umbrella
備	9	人	12	bèi	bèi	prepare
傚	9	人	12	xiào	xiào	imitate
傛	9	人	12	yǒng	yǒng	
傜	9	人	12	yáo	yáo	a minority tribe
傝	9	人	12	tàn	tàn	
傞	9	人	11	suō	suō	unsteady
傟	9	人	12	yǎng	yǎng	
傠	9	人	12	fá	fá	
傡	9	人	12	bìng	bìng	
傢	9	人	12	jiā	jiā	stubborn
傣	9	人	12	dǎi	dǎi	the Dai minority living in South China
傤	9	人	12	zài	zài	
傥	9	人	12	tǎng	tǎng	if
傦	9	人	11	gǔ	gǔ	
傧	9	人	12	bīn	bīn	entertain guests
储	9	人	12	chǔ	chǔ	save money
傩	9	人	12	nuó	nuó	rich
傪	9	人	13	cān	cān	
傫	9	人	13	lěi	lěi	tired
催	9	人	13	cuī	cuī	press
傭	9	人	13	yōng	yōng	hire
傮	9	人	13	zāo	zāo	finish
傯	9	人	13	zǒng	zǒng	urgent
傰	9	人	13	bēng	bēng	
傱	9	人	13	sǒng	sǒng	
傲	9	人	12	ào	ào	proud
傳	9	人	13	chuán	chuán/zhuàn	summon
傴	9	人	13	yǔ	yǔ	humpback
債	9	人	13	zhài	zhài	debt
傶	9	人	13	zú	zú	
傷	9	人	13	shāng	shāng	wound
傸	9	人	13	chuǎng	chuǎng	
傹	9	人	13	jìng	jìng	
傺	9	人	13	chì	chì	to hinder
傻	9	人	13	shǎ	shǎ	foolish
傼	9	人	13	hàn	hàn	surname
傽	9	人	13	zhāng	zhāng	terror-stricken
傾	9	人	13	qīng	qīng	upset
傿	9	人	13	yàn	yàn	
僀	9	人	13	dì	dì	
僁	9	人	13	xiè	xiè	
僂	9	人	13	lóu	lóu/lǚ	humpback
僃	9	人	12	bèi	bèi	prepared
僄	9	人	13	piào	piào	light
僅	9	人	13	jǐn	jǐn/jìn	only
僆	9	人	12	liàn	liàn	
僇	9	人	13	lù	lù	humiliate
僈	9	人	13	mán	mán	negligent
僉	9	人	13	qiān	qiān	all
僊	9	人	14	xiān	xiān	Taoist super-being
僋	9	人	13	tàn	tàn	
僌	9	人	13	yíng	yíng	
働	9	人	13	dòng	dòng	labor
僎	9	人	14	zhuàn	zhuàn	collect
像	9	人	13	xiàng	xiàng	a picture
僐	9	人	14	shàn	shàn	
僑	9	人	14	qiáo	qiáo	sojourn
僒	9	人	14	jiǒng	jiǒng	
僓	9	人	14	tuǐ	tuǐ	
僔	9	人	14	zǔn	zǔn	
僕	9	人	14	pú	pú	slave
僖	9	人	14	xī	xī	joy
僗	9	人	14	láo	láo	
僘	9	人	14	chǎng	chǎng	
僙	9	人	13	guāng	guāng	
僚	9	人	14	liáo	liáo	companion
僛	9	人	14	qī	qī	tipsy reel
僜	9	人	14	chēng	chēng	Dèng ethnic group of Tibet
僝	9	人	14	chán	chán	to revile
僞	9	人	14	wěi	wěi	false
僟	9	人	14	jī	jī	
僠	9	人	14	bō	bō	
僡	9	人	14	huì	huì	favor
僢	9	人	14	chuǎn	chuǎn	
僣	9	人	14	tiě	tiě	assume
僤	9	人	14	dàn	dàn	sincere
僥	9	人	14	jiǎo	jiǎo/yáo	be lucky
僦	9	人	14	jiù	jiù	to heir
僧	9	人	14	sēng	sēng	Buddhist priest
僨	9	人	14	fèn	fèn	ruin
僩	9	人	14	xiàn	xiàn	courageous
僪	9	人	14	jú	jú	
僫	9	人	14	è	è	
僬	9	人	14	jiāo	jiāo	clever
僭	9	人	14	jiàn	jiàn	assume
僮	9	人	14	tóng	tóng	page
僯	9	人	14	lìn	lìn	ashamed
僰	9	人	14	bó	bó	ancient aboriginal tribe
僱	9	人	14	gù	gù	employ
僲	9	人	14	xiān	xiān	
僳	9	人	14	sù	sù	minority name
僴	9	人	14	xiàn	xiàn	
僵	9	人	15	jiāng	jiāng	stiff and motionless
僶	9	人	15	mǐn	mǐn	forcefully
僷	9	人	14	yè	yè	
僸	9	人	15	jìn	jìn	
價	9	人	15	jià	jià/jie	price
僺	9	人	15	qiào	qiào	
僻	9	人	15	pì	pì	out-of-the-way
僼	9	人	15	fēng	fēng	
僽	9	人	15	zhòu	zhòu	haggard
僾	9	人	15	ài	ài	like
僿	9	人	15	sài	sài	small
儀	9	人	15	yí	yí	ceremony
儁	9	人	14	jùn	jùn	outstanding
儂	9	人	15	nóng	nóng	I
儃	9	人	15	chán	chán	manner
億	9	人	15	yì	yì	hundred million
儅	9	人	15	dàng	dàng	stop
儆	9	人	14	jǐng	jǐng	warn
儇	9	人	15	xuān	xuān	clever
儈	9	人	15	kuài	kuài	go-between
儉	9	人	15	jiǎn	jiǎn	temperate
儊	9	人	15	chù	chù	rough and rugged
儋	9	人	15	dān	dān	a small jar
儌	9	人	15	jiǎo	jiǎo	lucky
儍	9	人	15	shǎ	shǎ	foolish
儎	9	人	15	zài	zài	carry
儏	9	人	15	càn	càn	
儐	9	人	16	bīn	bīn	entertain guests
儑	9	人	16	án	án	
儒	9	人	16	rú	rú	Confucian scholar
儓	9	人	16	tái	tái	servant
儔	9	人	16	chóu	chóu	companion
儕	9	人	16	chái	chái	a company
儖	9	人	16	lán	lán	
儗	9	人	16	nǐ	nǐ	compare with
儘	9	人	16	jǐn	jǐn	utmost
儙	9	人	15	qiàn	qiàn	
儚	9	人	15	méng	méng	(same as 果敢 in Japanese)
儛	9	人	16	wǔ	wǔ	to skip about
儜	9	人	16	níng	níng	weak
儝	9	人	16	qióng	qióng	
儞	9	人	16	nǐ	nǐ	
償	9	人	17	cháng	cháng	repay
儠	9	人	17	liè	liè	
儡	9	人	17	lěi	lěi	puppet
儢	9	人	17	lǚ	lǚ	
儣	9	人	16	kuǎng	kuǎng	
儤	9	人	17	bào	bào	on duty
儥	9	人	17	yù	yù	
儦	9	人	17	biāo	biāo	milling
儧	9	人	17	zǎn	zǎn	
儨	9	人	17	zhì	zhì	
儩	9	人	17	sì	sì	complete
優	9	人	17	yōu	yōu	superior
儫	9	人	16	háo	háo	
儬	9	人	17	qìng	qìng	
儭	9	人	18	chèn	chèn	to assist
儮	9	人	18	lì	lì	
儯	9	人	18	téng	téng	
儰	9	人	17	wěi	wěi	
儱	9	人	18	lǒng	lǒng	rude
儲	9	人	17	chǔ	chǔ	to save money
儳	9	人	19	chán	chán	obstinate
儴	9	人	19	ráng	ráng	
儵	9	人	18	shū	shū	hastily
儶	9	人	20	huì	huì	valiant
儷	9	人	21	lì	lì	spouse
儸	9	人	21	luó	luó	bandit
儹	9	人	21	zǎn	zǎn	to accumulate
儺	9	人	21	nuó	nuó	rich
儻	9	人	22	tǎng	tǎng	if
儼	9	人	21	yǎn	yǎn	grave
儽	9	人	23	léi	léi	lazy
儾	9	人	24	nàng	nàng	slow
儿	10	儿	2	ér	ér	son
兀	10	儿	3	wù	wù	to cut off the feet
允	10	儿	4	yǔn	yǔn	to grant
兂	10	儿	4	zān	zān	hairpin
元	10	儿	4	yuán	yuán	first
兄	10	儿	5	xiōng	xiōng	elder brother
充	10	儿	6	chōng	chōng	fill
兆	10	儿	6	zhào	zhào	omen
兇	10	儿	6	xiōng	xiōng	atrocious
先	10	儿	6	xiān	xiān	first
光	10	儿	6	guāng	guāng	light
兊	10	儿	6	duì	duì	
克	10	儿	7	kè	kè	gram
兌	10	儿	7	duì	duì	cash
免	10	儿	7	miǎn	miǎn	spare
兎	10	儿	7	tù	tù	rabbit
兏	10	儿	7	cháng	cháng	
児	10	儿	7	ér	ér	son
兑	10	儿	7	duì	duì	cash
兒	10	儿	8	ér	ér/ní	son
兓	10	儿	8	jīn	jīn	
兔	10	儿	8	tù	tù	rabbit
兕	10	儿	7	sì	sì	a female rhinoceros
兖	10	儿	8	yǎn	yǎn	establish
兗	10	儿	9	yǎn	yǎn	establish
兘	10	儿	9	shǐ	shǐ	
党	10	儿	10	dǎng	dǎng	political party
兛	10	儿	10	qiān	qiān	kilogram
兜	10	儿	11	dōu	dōu	pouch
兝	10	儿	11	fēn	fēn	decigram
兞	10	儿	11	máo	máo	milligram
兟	10	儿	12	shēn	shēn	to advance
兠	10	儿	12	dōu	dōu	
兢	10	儿	14	jīng	jīng	fearful
兣	10	儿	16	lǐ	lǐ	decigram
兤	10	儿	20	huǎng	huǎng	
入	11	入	2	rù	rù	enter
兦	11	入	3	wáng	wáng	destruction
內	11	入	4	nèi	nèi	inside
全	11	入	6	quán	quán	maintain
兩	11	入	8	liǎng	liǎng	two
兪	11	入	9	yú	yú	surname
八	12	八	2	bā	bā	eight
公	12	八	4	gōng	gōng	fair
六	12	八	4	liù	liù	number six
兮	12	八	4	xī	xī	exclamatory particle
兯	12	八	4	han	han	kwukyel
兰	12	八	5	lán	lán	orchid
共	12	八	6	gòng	gòng	together with
兲	12	八	6	tiān	tiān	heaven
关	12	八	6	guān	guān	frontier pass
兴	12	八	6	xìng	xīng/xìng	thrive
兵	12	八	7	bīng	bīng	soldier
其	12	八	8	qí	qí	his
具	12	八	8	jù	jù	tool
典	12	八	8	diǎn	diǎn	law
兹	12	八	9	zī	cí/zī	now
兺	12	八	10	fēn	fēn	
养	12	八	9	yǎng	yǎng	raise
兼	12	八	10	jiān	jiān	unite
兽	12	八	11	shòu	shòu	beast
兾	12	八	13	jì	jì	(same as 冀) to hope for
兿	12	八	13	yì	yì	
冀	12	八	16	jì	jì	hope for
冁	12	八	18	chǎn	chǎn	smile
冂	13	冂	2	jiōng	jiōng	wide
冃	13	冂	4	mào	mào	
冄	13	冂	4	rǎn	rǎn	tender
内	13	冂	4	nèi	nèi	inside
円	13	冂	4	yuán	yuán	yen
冇	13	冂	4	mǎo	mǎo	(Cant.) have not
冈	13	冂	4	gāng	gāng	ridge or crest of hill
冉	13	冂	5	rǎn	rǎn	tender
冊	13	冂	5	cè	cè	book
冋	13	冂	5	jiōng	jiōng	a desert
册	13	冂	5	cè	cè	book
再	13	冂	6	zài	zài	again
冎	13	冂	5	guǎ	guǎ	
冏	13	冂	7	jiǒng	jiǒng	(archaic form of 炯) light
冐	13	冂	8	mào	mào	risk
冑	13	冂	9	zhòu	zhòu	helmet
冒	13	冂	9	mào	mào	risk
冓	13	冂	10	gòu	gòu	a secluded place
冔	13	冂	10	xǔ	xǔ	cap worn during the Yin dynasty
冕	13	冂	11	miǎn	miǎn	crown
冖	14	冖	2	mì	mì	cover
冗	14	冖	4	rǒng	rǒng	excessive
冘	14	冖	4	yín	yín	to move on
写	14	冖	5	xiě	xiě	write
冚	14	冖	5	kǎn	kǎn	(Cant.) cover
军	14	冖	6	jūn	jūn	army
农	14	冖	6	nóng	nóng	agriculture
冝	14	冖	7	yí	yí	suitable
冞	14	冖	8	mí	mí	far
冟	14	冖	9	shì	shì	
冠	14	冖	9	guān	guān/guàn	cap
冡	14	冖	10	méng	méng	
冢	14	冖	10	zhǒng	zhǒng	burial mound
冣	14	冖	10	jù	jù	(ancient form of 聚) assemble
冤	14	冖	10	yuān	yuān	grievance
冥	14	冖	10	míng	míng	dark
冦	14	冖	10	kòu	kòu	bandits
冧	14	冖	10	lín	lín	(Cant.) a bud
冨	14	冖	11	fù	fù	abundant
冩	14	冖	14	xiě	xiě	write
冪	14	冖	15	mì	mì	cover-cloth
冫	15	冫	2	bīng	bīng	ice
冬	15	冫	5	dōng	dōng	winter
冭	15	冫	5	tài	tài	
冮	15	冫	5	gāng	gāng	
冯	15	冫	5	féng	féng	surname
冰	15	冫	6	bīng	bīng	ice
冱	15	冫	6	hù	hù	freezing
冲	15	冫	6	chōng	chōng/chòng	soar
决	15	冫	6	jué	jué	decide
冴	15	冫	6	hù	hù	freezing
况	15	冫	7	kuàng	kuàng	condition
冶	15	冫	7	yě	yě	smelt
冷	15	冫	7	lěng	lěng	cold
冸	15	冫	7	pàn	pàn	
冹	15	冫	7	fú	fú	
冺	15	冫	7	mǐn	mǐn	
冻	15	冫	7	dòng	dòng	freeze
冼	15	冫	8	xiǎn	xiǎn	a surname
冽	15	冫	8	liè	liè	cold and raw
冾	15	冫	8	qià	qià	
冿	15	冫	8	jiān	jiān	
净	15	冫	8	jìng	jìng	clean
凁	15	冫	9	sōu	sōu	
凂	15	冫	9	měi	měi	to request
凃	15	冫	9	tú	tú	mud
凄	15	冫	10	qī	qī	bitter cold
凅	15	冫	10	gù	gù	dried up
准	15	冫	10	zhǔn	zhǔn	approve
凇	15	冫	10	sōng	sōng	dewdrop
凈	15	冫	10	jìng	jìng	clean
凉	15	冫	10	liáng	liáng/liàng	cool
凊	15	冫	10	qìng	qìng	surname
凋	15	冫	10	diāo	diāo	be withered
凌	15	冫	10	líng	líng	pure
凍	15	冫	10	dòng	dòng	freeze
凎	15	冫	10	gàn	gàn	
减	15	冫	11	jiǎn	jiǎn	decrease
凐	15	冫	11	yīn	yīn	
凑	15	冫	11	còu	còu	piece together
凒	15	冫	12	ái	ái	
凓	15	冫	12	lì	lì	shiver
凔	15	冫	12	chuàng	chuàng	cold
凕	15	冫	12	mǐng	mǐng	
凖	15	冫	12	zhǔn	zhǔn	rule
凗	15	冫	13	cuī	cuī	
凘	15	冫	14	sī	sī	ice floating in freshly-melted water
凙	15	冫	15	duó	duó	an icicle
凚	15	冫	15	jìn	jìn	cold
凛	15	冫	15	lǐn	lǐn	to shiver with cold or fear
凜	15	冫	15	lǐn	lǐn	shiver with cold or fear
凝	15	冫	16	níng	níng	coagulate
凞	15	冫	16	xī	xī	bright
凟	15	冫	17	dú	dú	to be rude to
几	16	几	2	jǐ	jī/jǐ	small table
凡	16	几	3	fán	fán	all
凢	16	几	3	fán	fán	all
凣	16	几	3	fán	fán	all
凤	16	几	4	fèng	fèng	male phoenix
凥	16	几	5	jū	jū	to dwell
処	16	几	5	chǔ	chǔ/chù	place
凧	16	几	5	zhēng	zhēng	kite
凨	16	几	6	fēng	fēng	wind
凩	16	几	6	mù	mù	wintry wind
凪	16	几	6	zhǐ	zhǐ	calm
凫	16	几	6	fú	fú	wild duck
凬	16	几	7	fēng	fēng	
凭	16	几	8	píng	píng	lean on
凮	16	几	8	fēng	fēng	wind
凯	16	几	8	kǎi	kǎi	triumphant
凰	16	几	11	huáng	huáng	female phoenix
凱	16	几	12	kǎi	kǎi	triumphant
凲	16	几	12	gān	gān	
凳	16	几	14	dèng	dèng	bench
凴	16	几	14	píng	píng	to rely on
凵	17	凵	2	qiǎn	qiǎn	receptacle
凶	17	凵	4	xiōng	xiōng	culprit
凷	17	凵	5	kuài	kuài	dirt clod
凸	17	凵	5	tū	tū	protrude
凹	17	凵	5	āo	āo	concave
出	17	凵	5	chū	chū	go out
击	17	凵	5	jī	jī	strike
凼	17	凵	6	dàng	dàng	ditch
函	17	凵	8	hán	hán	correspondence
凾	17	凵	9	hán	hán	correspondence
凿	17	凵	12	záo	záo	chisel
刀	18	刀	2	dāo	dāo	knife
刁	18	刀	2	diāo	diāo	tricky
刂	18	刀	2	dāo	dāo	knife
刃	18	刀	3	rèn	rèn	edged tool
刄	18	刀	3	rèn	rèn	edged tool
刅	18	刀	4	chuāng	chuāng	to create
分	18	刀	4	fēn	fēn/fèn	divide
切	18	刀	4	qiè	qiē/qiè	cut
刈	18	刀	4	yì	yì	cut off
刉	18	刀	5	jī	jī	
刊	18	刀	5	kān	kān	publication
刋	18	刀	5	qiàn	qiàn	publication
刌	18	刀	5	cǔn	cǔn	cut up small
刍	18	刀	5	chú	chú	mow
刎	18	刀	6	wěn	wěn	behead
刏	18	刀	6	jī	jī	
刐	18	刀	6	dǎn	dǎn	
刑	18	刀	6	xíng	xíng	punishment
划	18	刀	6	huà	huá/huà	to row or paddle boat
刓	18	刀	6	wán	wán	trim
刔	18	刀	6	jué	jué	scoop out
刕	18	刀	6	lí	lí	
刖	18	刀	6	yuè	yuè	cutting off feet as form of punishment
列	18	刀	6	liè	liè	a line
刘	18	刀	6	liú	liú	surname
则	18	刀	6	zé	zé	rule
刚	18	刀	6	gāng	gāng	hard
创	18	刀	6	chuàng	chuāng/chuàng	establish
刜	18	刀	7	fú	fú	chop
初	18	刀	7	chū	chū	beginning
刞	18	刀	7	qù	qù	
刟	18	刀	7	diāo	diāo	
删	18	刀	7	shān	shān	to cut
刡	18	刀	7	mǐn	mǐn	to scrape
刢	18	刀	7	líng	líng	
刣	18	刀	7	zhōng	zhōng	
判	18	刀	7	pàn	pàn	judge
別	18	刀	7	bié	bié	separate
刦	18	刀	7	jié	jié	take by force
刧	18	刀	7	jié	jié	disaster
刨	18	刀	7	páo	bào/páo	carpenter's plane
利	18	刀	7	lì	lì	gains
刪	18	刀	7	shān	shān	to cut
别	18	刀	7	bié	bié/biè	separate
刬	18	刀	7	chàn	chàn	to level off
刭	18	刀	7	jǐng	jǐng	cut throat
刮	18	刀	8	guā	guā	shave
刯	18	刀	8	gēng	gēng	
到	18	刀	8	dào	dào	go to
刱	18	刀	8	chuàng	chuàng	establish
刲	18	刀	8	kuī	kuī	cut
刳	18	刀	8	kū	kū	cut out
刴	18	刀	8	duò	duò	chop by pounding
刵	18	刀	8	èr	èr	punishment by cutting off ears
制	18	刀	8	zhì	zhì	system
刷	18	刀	8	shuā	shuā/shuà	brush
券	18	刀	8	quàn	quàn/xuàn	certificate
刹	18	刀	8	shā	chà/shā	temple
刺	18	刀	8	cì	cī/cì	stab
刻	18	刀	8	kè	kè	carve
刼	18	刀	8	jié	jié	to plunder
刽	18	刀	8	guì	guì	amputate
刾	18	刀	8	cì	cì	stab
刿	18	刀	8	guì	guì	to cut
剀	18	刀	8	kǎi	kǎi	sharpen
剁	18	刀	8	duò	duò	chop by pounding
剂	18	刀	8	jì	jì	medicinal preparation
剃	18	刀	9	tì	tì	shave
剄	18	刀	9	jǐng	jǐng	cut throat
剅	18	刀	9	lóu	lóu	mouth of a stream
剆	18	刀	8	luǒ	luǒ	
則	18	刀	9	zé	zé	rule
剈	18	刀	9	yuān	yuān	
剉	18	刀	9	cuò	cuò	cut
削	18	刀	9	xuē	xiāo/xuē	scrape off
剋	18	刀	9	kēi	kēi	subdue
剌	18	刀	9	là	là	slash
前	18	刀	9	qián	qián	in front
剎	18	刀	9	shā	shā	temple
剏	18	刀	9	chuàng	chuàng	establish
剐	18	刀	9	guǎ	guǎ	cut
剑	18	刀	9	jiàn	jiàn	sword
剒	18	刀	10	cuò	cuò	(Cant.) to jerk
剓	18	刀	10	lí	lí	
剔	18	刀	10	tī	tī	pick out
剕	18	刀	10	fèi	fèi	to cut off the feet (one of the five punishments in ancient times)
剖	18	刀	10	pōu	pōu	split in two
剗	18	刀	10	chǎn	chǎn/chàn	to level off
剘	18	刀	10	qí	qí	
剙	18	刀	10	chuàng	chuàng	establish
剚	18	刀	10	zì	zì	stab
剛	18	刀	10	gāng	gāng	hard
剜	18	刀	10	wān	wān	cut
剝	18	刀	10	bō	bō	peel
剞	18	刀	10	jī	jī	carving or engraving knife
剟	18	刀	10	duō	duō	to prick
剠	18	刀	10	qíng	qíng	brand
剡	18	刀	10	shàn	shàn	sharp
剢	18	刀	10	dū	dū	
剣	18	刀	10	jiàn	jiàn	sword
剤	18	刀	10	jì	jì	medicinal preparation
剥	18	刀	10	bō	bāo/bō	peel
剦	18	刀	10	yān	yān	to castrate
剧	18	刀	10	jù	jù	theatrical plays
剨	18	刀	11	huō	huō	sound of something being smashed
剩	18	刀	12	shèng	shèng	leftovers
剪	18	刀	11	jiǎn	jiǎn	scissors
剫	18	刀	11	duó	duó	
剬	18	刀	11	duān	duān	
剭	18	刀	11	wū	wū	
剮	18	刀	10	guǎ	guǎ	cut
副	18	刀	11	fù	fù	assist
剰	18	刀	11	shèng	shèng	leftovers
剱	18	刀	11	jiàn	jiàn	sword
割	18	刀	12	gē	gē	cut
剳	18	刀	11	dá	dá	brief note
剴	18	刀	12	kǎi	kǎi	sharpen
創	18	刀	12	chuàng	chuāng/chuàng	establish
剶	18	刀	11	chuān	chuān	
剷	18	刀	13	chǎn	chǎn	to level off
剸	18	刀	13	tuán	tuán	cut
剹	18	刀	13	lù	lù	
剺	18	刀	13	lí	lí	mark
剻	18	刀	13	pěng	pěng	
剼	18	刀	13	shān	shān	
剽	18	刀	13	piāo	piāo	rob
剾	18	刀	13	kōu	kōu	to pick up with knife
剿	18	刀	13	jiǎo	jiǎo	destroy
劀	18	刀	14	guā	guā	
劁	18	刀	14	qiāo	qiāo	geld
劂	18	刀	14	jué	jué	chisel for engraving
劃	18	刀	14	huà	huá/huà/huai	divide
劄	18	刀	14	zhá	zhá	brief note
劅	18	刀	15	zhuó	zhuó	
劆	18	刀	15	lián	lián	sickle
劇	18	刀	15	jù	jù	theatrical plays
劈	18	刀	15	pī	pī/pǐ	cut apart
劉	18	刀	15	liú	liú	surname
劊	18	刀	15	guì	guì	amputate
劋	18	刀	15	jiǎo	jiǎo	
劌	18	刀	15	guì	guì	to cut
劍	18	刀	15	jiàn	jiàn	sword
劎	18	刀	15	jiàn	jiàn	sword
劏	18	刀	15	tāng	tāng	to butcher
劐	18	刀	15	huō	huō	destroy
劑	18	刀	16	jì	jì	medicinal preparation
劒	18	刀	16	jiàn	jiàn	sword
劓	18	刀	16	yì	yì	cut off nose
劔	18	刀	16	jiàn	jiàn	sword
劕	18	刀	17	zhì	zhì	
劖	18	刀	19	chán	chán	make into mince
劗	18	刀	21	jiǎn	jiǎn	to cut
劘	18	刀	21	mó	mó	make into mince
劙	18	刀	23	lí	lí	a divide
劚	18	刀	23	zhǔ	zhǔ	cut
力	19	力	2	lì	lì	power
劜	19	力	3	yà	yà	
劝	19	力	4	quàn	quàn	recommend
办	19	力	4	bàn	bàn	manage
功	19	力	5	gōng	gōng	achievement
加	19	力	5	jiā	jiā	add to
务	19	力	5	wù	wù	affairs
劢	19	力	5	mài	mài	put forth effort
劣	19	力	6	liè	liè	bad
劤	19	力	6	jìn	jìn	strong
劥	19	力	6	kēng	kēng	
劦	19	力	6	xié	xié	(variant of 協) cooperate
劧	19	力	6	zhǐ	zhǐ	
动	19	力	6	dòng	dòng	move
助	19	力	7	zhù	zhù	help
努	19	力	7	nǔ	nǔ	to exert
劫	19	力	7	jié	jié	take by force
劬	19	力	7	qú	qú	be diligent
劭	19	力	7	shào	shào	encourage
劮	19	力	7	yì	yì	
劯	19	力	7	zhū	zhū	
劰	19	力	7	mò	mò	
励	19	力	7	lì	lì	strive
劲	19	力	7	jìn	jìn/jìng	strong
劳	19	力	7	láo	láo	labor
労	19	力	7	láo	láo	labor
劵	19	力	8	juàn	juàn	certificate
劶	19	力	8	kǒu	kǒu	
劷	19	力	8	yáng	yáng	
劸	19	力	8	wā	wā	
効	19	力	8	xiào	xiào	efficacious
劺	19	力	8	móu	móu	
劻	19	力	8	kuāng	kuāng	flurried
劼	19	力	8	jié	jié	be discreet
劽	19	力	8	liè	liè	
劾	19	力	8	hé	hé	examine into
势	19	力	8	shì	shì	power
勀	19	力	9	kè	kè	
勁	19	力	9	jìn	jìn/jìng	strong
勂	19	力	9	gào	gào	
勃	19	力	9	bó	bó	suddenly
勄	19	力	9	mǐn	mǐn	active
勅	19	力	9	chì	chì	imperial decree
勆	19	力	8	láng	láng	
勇	19	力	9	yǒng	yǒng	brave
勈	19	力	9	yǒng	yǒng	
勉	19	力	9	miǎn	miǎn	endeavor
勊	19	力	9	kè	kè	
勋	19	力	9	xūn	xūn	meritorious deed
勌	19	力	10	juàn	juàn	to labor
勍	19	力	10	qíng	qíng	strong
勎	19	力	10	lù	lù	
勏	19	力	10	bù	bù	
勐	19	力	10	měng	měng	imperial degree
勑	19	力	10	chì	chì	reward
勒	19	力	11	lēi	lè/lēi	strangle
勓	19	力	11	kài	kài	
勔	19	力	11	miǎn	miǎn	endeavor
動	19	力	11	dòng	dòng	move
勖	19	力	11	xù	xù	enjoin
勗	72	日	11	xù	xù	enjoin
勘	19	力	11	kān	kān	investigate
務	19	力	11	wù	wù	affairs
勚	19	力	11	yì	yì	work hard
勛	19	力	12	xūn	xūn	meritorious deed
勜	19	力	12	wěng	wěng	
勝	19	力	12	shèng	shèng	victory
勞	19	力	12	láo	láo	labor
募	19	力	12	mù	mù	levy
勠	19	力	13	lù	lù	join forces
勡	19	力	13	piào	piào	
勢	19	力	13	shì	shì	power
勣	19	力	13	jī	jī	achievements
勤	19	力	13	qín	qín	industrious
勥	19	力	14	jiàng	jiàng	to force
勦	19	力	13	chāo	chāo/jiǎo	destroy
勧	19	力	13	quàn	quàn	recommend
勨	19	力	13	xiàng	xiàng	
勩	19	力	14	yì	yì	work hard
勪	19	力	14	jué	jué	
勫	19	力	14	fān	fān	
勬	19	力	14	juān	juān	
勭	19	力	14	tóng	tóng	
勮	19	力	15	jù	jù	
勯	19	力	15	dān	dān	exhausted
勰	19	力	15	xié	xié	peaceful
勱	19	力	14	mài	mài	put forth effort
勲	19	力	15	xūn	xūn	meritorious deed
勳	19	力	16	xūn	xūn	meritorious deed
勴	19	力	17	lǜ	lǜ	
勵	19	力	17	lì	lì	strive
勶	19	力	17	chè	chè	
勷	19	力	19	ráng	ráng	urgent
勸	19	力	20	quàn	quàn	recommend
勹	20	勹	2	bāo	bāo	wrap
勺	20	勹	3	sháo	sháo	spoon
勻	20	勹	4	yún	yún	equal
勼	20	勹	4	jiū	jiū	to hook
勽	20	勹	4	bào	bào	to incubate
勾	20	勹	4	gōu	gōu/gòu	hook
勿	20	勹	4	wù	wù	must not
匀	20	勹	4	yún	yún	equal
匁	20	勹	4	wén	wén	Japanese unit of weight (1/1000 of a kan)
匂	20	勹	4	xiōng	xiōng	fragrance
匃	20	勹	5	gài	gài	beggar
匄	20	勹	5	gài	gài	to beg for alms
包	20	勹	5	bāo	bāo	wrap
匆	20	勹	5	cōng	cōng	hastily
匇	20	勹	5	yì	yì	
匈	20	勹	6	xiōng	xiōng	breast
匉	20	勹	7	pēng	pēng	noise of waters
匊	20	勹	8	jū	jū	handful
匋	20	勹	8	táo	táo	pottery
匌	20	勹	8	gé	gé	
匍	20	勹	9	pú	pú	crawl
匎	20	勹	10	è	è	
匏	20	勹	11	páo	páo	gourd
匐	20	勹	11	fú	fú	fall prostrate
匑	20	勹	12	gōng	gōng	
匒	20	勹	11	dá	dá	
匓	20	勹	11	jiù	jiù	
匔	20	勹	15	gōng	gōng	
匕	21	匕	2	bǐ	bǐ	spoon
化	21	匕	4	huà	huà	change
北	21	匕	5	běi	běi	north
匘	21	匕	11	nǎo	nǎo	the brain
匙	21	匕	11	chí	chí/shi	spoon
匚	22	匚	2	fāng	fāng	box
匛	22	匚	5	jiù	jiù	
匜	22	匚	5	yí	yí	basin
匝	22	匚	5	zā	zā	full circle
匞	22	匚	5	jiàng	jiàng	
匟	22	匚	6	kàng	kàng	divan for two persons
匠	22	匚	6	jiàng	jiàng	craftsman
匡	22	匚	6	kuāng	kuāng	correct
匢	22	匚	6	hū	hū	
匣	22	匚	7	xiá	xiá	small box
匤	22	匚	7	qū	qū	
匥	22	匚	7	fán	fán	
匦	22	匚	8	guǐ	guǐ	small box
匧	22	匚	9	qiè	qiè	a trunk
匨	22	匚	9	zāng	zāng	
匩	22	匚	9	kuāng	kuāng	
匪	22	匚	10	fěi	fěi	bandits
匫	22	匚	10	hū	hū	
匬	22	匚	11	yǔ	yǔ	
匭	22	匚	11	guǐ	guǐ	small box
匮	22	匚	11	kuì	kuì	to lack
匯	22	匚	13	huì	huì	a concourse
匰	22	匚	14	dān	dān	utensils used anciently in ancestral temples
匱	22	匚	14	guì	guì	to lack
匲	22	匚	14	lián	lián	
匳	22	匚	15	lián	lián	ladies toilet case with mirror
匴	22	匚	16	suǎn	suǎn	an ancient
匵	22	匚	17	dú	dú	case
匶	22	匚	19	jiù	jiù	a coffin containing a corpse
匷	22	匚	20	jué	jué	
匸	23	匸	2	xì	xì	box
匹	23	匸	4	pǐ	pǐ	bolt of cloth
区	23	匸	4	qū	ōu/qū	area
医	23	匸	7	yī	yī	cure
匼	23	匸	8	kē	kē	place in Ruìchéng county
匽	23	匸	9	yǎn	yǎn	to hide
匾	23	匸	11	biǎn	biǎn	flat
匿	23	匸	10	nì	nì	hide
區	23	匸	11	qū	ōu/qū	area
十	24	十	2	shí	shí	ten
卂	24	十	3	xùn	xùn	to fly rapidly
千	24	十	3	qiān	qiān	thousand
卄	1	一	3	niàn	niàn	twenty
卅	24	十	4	sà	sà	thirty
卆	24	十	4	zú	zú	soldier
升	24	十	4	shēng	shēng	arise
午	24	十	4	wǔ	wǔ	seventh earthly branch
卉	24	十	5	huì	huì	general term for plants
半	24	十	5	bàn	bàn	half
卋	24	十	6	shì	shì	(same as 世) generation
卌	24	十	5	xì	xì	forty
卍	24	十	4	wàn	wàn	swastika
华	24	十	6	huá	huá/huà	flowery
协	24	十	6	xié	xié	be united
卐	24	十	4	wàn	wàn	swastika
卑	24	十	8	bēi	bēi	humble
卒	24	十	8	zú	cù/zú	soldier
卓	24	十	8	zhuó	zhuó	profound
協	24	十	8	xié	xié	be united
单	24	十	8	dān	chán/dān/shàn	single
卖	24	十	8	mài	mài	sell
南	24	十	9	nán	nā/nán	south
単	24	十	9	dān	dān	(same as 單) single
卙	24	十	11	jí	jí	
博	24	十	12	bó	bó	gamble
卛	24	十	21	shuài	shuài	
卜	25	卜	2	bo	bo/bǔ	fortune telling
卝	25	卜	4	kuàng	kuàng	hair style
卞	25	卜	4	biàn	biàn	to be impatient
卟	25	卜	5	bǔ	bǔ	a chemical compound
占	25	卜	5	zhàn	zhān/zhàn	divine
卡	25	卜	5	kǎ	kǎ/qiǎ	card
卢	25	卜	5	lú	lú	cottage
卣	25	卜	7	yǒu	yǒu	wine pot
卤	25	卜	7	lǔ	lǔ	salt
卥	25	卜	8	xī	xī	
卦	25	卜	8	guà	guà	fortune telling
卧	25	卜	8	wò	wò	lie down
卨	25	卜	11	xiè	xiè	used in old names
卩	26	卩	2	jié	jié	seal
卪	26	卩	3	jié	jié	kwukyel
卫	26	卩	3	wèi	wèi	guard
卬	26	卩	4	áng	áng	lofty
卭	26	卩	5	qióng	qióng	high. to raise
卮	26	卩	5	zhī	zhī	measuring cup
卯	26	卩	5	mǎo	mǎo	fourth earthly branch
印	26	卩	5	yìn	yìn	print
危	26	卩	6	wēi	wēi	dangerous
卲	26	卩	7	shào	shào	eminent
即	26	卩	7	jí	jí	promptly
却	26	卩	7	què	què	still
卵	26	卩	7	luǎn	luǎn	egg
卶	26	卩	8	chǐ	chǐ	
卷	26	卩	8	juǎn	juǎn/juàn	scroll
卸	26	卩	9	xiè	xiè	lay down
卹	26	卩	8	xù	xù	sympathy
卺	26	卩	8	jǐn	jǐn	(nuptial) winecups
卻	26	卩	9	què	què	still
卼	26	卩	9	wù	wù	unsteady
卽	26	卩	9	jí	jí	promptly
卾	26	卩	11	è	è	
卿	26	卩	10	qīng	qīng	noble
厀	26	卩	13	xī	xī	knee
厁	26	卩	13	sān	sān	
厂	27	厂	2	chǎng	chǎng	factory
厃	27	厂	4	wěi	wěi	to look upward
厄	27	厂	4	è	è	adversity
厅	27	厂	4	tīng	tīng	hall
历	27	厂	4	lì	lì	history
厇	27	厂	5	zhé	zhé	
厈	27	厂	5	hǎn	hǎn	
厉	27	厂	5	lì	lì	whetstone
厊	27	厂	6	yǎ	yǎ	
压	27	厂	6	yā	yā/yà	press
厌	27	厂	6	yàn	yàn	dislike
厍	27	厂	6	shè	shè	surname
厎	27	厂	7	dǐ	dǐ	settle
厏	27	厂	7	zhǎ	zhǎ	
厐	27	厂	7	páng	páng	disorderly
厑	27	厂	7	yá	yá	
厒	27	厂	8	qiè	qiè	
厓	27	厂	8	yá	yá	precipice
厔	27	厂	8	zhì	zhì	stop
厕	27	厂	8	cè	cè	mingle with
厖	27	厂	9	máng	máng	bulky
厗	27	厂	9	tí	tí	
厘	27	厂	9	lí	lí	manage
厙	27	厂	9	shè	shè	surname
厚	27	厂	9	hòu	hòu	thick
厛	27	厂	9	tīng	tīng	
厜	27	厂	10	zuī	zuī	a mountain peak
厝	27	厂	10	cuò	cuò	cut or engrave
厞	27	厂	10	fèi	fèi	
原	27	厂	10	yuán	yuán	source
厠	27	厂	11	cè	cè	mingle with
厡	27	厂	11	yuán	yuán	
厢	27	厂	11	xiāng	xiāng	side-room
厣	27	厂	11	yǎn	yǎn	shell
厤	27	厂	12	lì	lì	to calculate
厥	27	厂	12	jué	jué	personal pronoun he
厦	27	厂	12	shà	shà/xià	big building
厧	27	厂	12	diān	diān	
厨	27	厂	12	chú	chú	kitchen
厩	27	厂	11	jiù	jiù	stable
厪	27	厂	13	jǐn	jǐn	a hut
厫	27	厂	12	áo	áo	granary
厬	27	厂	14	guǐ	guǐ	
厭	27	厂	14	yàn	yàn	dislike
厮	27	厂	14	sī	sī	servant
厯	27	厂	13	lì	lì	
厰	27	厂	14	chǎng	chǎng	factory
厱	27	厂	15	lán	lán	
厲	27	厂	15	lì	lì	whetstone
厳	27	厂	16	yán	yán	strict
厴	27	厂	19	yǎn	yǎn	shell
厵	27	厂	30	yuán	yuán	a spring
厶	28	厶	2	sī	sī	private
厷	28	厶	4	gōng	gōng	the fore-arm
厸	28	厶	4	lín	lín	
厹	28	厶	4	róu	róu	spear
厺	28	厶	5	qù	qù	to go
去	28	厶	5	qù	qù	go away
厼	28	厶	5	ěr	ěr	kwukyel
厽	28	厶	6	lěi	lěi	
厾	28	厶	6	dū	dū	lightly tap
县	28	厶	7	xiàn	xiàn	county
叀	28	厶	8	zhuān	zhuān	
叁	28	厶	8	sān	sān	bank form of numeral 'three'
参	28	厶	8	cān	cān/cēn/shēn	take part in
參	28	厶	11	cān	cān/cēn/shēn	take part in
叄	28	厶	11	cān	cān	take part in
叅	28	厶	12	cān	cān	to counsel
叆	28	厶	14	ài	ài	cloudy sky
叇	28	厶	15	dài	dài	cloudy sky
又	29	又	2	yòu	yòu	and
叉	29	又	3	chā	chā/chá/chǎ/chà	crotch
及	29	又	3	jí	jí	extend
友	29	又	4	yǒu	yǒu	friend
双	29	又	4	shuāng	shuāng	set of two
反	29	又	4	fǎn	fǎn	reverse
収	29	又	4	shōu	shōu	gather together
叏	29	又	5	guài	guài	
叐	29	又	5	bá	bá	to prick a dog to make him go
发	29	又	5	fā	fā/fà	issue
叒	29	又	6	ruò	ruò	obedient
叓	29	又	7	shì	shì	affair
叔	29	又	8	shū	shū	father's younger brother
叕	29	又	8	zhuó	zhuó	to connect
取	29	又	8	qǔ	qǔ	take
受	29	又	8	shòu	shòu	receive
变	29	又	8	biàn	biàn	change
叙	29	又	9	xù	xù	express
叚	29	又	9	xiá	xiá	false
叛	29	又	9	pàn	pàn	rebel
叜	29	又	9	sǒu	sǒu	old man
叝	29	又	9	jí	jí	to respectfully inform
叞	29	又	10	wèi	wèi	
叟	29	又	9	sǒu	sǒu	old man
叠	29	又	13	dié	dié	pile
叡	29	又	16	ruì	ruì	astute
叢	29	又	18	cóng	cóng	bush
口	30	口	3	kǒu	kǒu	mouth
古	30	口	5	gǔ	gǔ	old
句	30	口	5	jù	gōu/jù	sentence
另	30	口	5	lìng	lìng	another
叧	30	口	5	guǎ	guǎ	to cut meat off away from bones
叨	30	口	5	dāo	dāo/dáo/tāo	talkative
叩	30	口	5	kòu	kòu	knock
只	30	口	5	zhǐ	zhī/zhǐ	only
叫	30	口	5	jiào	jiào	cry
召	30	口	5	zhào	shào/zhào	imperial decree
叭	30	口	5	bā	bā	trumpet
叮	30	口	5	dīng	dīng	exhort or enjoin repeatedly
可	30	口	5	kě	kě/kè	may
台	30	口	5	tái	tāi/tái	platform
叱	30	口	5	chì	chì	scold
史	30	口	5	shǐ	shǐ	history
右	30	口	5	yòu	yòu	right
叴	30	口	5	qiú	qiú	a three-edged spear
叵	30	口	5	pǒ	pǒ	cannot
叶	30	口	5	yè	xié/yè	to harmonize
号	30	口	5	hào	háo/hào	mark
司	30	口	5	sī	sī	take charge of
叹	30	口	5	tàn	tàn	sigh
叺	30	口	5	chǐ	chǐ	a straw bag
叻	30	口	5	lè	lè	used in place names
叼	30	口	5	diāo	diāo	hold in mouth
叽	30	口	5	jī	jī	sigh in disapproval
叾	30	口	5	liǎo	liǎo	西貢叾
叿	30	口	6	hōng	hōng	
吀	30	口	6	miē	miē	
吁	30	口	6	xū	xū/yū/yù	interjection 'Alas!'
吂	30	口	6	máng	máng	
吃	30	口	6	chī	chī	eat
各	30	口	6	gè	gè	each
吅	30	口	6	xuān	xuān	
吆	30	口	6	yāo	yāo	bawl
吇	30	口	6	zǐ	zǐ	
合	30	口	6	hé	gě/hé	combine
吉	30	口	6	jí	jí	lucky
吊	30	口	6	diào	diào	condole
吋	30	口	6	cùn	cùn/yīng	English inch (寸 can be either an English or Chinese inch)
同	30	口	6	tóng	tóng/tòng	same
名	30	口	6	míng	míng	name
后	30	口	6	hòu	hòu	queen
吏	30	口	6	lì	lì	government official
吐	30	口	6	tǔ	tǔ/tù	vomit
向	30	口	6	xiàng	xiàng	toward
吒	30	口	6	zhā	zhā	shout
吓	30	口	6	xià	hè/xià	scare
吔	30	口	6	yě	yě	(Cant.) an interjection
吕	30	口	6	lǚ	lǚ	surname
吖	30	口	6	ā	ā	used in translation
吗	30	口	6	ma	má/mǎ/ma	final interrogative particle
吘	30	口	7	ǒu	ǒu	
吙	30	口	7	huō	huō	
吚	30	口	7	yī	yī	used to represent sound
君	30	口	7	jūn	jūn	sovereign
吜	30	口	7	chǒu	chǒu	
吝	30	口	7	lìn	lìn	stingy
吞	30	口	7	tūn	tūn	swallow
吟	30	口	7	yín	yín	sing
吠	30	口	7	fèi	fèi	bark
吡	30	口	7	bǐ	bǐ	blame
吢	30	口	7	qìn	qìn	vomiting of a dog
吣	30	口	7	qìn	qìn	vomit
吤	30	口	7	jiè	jiè	
吥	30	口	7	bù	bù	a swelling
否	30	口	7	fǒu	fǒu/pǐ	not
吧	30	口	7	ba	bā/ba	emphatic final particle
吨	30	口	7	dūn	dūn	metric ton
吩	30	口	7	fēn	fēn	order
吪	30	口	7	é	é	move
含	30	口	7	hán	hán	hold in mouth
听	30	口	7	tīng	tīng	hear
吭	30	口	7	kēng	háng/kēng	throat
吮	30	口	7	shǔn	shǔn	suck with mouth
启	30	口	7	qǐ	qǐ	open
吰	30	口	7	hóng	hóng	clang
吱	30	口	7	zhī	zhī/zī	chirping
吲	30	口	7	yǐn	yǐn	smile at
吳	30	口	7	wú	wú	one of warring states
吴	30	口	7	wú	wú	name of warring state
吵	30	口	7	chǎo	chāo/chǎo	argue
吶	30	口	7	nà	nà	raise voice
吷	30	口	7	xuè	xuè	a soft sound made by blowing through the mouth
吸	30	口	6	xī	xī	inhale
吹	30	口	7	chuī	chuī	blow
吺	30	口	7	dōu	dōu	
吻	30	口	7	wěn	wěn	kiss
吼	30	口	7	hǒu	hǒu	roar
吽	30	口	7	hōng	hōng	'OM'
吾	30	口	7	wú	wú	i
吿	30	口	7	gào	gào	tell
呀	30	口	7	ya	yā/ya	particle used to express surprise or mild emphasis
呁	30	口	7	jùn	jùn	
呂	30	口	7	lǚ	lǚ	surname
呃	30	口	7	è	è/e	belch
呄	30	口	7	gé	gé	
呅	30	口	7	méi	méi	(Cant.) a dollar
呆	30	口	7	dāi	dāi	dull
呇	30	口	7	mèn	mèn	star
呈	30	口	7	chéng	chéng	submit
呉	30	口	7	wú	wú	one of warring states
告	30	口	7	gào	gào	tell
呋	30	口	7	fū	fū	(呋喃) furan (C₄H₄O)
呌	30	口	7	jiào	jiào	to call
呍	30	口	7	hōng	hōng	(Cant.) phonetic
呎	30	口	7	chǐ	chǐ/yīng	foot
呏	30	口	7	shēng	shēng	gallon
呐	30	口	7	nà	nà	raise voice
呑	30	口	7	tūn	tūn	swallow
呒	30	口	7	ḿ	ḿ	unclear
呓	30	口	7	yì	yì	talk in one's sleep
呔	30	口	7	dāi	dāi	(Cant.) a necktie
呕	30	口	7	ǒu	ǒu	vomit
呖	30	口	7	lì	lì	used in onomatopoetic expressions
呗	30	口	7	bei	bei	final particle of assertion
员	30	口	7	yuán	yuán/yùn	member
呙	30	口	7	guō	guō	chat
呚	30	口	7	qì	qì	
呛	30	口	7	qiāng	qiāng/qiàng	choke by smoke
呜	30	口	7	wū	wū	sound of crying
呝	30	口	8	è	è	belch
呞	30	口	8	shī	shī	
呟	30	口	8	juǎn	juǎn	to mutter
呠	30	口	8	pěn	pěn	to spurt
呡	30	口	8	wěn	wěn	the corners of the mouth the lips
呢	30	口	8	ne	ne/ní	interrogative or emphatic final
呣	30	口	8	ḿ	ḿ/m̀	interjection indicating a question or thought (um)
呤	30	口	8	lìng	lìng	purine
呥	30	口	8	rán	rán	(Cant.) intensifying particle
呦	30	口	8	yōu	yōu	the bleating of the deer
呧	30	口	8	dǐ	dǐ	to rebuke
周	30	口	8	zhōu	zhōu	Zhou dynasty
呩	30	口	8	shì	shì	
呪	30	口	8	zhòu	zhòu	curse
呫	30	口	8	tiè	tiè	whisper
呬	30	口	8	xì	xì	to rest
呭	30	口	8	yì	yì	final particle expressing consent
呮	30	口	8	qì	qì	to sit
呯	30	口	8	píng	píng	(Cant.) onomatopoetic
呰	30	口	9	zǐ	zǐ	to slander
呱	30	口	8	gū	gū/guā	wail
呲	30	口	9	cī	cī	give a talking-to
味	30	口	8	wèi	wèi	taste
呴	30	口	8	xǔ	xǔ	breathe on
呵	30	口	8	hē	hē	scold
呶	30	口	8	náo	náo	talkative
呷	30	口	8	xiā	xiā	suck
呸	30	口	8	pēi	pēi	expression of reprimand
呹	30	口	8	yì	yì	(of animals) to eat grass
呺	30	口	8	xiāo	xiāo	voice of anger vast
呻	30	口	8	shēn	shēn	groan
呼	30	口	8	hū	hū	breathe sigh
命	30	口	8	mìng	mìng	life
呾	30	口	8	dá	dá	
呿	30	口	8	qù	qù	to yawn
咀	30	口	8	jǔ	jǔ/zuǐ	suck
咁	30	口	8	hán	hán	(Cant.) like this
咂	30	口	8	zā	zā	to suck
咃	30	口	8	tuō	tuō	
咄	30	口	8	duō	duō	noise of rage
咅	30	口	8	pǒu	pǒu	to spit out
咆	30	口	8	páo	páo	roar
咇	30	口	8	bì	bì	fragrant
咈	30	口	8	fú	fú	oppose
咉	30	口	8	yāng	yāng	an echo
咊	30	口	8	hé	hé	harmony
咋	30	口	8	zǎ	zǎ/zé/zhā	question-forming particle
和	30	口	8	hé	hé/hè/hú/huó/huò/huo	harmony
咍	30	口	8	hāi	hāi	laugh
咎	30	口	8	jiù	jiù	fault
咏	30	口	8	yǒng	yǒng	sing song or poem
咐	30	口	8	fù	fù	instruct
咑	30	口	8	dā	dā	(Cant.) 啲咑
咒	30	口	8	zhòu	zhòu	curse
咓	30	口	7	wǎ	wǎ	(Cant.) final particle
咔	30	口	8	kā	kā/kǎ	used in translation
咕	30	口	8	gū	gū	mumble
咖	30	口	8	kā	gā/kā	coffee
咗	30	口	8	zuo	zuo	(Cant.) verbal particle of perfective aspect
咘	30	口	8	bù	bù	
咙	30	口	8	lóng	lóng	throat
咚	30	口	8	dōng	dōng	onomatopoetic
咛	30	口	8	níng	níng	enjoin
咜	30	口	8	tuō	tuō	to scold
咝	30	口	8	sī	sī	hiss
咞	30	口	7	xiàn	xiàn	
咟	30	口	9	huò	huò	
咠	30	口	9	qì	qì	to whisper. to blame to slander
咡	30	口	9	èr	èr	side of mouth
咢	30	口	9	è	è	sound
咣	30	口	9	guāng	guāng	the sound of large door closing
咤	30	口	9	zhà	zhà	scold
咥	30	口	9	xì	xì	sound of a cat
咦	30	口	9	yí	yí	exclamation of surprise
咧	30	口	9	liě	liē/liě	stretch mouth
咨	30	口	9	zī	zī	inquire
咩	30	口	9	miē	miē	the bleating of sheep
咪	30	口	9	mī	mī/mǐ	sound of cat
咫	30	口	9	zhǐ	zhǐ	foot measure of Zhou dynasty
咬	30	口	9	yǎo	yǎo	bite
咭	30	口	9	jī	jī	(Cant.) to guard (from Engl. 'guard')
咮	30	口	9	zhòu	zhòu	a beak
咯	30	口	9	gē	gē/kǎ/lo/luò	final particle
咰	30	口	9	shù	shù	
咱	30	口	9	zán	zán	we
咲	30	口	9	xiào	xiào	smile
咳	30	口	9	hāi	hāi/ké	cough
咴	30	口	9	huī	huī	neigh
咵	30	口	9	kuǎ	kuǎ	to revile
咶	30	口	9	huài	huài	
咷	30	口	9	táo	táo	howl
咸	30	口	9	xián	xián	together
咹	30	口	9	è	è	(Cant.) sound of an automobile horn
咺	30	口	9	xuǎn	xuān/xuǎn	majestic
咻	30	口	9	xiū	xiū	shout
咼	30	口	9	guō	guō	chat
咽	30	口	9	yàn	yān/yàn/yè	throat
咾	30	口	9	lǎo	lǎo	a noise
咿	30	口	9	yī	yī	descriptive of creaking
哀	30	口	9	āi	āi	sad
品	30	口	9	pǐn	pǐn	article
哂	30	口	9	shěn	shěn	smile
哃	30	口	9	tóng	tóng	
哄	30	口	9	hōng	hōng/hǒng/hòng	coax
哅	30	口	9	xiōng	xiōng	
哆	30	口	9	duō	duō	tremble
哇	30	口	9	wā	wā/wa	vomit
哈	30	口	9	hā	hā/hǎ/hà	sound of laughter
哉	30	口	9	zāi	zāi	final exclamatory particle
哊	30	口	9	yòu	yòu	
哋	30	口	9	diè	diè	(Cant.) plural
哌	30	口	9	pài	pài	used in translation
响	30	口	9	xiǎng	xiǎng	make sound
哎	30	口	8	āi	āi	interjection of surprise
哏	30	口	9	gén	gén	something funny
哐	30	口	9	kuāng	kuāng	syllable
哑	30	口	9	yǎ	yā/yǎ	dumb
哒	30	口	9	dā	dā	a sound made to get a horse to move forward
哓	30	口	9	xiāo	xiāo	garrulous
哔	30	口	9	bì	bì	used in transliterations
哕	30	口	9	huì	huì/yuě	belch
哖	30	口	9	nián	nián	
哗	30	口	9	huā	huā/huá	rushing sound
哘	30	口	9	xíng	xíng	
哙	30	口	9	kuài	kuài	swallow
哚	30	口	9	duǒ	duǒ	(Cant.) backing
哛	30	口	9	fēn	fēn	
哜	30	口	9	jì	jì	sip
哝	30	口	9	nóng	nóng	whisper
哞	30	口	9	mōu	mōu	moo
哟	30	口	9	yō	yō/yo	ah
哠	30	口	10	hào	hào	
員	30	口	10	yuán	yuán	member
哢	30	口	10	lòng	lòng	syllable
哣	30	口	10	pǒu	pǒu	(Cant.) sick
哤	30	口	10	máng	máng	jargon
哥	30	口	10	gē	gē	elder brother
哦	30	口	10	ó	é/ó/ò	oh? really? is that so?
哧	30	口	10	chī	chī	sound of ripping or giggling
哨	30	口	10	shào	shào	whistle
哩	30	口	10	lī	lī/li	mile
哪	30	口	9	nǎ	nǎ/na/né	which? where? how?
哫	30	口	10	zú	zú	to cajole
哬	30	口	10	hé	hé	
哭	30	口	10	kū	kū	weep
哮	30	口	10	xiào	xiào	cough
哯	30	口	10	xiàn	xiàn	
哰	30	口	10	láo	láo	incoherent chatter
哱	30	口	10	bō	bō	
哲	30	口	10	zhé	zhé	wise
哳	30	口	10	zhā	zhā	to twitter
哴	30	口	10	liàng	liàng	crying of infants
哵	30	口	10	bā	bā	the cry of a bird
哶	30	口	10	miē	miē	bleat
哷	30	口	10	liè	liè	
哸	30	口	10	suī	suī	
哹	30	口	10	fú	fú	
哺	30	口	10	bǔ	bǔ	chew food
哻	30	口	10	hān	hān	
哼	30	口	10	hēng	hēng/hng	hum
哽	30	口	10	gěng	gěng	choke (with grief)
哾	30	口	10	shuō	shuō	
哿	30	口	10	gě	gě	excellent
唀	30	口	10	yòu	yòu	
唁	30	口	10	yàn	yàn	express condolence
唂	30	口	10	gū	gū	(Cant.) phonetic
唃	30	口	10	gǔ	gǔ	
唄	30	口	10	bei	bei	final particle of assertion
唅	30	口	10	hán	hán	a sound
唆	30	口	10	suō	suō	make mischief
唇	30	口	10	chún	chún	lips
唈	30	口	10	yì	yì	to sob
唉	30	口	10	āi	āi/ài	alas
唊	30	口	10	jiá	jiá	(Cant.) to hold fast
唋	30	口	10	tū	tū	
唌	30	口	9	xián	xián	
唍	30	口	10	wǎn	wǎn	
唎	30	口	10	lì	lì	sound
唏	30	口	10	xī	xī	weep or sob
唐	30	口	10	táng	táng	Tang dynasty
唑	30	口	10	zuò	zuò	(chem.) azole
唒	30	口	10	qiú	qiú	
唓	30	口	10	chē	chē	(Cant.) interjection
唔	30	口	10	wú	wú	hold in mouth
唕	30	口	10	zào	zào	chatter
唖	30	口	10	yǎ	yǎ	dumb
唗	30	口	10	dōu	dōu	interjection: greeting or sigh
唘	30	口	10	qǐ	qǐ	
唙	30	口	10	dí	dí	backbite
唚	30	口	10	qìn	qìn	vomiting of animals
唛	30	口	10	mài	mài	mark
唜	30	口	10	mò	mò	
唝	30	口	10	hǒng	hǒng	used in place and other names
唞	30	口	10	dǒu	dǒu	(Cant.) to gasp
唟	30	口	10	qù	qù	place name
唠	30	口	10	láo	láo/lào	chat
唡	30	口	10	liǎng	liǎng/yīng	ounce
唢	30	口	10	suǒ	suǒ	flute-like musical instrument
唣	30	口	10	zào	zào	chatter
唤	30	口	10	huàn	huàn	call
唥	30	口	10	léng	léng	(Cant.) a bundle
唦	30	口	10	shā	shā	
唧	30	口	10	jī	jī	chirping of insects
唨	30	口	10	zǔ	zǔ	(Cant.) particle indicating past tense
唩	30	口	11	wō	wō	
唪	30	口	11	fěng	fěng	to recite
唫	30	口	11	jìn	jìn/yín	to hum
唬	30	口	11	hǔ	hǔ	to intimidate
唭	30	口	11	qì	qì	
售	30	口	11	shòu	shòu	sell
唯	30	口	11	wéi	wéi	only
唰	30	口	11	shuā	shuā	swish
唱	30	口	11	chàng	chàng	sing
唲	30	口	11	ér	ér	forced laughter
唳	30	口	11	lì	lì	cry of bird
唴	30	口	10	qiàng	qiàng	
唵	30	口	11	ǎn	ǎn	used in Buddhist texts to transliterate non-Chinese sounds
唶	30	口	11	zé	zé	sigh
唷	30	口	11	yō	yō	final particle
唸	30	口	11	niàn	niàn	recite
唹	30	口	11	yū	yū	to smile at
唺	30	口	11	tiǎn	tiǎn	
唻	30	口	11	lài	lài	
唼	30	口	11	shà	shà	speaking evil
唽	30	口	11	xī	xī	to twitter
唾	30	口	11	tuò	tuò	spit
唿	30	口	11	hū	hū	sad
啀	30	口	11	ái	ái	gnaw
啁	30	口	11	zhāo	zhāo/zhōu	chirp
啂	30	口	11	nǒu	nǒu	
啃	30	口	11	kěn	kěn	gnaw
啄	30	口	11	zhuó	zhuó	to peck
啅	30	口	11	zhuó	zhuó	
商	30	口	11	shāng	shāng	commerce
啇	30	口	11	dì	dì	to stalk
啈	30	口	11	hēng	hēng/hèng	to speak harshly
啉	30	口	11	lín	lín	stupid
啊	30	口	10	ā	ā/á/ǎ/à/a	exclamatory particle
啋	30	口	11	cǎi	cǎi	(Cant.) an interjection used to berate someone
啌	30	口	11	xiāng	xiāng	animal disease
啍	30	口	11	tūn	tūn	creak
啎	30	口	11	wǔ	wǔ	obstinate
問	30	口	11	wèn	wèn	ask (about)
啐	30	口	11	cuì	cuì	to taste
啑	30	口	11	shà	shà	to gobble
啒	30	口	11	gǔ	gǔ	
啓	30	口	11	qǐ	qǐ	open
啔	30	口	11	qǐ	qǐ	to open
啕	30	口	11	táo	táo	wail
啖	30	口	11	dàn	dàn	eat
啗	30	口	11	dàn	dàn	eat
啘	30	口	11	yè	yè	
啙	30	口	12	zǐ	zǐ	poor
啚	30	口	11	bǐ	bǐ	low
啛	30	口	11	cuì	cuì	(Cant.) interjection (used by men)
啜	30	口	11	chuài	chuài/chuò	sip
啝	30	口	11	hé	hé	(Cant.) final particle expressing surprise
啞	30	口	11	yǎ	yā/yǎ	dumb
啟	66	攴	11	qǐ	qǐ	open
啠	30	口	11	zhé	zhé	
啡	30	口	11	fēi	fēi	morphine
啢	30	口	11	liǎng	liǎng/yīng	ounce
啣	30	口	12	xián	xián	hold in mouth
啤	30	口	11	pí	pí	beer
啥	30	口	11	shá	shá	what?
啦	30	口	11	lā	lā/la	final particle of assertion
啧	30	口	11	zé	zé	interjection of approval or admiration
啨	30	口	11	yīng	yīng	
啩	30	口	11	guà	guà	(Cant.) particle implying probability
啪	30	口	11	pā	pā	syllable
啫	30	口	11	zhě	zhě	(Cant.) interjection of warning
啬	30	口	11	sè	sè	miserly
啭	30	口	11	zhuàn	zhuàn	sing
啮	30	口	11	niè	niè	bite
啯	30	口	11	guō	guō	gurgling sound
啰	30	口	11	luō	luō/luó/luo	phonetic
啱	30	口	11	yán	yán	(Cant.) correct
啲	30	口	11	dī	dī	(Cant.) a few
啳	30	口	11	quán	quán	
啴	30	口	11	chǎn	chǎn	pant
啵	30	口	11	bo	bo	phonetic
啶	30	口	11	dìng	dìng	phonetic used in pyridine and pyrimidine
啷	30	口	11	lāng	lāng	a clanging or rattling sound
啸	30	口	11	xiào	xiào	roar
啹	30	口	11	jú	jú	(Cant.) stupid
啺	30	口	12	táng	táng	
啻	30	口	12	chì	chì	only
啼	30	口	12	tí	tí	weep
啽	30	口	12	án	án	(Cant.) to speak
啾	30	口	12	jiū	jiū	wailing of child
啿	30	口	12	dàn	dàn	
喀	30	口	12	kā	kā	vomit
喁	30	口	12	yóng	yóng/yú	the mouth of a fish at the surface of the water
喂	30	口	12	wèi	wèi	interjection to call attention
喃	30	口	12	nán	nán	keep talking
善	30	口	12	shàn	shàn	good
喅	30	口	12	yù	yù	
喆	30	口	12	zhé	zhé	a sage
喇	30	口	12	lǎ	lǎ	horn
喈	30	口	12	jiē	jiē	music
喉	30	口	12	hóu	hóu	throat
喊	30	口	12	hǎn	hǎn	shout
喋	30	口	12	dié	dié/zhá	nag
喌	30	口	12	zhōu	zhōu	syllable
喍	30	口	13	chái	chái	
喎	30	口	11	wāi	wāi	a wry mouth
喏	30	口	11	nuò	nuò	respectful reply of assent to superiors
喐	30	口	11	yù	yù	(Cant.) to move
喑	30	口	12	yīn	yīn	to be dumb
喒	30	口	12	zá	zá/zán/zan	a dual pronoun
喓	30	口	12	yāo	yāo	chirping
喔	30	口	12	ō	wō/ō	descriptive of crying or of crowing
喕	30	口	12	miǎn	miǎn	
喖	30	口	12	hú	hú	
喗	30	口	12	yǔn	yǔn	
喘	30	口	12	chuǎn	chuǎn	pant
喙	30	口	12	huì	huì	beak
喚	30	口	12	huàn	huàn	call
喛	30	口	12	huàn	huàn	
喜	30	口	12	xǐ	xǐ	like
喝	30	口	12	hē	hē/hè	drink
喞	30	口	12	jī	jī	chirping of insects
喟	30	口	12	kuì	kuì	heave sigh
喠	30	口	12	zhǒng	zhǒng	
喡	30	口	12	wéi	wéi	
喢	30	口	12	shà	shà	
喣	30	口	12	xù	xù	to breathe upon
喤	30	口	12	huáng	huáng	ah
喥	30	口	12	duó	duó	(Cant.) a place
喦	30	口	12	niè	niè	talkative
喧	30	口	12	xuān	xuān	lively
喨	30	口	12	liàng	liàng	wail
喩	30	口	12	yù	yù	metaphor
喪	30	口	12	sàng	sāng/sàng	mourning
喫	30	口	12	chī	chī	eat
喬	30	口	12	qiáo	qiáo	tall
喭	30	口	12	yàn	yàn	condole with
單	30	口	12	dān	chán/dān/shàn	single
喯	30	口	11	pèn	pèn	
喰	30	口	12	cān	cān	to eat
喱	30	口	12	lí	lí	gramme
喲	30	口	12	yō	yō	ah
喳	30	口	12	zhā	chā/zhā	whispering
喴	30	口	12	wēi	wēi	hello
喵	30	口	11	miāo	miāo	the mew of the cat
営	30	口	11	yíng	yíng	encampment
喷	30	口	12	pēn	pēn/pèn	spurt
喸	30	口	12	bǔ	bǔ	place name
喹	30	口	12	kuí	kuí	quinoxaline (chemical compound)
喺	30	口	12	xí	xí	(Cant.) to be located at
喻	30	口	12	yù	yù	metaphor
喼	30	口	12	jiē	jiē	(Cant.) used phonetically in English loan-words (e.g.
喽	30	口	12	lóu	lóu/lou	used in onomatopoetic expressions
喾	30	口	12	kù	kù	emperor
喿	30	口	13	zào	zào	chirping of birds
嗀	30	口	13	hù	hù	
嗁	30	口	13	tí	tí	give forth sound
嗂	30	口	13	yáo	yáo	
嗃	30	口	13	hè	hè	to flute
嗄	30	口	13	shà	shà	hoarse of voice
嗅	30	口	13	xiù	xiù	smell
嗆	30	口	13	qiāng	qiāng/qiàng	choke by smoke
嗇	30	口	13	sè	sè	miserly
嗈	30	口	13	yōng	yōng	the call of a bird
嗉	30	口	13	sù	sù	bird's crop
嗊	30	口	13	hǒng	hǒng	used in place and other names
嗋	30	口	13	xié	xié	
嗌	30	口	13	ài	ài/yì	the throat
嗍	30	口	13	suō	suō	to suck
嗎	30	口	13	ma	ma	final interrogative particle
嗏	30	口	12	chā	chā	(Cant.) imperative final particle
嗐	30	口	13	hài	hài	alas!
嗑	30	口	13	kē	kē/kè	eat seeds
嗒	30	口	12	dā	dā	absent-minded
嗓	30	口	13	sǎng	sǎng	voice
嗔	30	口	13	chēn	chēn	be angry at
嗕	30	口	13	rù	rù	
嗖	30	口	12	sōu	sōu	whizzing sound
嗗	30	口	12	wā	wā	(Cant.) quarter of an hour
嗘	30	口	13	jī	jī	
嗙	30	口	13	pǎng	pǎng	boast
嗚	30	口	13	wū	wū	sound of crying
嗛	30	口	13	qiǎn	qiǎn	pouch
嗜	30	口	13	shì	shì	be fond of
嗝	30	口	13	gé	gé	cackling of fowls to gag
嗞	30	口	12	zī	zī	to consult about
嗟	30	口	12	jiē	jiē	sigh
嗠	30	口	13	lào	lào	
嗡	30	口	13	wēng	wēng	sound of flying bees
嗢	30	口	13	wà	wà	a loud
嗣	30	口	13	sì	sì	to connect
嗤	30	口	13	chī	chī	laugh at
嗥	30	口	13	háo	háo	roar
嗦	30	口	13	suō	suō	suck
嗨	30	口	13	hāi	hāi	an exclamation
嗩	30	口	13	suǒ	suǒ	flute-like musical instrument
嗪	30	口	13	qín	qín	character used in translation
嗫	30	口	13	niè	niè	move lips as when speaking
嗬	30	口	13	hē	hē	(Cant.) interrogative particle
嗭	30	口	13	zhí	zhí	place name
嗮	30	口	13	sài	sài	(Cant.) verbal aspect marker for full extent
嗯	30	口	13	ǹg	ńg/ňg/ǹg	final particle
嗰	30	口	13	gě	gě	(Cant.) that
嗱	30	口	13	ná	ná	(Cant.) exclamation
嗲	30	口	13	diǎ	diǎ	(Cant.) saliva
嗳	30	口	13	ǎi	ǎi/ài	interjection
嗴	30	口	12	qiāng	qiāng	
嗵	30	口	13	tōng	tōng	used for sound
嗶	30	口	13	bì	bì	used in transliterations
嗷	30	口	13	áo	áo	loud clamor
嗸	30	口	13	áo	áo	(same as 嗷) noisy
嗹	30	口	13	lián	lián	chatter
嗺	30	口	14	zuī	zuī	
嗻	30	口	14	zhē	zhē/zhè	to screen. loquacious
嗼	30	口	13	mò	mò	curtain
嗽	30	口	14	sòu	sòu	cough
嗾	30	口	14	sǒu	sǒu	to set a dog on
嗿	30	口	14	tǎn	tǎn	gobble
嘀	30	口	14	dí	dí	backbite
嘁	30	口	14	qī	qī	to be grieved
嘂	30	口	14	jiào	jiào	cry loudly
嘃	30	口	14	chōng	chōng	
嘄	30	口	14	jiāo	jiāo	
嘅	30	口	12	kǎi	kǎi	sound of sighing
嘆	30	口	14	tàn	tàn	sigh
嘇	30	口	14	shān	shān	
嘈	30	口	14	cáo	cáo	noisy
嘉	30	口	14	jiā	jiā	excellent
嘊	30	口	14	ái	ái	
嘋	30	口	14	xiào	xiào	howl
嘌	30	口	14	piào	piào	fast
嘍	30	口	14	lóu	lóu/lou	used in onomatopoetic expressions
嘎	30	口	14	gā	gā/gá/gǎ	sound of laughter
嘏	30	口	14	gǔ	gǔ	felicity
嘐	30	口	14	xiāo	xiāo	final exclamatory particle
嘑	30	口	14	hū	hū	to menace
嘒	30	口	14	huì	huì	sharp
嘓	30	口	14	guō	guō	gurgling sound
嘔	30	口	14	ǒu	ǒu	to vomit
嘕	30	口	14	xiān	xiān	
嘖	30	口	14	zé	zé	interjection of approval or admiration
嘗	30	口	14	cháng	cháng	taste
嘘	30	口	14	xū	shī/xū	exhale
嘙	30	口	14	pó	pó	
嘚	30	口	14	dē	dē/dēi	
嘛	30	口	14	ma	ma	final exclamatory particle
嘜	30	口	14	mà	mà	mark
嘝	30	口	14	hú	hú	bushel (unit of measure)
嘞	30	口	14	lei	lei	(Cant.) final particle used for polite refusal
嘟	30	口	13	dū	dū	sound of horn tooting
嘠	30	口	15	gā	gā	the chirping of birds loud laughter
嘡	30	口	14	tāng	tāng	onomatopoeic: clang
嘢	30	口	14	yě	yě	(Cant.) thing
嘣	30	口	14	bēng	bēng	syllable
嘤	30	口	14	yīng	yīng	seek friends
嘥	30	口	14	sāi	sāi	(Cant.) to waste
嘦	30	口	14	jiào	jiào	if only
嘧	30	口	14	mì	mì	pyrimidine
嘨	30	口	14	xiào	xiào	roar
嘩	30	口	13	huā	huā/huá	rushing sound
嘪	30	口	15	mǎi	mǎi	
嘫	30	口	15	rán	rán	
嘬	30	口	15	zuō	zuō	to lap
嘭	30	口	15	pēng	pēng	syllable
嘮	30	口	15	láo	láo/lào	chat
嘯	30	口	16	xiào	xiào	roar
嘰	30	口	15	jī	jī	sigh in disapproval
嘱	30	口	15	zhǔ	zhǔ	order
嘲	30	口	15	cháo	cháo	ridicule
嘳	30	口	15	kuì	kuì	
嘴	30	口	16	zuǐ	zuǐ	mouth
嘵	30	口	15	xiāo	xiāo	garrulous
嘶	30	口	15	sī	sī	neighing of a horse
嘷	30	口	15	háo	háo	the roaring of wild beasts
嘸	30	口	15	fǔ	ḿ/fǔ	unclear
嘹	30	口	15	liáo	liáo	used describe clarity of voice
嘺	30	口	15	qiáo	qiáo	(Cant.) coincidental
嘻	30	口	15	xī	xī	mirthful
嘼	30	口	15	chù	chù	
嘽	30	口	15	chǎn	chǎn/tān	pant
嘾	30	口	15	dàn	dàn	
嘿	30	口	15	hēi	hēi	be silent
噀	30	口	15	xùn	xùn	spurt out of the mouth
噁	30	口	15	ě	ě	nastiness
噂	30	口	15	zǔn	zǔn	meet
噃	30	口	15	fān	fān	(Cant.) emphatic final particle
噄	30	口	15	chī	chī	
噅	30	口	15	huī	huī	to speak falsely or wrongly
噆	30	口	15	zǎn	zǎn	to hold in the mouth
噇	30	口	15	chuáng	chuáng	eating and drinking without restraint
噈	30	口	15	cù	cù	
噉	30	口	14	dàn	dàn	bite
噊	30	口	15	yù	yù	
噋	30	口	15	tūn	tūn	to swallow hastily
噌	30	口	15	cēng	cēng	scold
噍	30	口	15	jiào	jiào	chew
噎	30	口	15	yē	yē	choke
噏	30	口	15	xī	xī	inhale
噐	30	口	15	qì	qì	receptacle
噑	30	口	14	háo	háo	the roar of beasts
噒	30	口	15	lián	lián	(Cant.) to suck and gnaw on bones
噓	30	口	15	xū	xū	exhale
噔	30	口	15	dēng	dēng	syllable
噕	87	爪	15	huī	huī	to speak falsely or wrongly
噖	30	口	15	yín	yín	
噗	30	口	15	pū	pū	burst
噘	30	口	15	juē	juē	pouting
噙	30	口	15	qín	qín	hold in mouth
噚	30	口	15	xún	xún	fathom
噛	30	口	15	niè	niè	bite
噜	30	口	15	lū	lū	verbose
噝	30	口	15	sī	sī	hiss
噞	30	口	16	yǎn	yǎn	the movement of a fish's mouth at the surface of the water
噟	30	口	16	yìng	yìng	
噠	30	口	15	dā	dā	sound made to get a horse to move forward
噡	30	口	16	zhān	zhān	
噢	30	口	15	ō	ō	moan
噣	30	口	16	zhòu	zhòu	a beak
噤	30	口	16	jìn	jìn	close
噥	30	口	16	nóng	nóng	whisper
噦	30	口	16	huì	huì/yuě	belch
噧	30	口	15	xiè	xiè	
器	30	口	16	qì	qì	receptacle
噩	30	口	16	è	è	bad
噪	30	口	16	zào	zào	be noisy
噫	30	口	16	yī	yī	belch
噬	30	口	16	shì	shì	bite
噭	30	口	16	jiào	jiào	shout
噮	30	口	16	yuàn	yuàn	
噯	30	口	16	āi	āi/ǎi/ài	interjection
噰	30	口	16	yōng	yōng	
噱	30	口	16	xué	xué	laugh heartily
噲	30	口	16	kuài	kuài	swallow
噳	30	口	16	yǔ	yǔ	many
噴	30	口	15	pēn	pēn	spurt
噵	30	口	15	dào	dào	
噶	30	口	15	gá	gá	used in transliterations
噷	30	口	16	xīn	hm/xīn	an exclamation
噸	30	口	16	dūn	dūn	ton (metric or English)
噹	30	口	16	dāng	dāng	sound of bells
噺	30	口	16	xīn	xīn	story
噻	30	口	16	sāi	sāi	character used in translation
噼	30	口	16	pī	pī	sound
噽	30	口	17	pǐ	pǐ	mound
噾	30	口	17	yīn	yīn	
噿	30	口	17	zuǐ	zuǐ	
嚀	30	口	17	níng	níng	enjoin
嚁	30	口	17	dí	dí	
嚂	30	口	17	làn	làn	
嚃	30	口	16	tā	tā	gobble
嚄	30	口	17	huō	huō	roar
嚅	30	口	17	rú	rú	talk indistinctly and falteringly
嚆	30	口	16	hāo	hāo	give forth sound
嚇	30	口	17	xià	hè/xià	scare
嚈	30	口	17	yè	yè	
嚉	30	口	17	duō	duō	(Cant.) to swell
嚊	30	口	17	pì	pì	to pant
嚋	30	口	17	chóu	chóu	
嚌	30	口	17	jì	jì	to sip
嚍	30	口	17	jìn	jìn	
嚎	30	口	17	háo	háo	cry loudly
嚏	30	口	17	tì	tì	sneeze
嚐	30	口	17	cháng	cháng	taste
嚑	30	口	17	xūn	xūn	
嚒	30	口	17	mē	mē	
嚓	30	口	17	cā	cā/chā	a cracking or snapping sound
嚔	30	口	18	tì	tì	sneeze
嚕	30	口	18	lǔ	lǔ	verbose
嚖	30	口	18	huì	huì	
嚗	30	口	18	bó	bó	
嚘	30	口	18	yōu	yōu	
嚙	30	口	18	niè	niè	bite
嚚	30	口	18	yín	yín	argumentative
嚛	30	口	18	hù	hù	
嚜	30	口	18	me	me	be silent
嚝	30	口	17	hōng	hōng	
嚞	30	口	18	zhé	zhé	
嚟	30	口	18	lí	lí	(Cant.) to come
嚠	30	口	18	liú	liú	a clear sound
嚡	30	口	18	hái	hái	(Cant.) rough
嚢	30	口	18	náng	náng	bag
嚣	30	口	18	xiāo	xiāo	be noisy
嚤	30	口	18	mó	mó	(Cant.) slow
嚥	30	口	19	yàn	yàn	swallow
嚦	30	口	19	lì	lì	used in onomatopoetic expressions
嚧	30	口	19	lú	lú	
嚨	30	口	19	lóng	lóng	throat
嚩	30	口	19	mó	mó	
嚪	30	口	19	dàn	dàn	
嚫	30	口	19	chèn	chèn	(Cant.) aspect marker of injury
嚬	30	口	19	pín	pín	frown
嚭	30	口	19	pǐ	pǐ	mound
嚮	30	口	17	xiàng	xiàng	guide
嚯	30	口	19	huò	huò	
嚰	30	口	19	mó	mó	
嚱	30	口	20	xì	xì	a shrill noise
嚲	30	口	20	duǒ	duǒ	read aloud
嚳	30	口	20	kù	kù	mythical emperor
嚴	30	口	20	yán	yán	strict
嚵	30	口	20	chán	chán	gluttonous
嚶	30	口	20	yīng	yīng	seek friends
嚷	30	口	20	rǎng	rāng/rǎng	shout
嚸	30	口	20	diǎn	diǎn	
嚹	30	口	20	lá	lá	(Cant.) a particle implying completion
嚺	30	口	20	tà	tà	
嚻	30	口	21	xiāo	xiāo	be noisy
嚼	30	口	20	jué	jiáo/jiào/jué	prattle
嚽	30	口	20	chuò	chuò	
嚾	30	口	20	huān	huān	
嚿	30	口	20	huò	huò	(Cant.) a lump
囀	30	口	21	zhuàn	zhuàn	sing
囁	30	口	21	niè	niè	move lips as when speaking
囂	30	口	21	xiāo	xiāo	be noisy
囃	30	口	21	cà	cà	to play (on an instrument)
囄	30	口	21	lí	lí	(Cant.) to come
囅	30	口	22	chǎn	chǎn	smile
囆	30	口	21	chài	chài	
囇	30	口	22	lì	lì	
囈	30	口	21	yì	yì	talk in one's sleep
囉	30	口	22	luō	luō/luó	exclamatory final particle
囊	30	口	22	náng	nāng/náng	bag
囋	30	口	22	zá	zá	
囌	30	口	22	sū	sū	loquacious
囍	30	口	24	xǐ	xǐ	double happiness
囎	30	口	22	zèng	zèng	
囏	30	口	23	jiān	jiān	
囐	30	口	23	zá	zá	
囑	30	口	24	zhǔ	zhǔ	order
囒	30	口	23	lán	lán	confused talk
囓	30	口	24	niè	niè	gnaw
囔	30	口	25	nāng	nāng	muttering
囕	30	口	25	lǎn	lǎn	
囖	30	口	28	luō	luō	(Cant.) final particle for pointing out the obvious
囗	31	囗	3	wéi	wéi	erect
囘	13	冂	5	huí	huí	return
囙	31	囗	5	yīn	yīn	
囚	31	囗	5	qiú	qiú	prisoner
四	31	囗	5	sì	sì	four
囜	31	囗	5	nín	nín	
囝	31	囗	6	jiǎn	jiǎn/nān	baby
回	31	囗	6	huí	huí	return
囟	31	囗	6	xìn	xìn	top of the head
因	31	囗	6	yīn	yīn	cause
囡	31	囗	6	nān	nān	one's daughter
团	31	囗	6	tuán	tuán	sphere
団	31	囗	6	tuán	tuán	sphere
囤	31	囗	7	dùn	dùn/tún	grain basket
囥	31	囗	7	kàng	kàng	hide
囦	31	囗	7	yuān	yuān	
囧	31	囗	7	jiǒng	jiǒng	
囨	31	囗	7	piān	piān	
囩	31	囗	7	yún	yún	
囪	31	囗	7	cōng	cōng	chimney
囫	31	囗	7	hú	hú	entire
囬	31	囗	7	huí	huí	to return to or from
园	31	囗	7	yuán	yuán	garden
囮	31	囗	7	é	é	inveigle
囯	31	囗	7	guó	guó	(variant of 国) nation
困	31	囗	7	kùn	kùn	to surround
囱	31	囗	7	cōng	cōng	chimney
囲	31	囗	7	tōng	tōng	surround
図	31	囗	7	tú	tú	diagram
围	31	囗	7	wéi	wéi	surround
囵	31	囗	7	lún	lún	all
囶	31	囗	8	guó	guó	
囷	31	囗	8	qūn	qūn	round-shaped storage bin for grain
囸	31	囗	8	rì	rì	
囹	31	囗	8	líng	líng	prison
固	31	囗	8	gù	gù	to become solid
囻	31	囗	8	guó	guó	
囼	31	囗	8	tāi	tāi	
国	31	囗	8	guó	guó	nation
图	31	囗	8	tú	tú	diagram
囿	31	囗	9	yòu	yòu	pen up
圀	31	囗	9	guó	guó	nation
圁	31	囗	10	yín	yín	
圂	31	囗	10	hùn	hùn	pig-sty
圃	31	囗	10	pǔ	pǔ	garden
圄	31	囗	10	yǔ	yǔ	prison
圅	31	囗	10	hán	hán	correspondence
圆	31	囗	10	yuán	yuán	circle
圇	31	囗	11	lún	lún	all
圈	31	囗	11	quān	juān/juàn/quān	to circle
圉	31	囗	11	yǔ	yǔ	stable
圊	31	囗	11	qīng	qīng	rest room
國	31	囗	11	guó	guó	nation
圌	31	囗	12	chuí	chuí	fence
圍	31	囗	12	wéi	wéi	surround
圎	31	囗	12	yuán	yuán	circle
圏	31	囗	12	quān	quān	to circle
圐	31	囗	12	kū	kū	place in Shānyīn county
圑	31	囗	13	pǔ	pǔ	
園	31	囗	13	yuán	yuán	garden
圓	31	囗	13	yuán	yuán	circle
圔	31	囗	13	yà	yà	
圕	31	囗	13	tú	tú	library
圖	31	囗	14	tú	tú	diagram
圗	31	囗	14	tú	tú	diagram
團	31	囗	14	tuán	tuán	sphere
圙	31	囗	14	lüè	lüè	
圚	31	囗	15	huì	huì	
圛	31	囗	16	yì	yì	used in place names
圜	31	囗	16	huán	huán/yuán	circle
圝	31	囗	22	luán	luán	entire
圞	31	囗	26	luán	luán	entire
土	32	土	3	tǔ	tǔ	soil
圠	32	土	4	yà	yà	
圡	32	土	4	tǔ	tǔ	
圢	32	土	5	tǐng	tǐng	paths between fields
圣	32	土	5	shèng	shèng	holy
圤	32	土	5	pú	pú	
圥	32	土	5	lù	lù	mushroom
圦	32	土	5	kuài	kuài	(kokuji) water gate
圧	32	土	5	yā	yā	(same as 壓) to press
在	32	土	6	zài	zài	be at
圩	32	土	6	wéi	wéi/xū	dike
圪	32	土	6	gē	gē	(圪墶) a pimple
圫	32	土	6	tuō	tuō	
圬	32	土	6	wū	wū	plaster over with layer of mud
圭	32	土	6	guī	guī	jade pointed at top
圮	32	土	6	pǐ	pǐ	destroyed
圯	32	土	6	yí	yí	bridge
地	32	土	6	de	de/dì	earth
圱	32	土	6	qiān	qiān	
圲	32	土	6	qiān	qiān	
圳	32	土	6	zhèn	zhèn	furrow in field
圴	32	土	6	zhuó	zhuó	
圵	32	土	6	dàng	dàng	
圶	32	土	6	qià	qià	
圷	32	土	6	xià	xià	
圸	32	土	6	shān	shān	
圹	32	土	6	kuàng	kuàng	tomb
场	32	土	6	chǎng	cháng/chǎng	open space
圻	32	土	7	qí	qí	border
圼	32	土	7	niè	niè	
圽	32	土	7	mò	mò	
圾	32	土	6	jī	jī	garbage
圿	32	土	7	jiá	jiá	
址	32	土	7	zhǐ	zhǐ	site
坁	32	土	7	zhǐ	zhǐ	
坂	32	土	7	bǎn	bǎn	hillside
坃	32	土	7	xūn	xūn	
坄	32	土	7	yì	yì	
坅	32	土	7	qǐn	qǐn	
坆	32	土	7	méi	méi	a grave
均	32	土	7	jūn	jūn	equal
坈	32	土	7	rǒng	rǒng	
坉	32	土	7	tún	tún	
坊	32	土	7	fāng	fāng/fáng	neighborhood
坋	32	土	7	bèn	fèn/bèn	dust
坌	32	土	7	bèn	bèn	dust
坍	32	土	7	tān	tān	collapse
坎	32	土	7	kǎn	kǎn	pit
坏	32	土	7	huài	huài	rotten
坐	32	土	7	zuò	zuò	sit
坑	32	土	7	kēng	kēng	pit
坒	32	土	7	bì	bì	to compare
坓	32	土	7	jǐng	jǐng	
坔	32	土	7	dì	dì	
坕	32	土	7	jīng	jīng	
坖	32	土	7	jì	jì	
块	32	土	7	kuài	kuài	piece
坘	32	土	7	dǐ	dǐ	
坙	32	土	7	jīng	jīng	
坚	32	土	7	jiān	jiān	hard
坛	32	土	7	tán	tán	altar
坜	32	土	7	lì	lì	a hole
坝	32	土	7	bà	bà	embankment
坞	32	土	7	wù	wù	entrenchment
坟	32	土	7	fén	fén	grave
坠	32	土	7	zhuì	zhuì	fall down
坡	32	土	8	pō	pō	slope
坢	32	土	8	bàn	bàn	
坣	32	土	8	táng	táng	hall
坤	32	土	8	kūn	kūn	earth
坥	32	土	8	qū	qū	
坦	32	土	8	tǎn	tǎn	flat
坧	32	土	8	zhī	zhī	
坨	32	土	8	tuó	tuó	a lump
坩	32	土	8	gān	gān	earthenware
坪	32	土	8	píng	píng	level ground
坫	32	土	8	diàn	diàn	a stand on which to replace goblets after drinking
坬	32	土	8	guà	guà/wā	
坭	32	土	8	ní	ní	mud
坮	32	土	8	tái	tái	platform
坯	32	土	8	pī	pī	dam
坰	32	土	8	jiōng	jiōng	wilds
坱	32	土	8	yǎng	yǎng	dust
坲	32	土	8	fó	fó	
坳	32	土	8	ào	ào	a hollow in the ground
坴	32	土	8	lù	lù	a clod of earth
坵	32	土	8	qiū	qiū	earthenware
坶	32	土	8	mǔ	mǔ	
坷	32	土	8	kě	kē/kě	clod of earth
坸	32	土	8	gòu	gòu	
坹	32	土	8	xuè	xuè	
坺	32	土	8	bá	bá	(Cant.) classifier for soft masses
坻	32	土	8	dǐ	dǐ	an islet
坼	32	土	8	chè	chè	split
坽	32	土	8	líng	líng	
坾	32	土	8	zhù	zhù	
坿	32	土	8	fù	fù	mound
垀	32	土	8	hū	hū	
垁	32	土	8	zhì	zhì	
垂	32	土	8	chuí	chuí	let down
垃	32	土	8	lā	lā	garbage
垄	32	土	8	lǒng	lǒng	grave
垅	32	土	8	lǒng	lǒng	mound
垆	32	土	8	lú	lú	black clods of earth
垇	32	土	8	ào	ào	used in place names
垈	32	土	8	dài	dài	used in place names
垉	32	土	8	páo	páo	
垊	32	土	8	mín	mín	
型	32	土	9	xíng	xíng	pattern
垌	32	土	9	dòng	dòng/tóng	a field
垍	32	土	9	jì	jì	firm ground
垎	32	土	9	hè	hè	
垏	32	土	9	lǜ	lǜ	
垐	32	土	9	cí	cí	
垑	32	土	9	chǐ	chǐ	
垒	32	土	9	lěi	lěi	rampart
垓	32	土	9	gāi	gāi	border
垔	32	土	9	yīn	yīn	to restrain
垕	32	土	9	hòu	hòu	used in place names
垖	32	土	9	duī	duī	
垗	32	土	9	zhào	zhào	sacrifice
垘	32	土	9	fú	fú	
垙	32	土	9	guāng	guāng	
垚	32	土	9	yáo	yáo	mound
垛	32	土	9	duǒ	duǒ/duò	heap
垜	32	土	9	duǒ	duǒ/duò	heap
垝	32	土	9	guǐ	guǐ	dilapidated
垞	32	土	9	chá	chá	small mound
垟	32	土	9	yáng	yáng	a cultivated field
垠	32	土	9	yín	yín	boundary
垡	32	土	9	fá	fá	plow soil
垢	32	土	9	gòu	gòu	dirt
垣	32	土	9	yuán	yuán	low wall
垤	32	土	9	dié	dié	ant-hill
垥	32	土	9	xié	xié	
垦	32	土	9	kěn	kěn	cultivate
垧	32	土	9	shǎng	shǎng	variable unit of land measure
垨	32	土	9	shǒu	shǒu	
垩	32	土	9	è	è	holy
垪	32	土	9	bìng	bìng	
垫	32	土	9	diàn	diàn	advance money
垬	32	土	9	hóng	hóng	
垭	32	土	9	yā	yā	character used in place names
垮	32	土	9	kuǎ	kuǎ	be defeated
垯	32	土	9	dá	da/dá	(圪墶) a pimple
垰	32	土	9	kǎ	kǎ	
垱	32	土	9	dàng	dàng	a dike used to divert water in a rice paddy or field for irrigation
垲	32	土	9	kǎi	kǎi	high and dry place
垳	32	土	9	háng	háng	
垴	32	土	9	nǎo	nǎo	small
垵	32	土	9	ān	ān	cover with earth
垶	32	土	10	xīng	xīng	
垷	32	土	10	xiàn	xiàn	
垸	32	土	10	yuàn	yuàn	a dyke
垹	32	土	9	bāng	bāng	
垺	32	土	10	fú	fú	
垻	32	土	10	bà	bà	an embankment
垼	32	土	10	yì	yì	
垽	32	土	10	yìn	yìn	(Cant.) sediment
垾	32	土	10	hàn	hàn	
垿	32	土	10	xù	xù	
埀	32	土	10	chuí	chuí	let down
埁	32	土	10	qín	qín	
埂	32	土	10	gěng	gěng	ditches for irrigation
埃	32	土	10	āi	āi	fine dust
埄	32	土	10	běng	běng	whirling of dust in the wind
埅	32	土	9	fáng	fáng	
埆	32	土	10	què	què	stony
埇	32	土	10	yǒng	yǒng	name of bridge
埈	32	土	10	jùn	jùn	high
埉	32	土	10	jiā	jiā	
埊	32	土	10	dì	dì	
埋	32	土	10	mái	mái/mán	bury
埌	32	土	10	làng	làng	waste
埍	32	土	10	juǎn	juǎn	
城	32	土	9	chéng	chéng	castle
埏	32	土	9	shān	shān	a boundary
埐	32	土	10	jīn	jīn	
埑	32	土	10	zhé	zhé	
埒	32	土	10	liè	liè	enclosure
埓	32	土	10	liè	liè	enclosure
埔	32	土	10	bù	bù/pǔ	plain
埕	32	土	10	chéng	chéng	a large
埖	32	土	10	huā	huā	
埗	32	土	10	bù	bù	(same as 埠) a wharf
埘	32	土	10	shí	shí	roost
埙	32	土	10	xūn	xūn	instrument
埚	32	土	10	guō	guō	crucible
埛	32	土	10	jiōng	jiōng	
埜	32	土	11	yě	yě	open country
埝	32	土	11	niàn	niàn	bank
埞	32	土	11	dī	dī	(Cant.) place
域	32	土	11	yù	yù	district
埠	32	土	11	bù	bù	port city
埡	32	土	11	yā	yā	character used in place names
埢	32	土	11	quán	quán	
埣	32	土	11	suì	suì	
埤	32	土	11	pí	pì/pí	add
埥	32	土	11	qīng	qīng	
埦	32	土	11	wǎn	wǎn	a bowl
埧	32	土	11	jù	jù	dam
埨	32	土	11	lǔn	lǔn	
埩	32	土	9	zhēng	zhēng	
埪	32	土	11	kōng	kōng	
埫	32	土	11	tǎng	tǎng	
埬	32	土	11	dōng	dōng	
埭	32	土	11	dài	dài	a dam
埮	32	土	11	tàn	tàn	
埯	32	土	11	ǎn	ǎn	cover with earth
埰	32	土	11	cài	cài	fief
埱	32	土	11	chù	chù	
埲	32	土	11	běng	běng	(Cant.) classifier for walls
埳	32	土	11	kǎn	kǎn	a pit
埴	32	土	11	zhí	zhí	soil with large clay content
埵	32	土	11	duǒ	duǒ	hardened dirt or clay
埶	32	土	11	yì	yì	art
執	32	土	11	zhí	zhí	hold in hand
埸	32	土	11	yì	yì	a border
培	32	土	11	péi	péi	bank up with dirt
基	32	土	11	jī	jī	foundation
埻	32	土	11	zhǔn	zhǔn	bull's-eye
埼	32	土	11	qí	qí	headland
埽	32	土	11	sào	sào	broom
埾	32	土	11	jù	jù	
埿	32	土	11	ní	ní	
堀	32	土	11	kū	kū	cave
堁	32	土	11	kè	kè	
堂	32	土	11	táng	táng	hall
堃	32	土	11	kūn	kūn	compliance
堄	32	土	11	nì	nì	parapet
堅	32	土	11	jiān	jiān	hard
堆	32	土	11	duī	duī	heap
堇	32	土	11	jǐn	jǐn	yellow loam
堈	32	土	11	gāng	gāng	earthen jug
堉	32	土	11	yù	yù	ground
堊	32	土	11	è	è	white earth
堋	32	土	11	péng	péng	bury
堌	32	土	11	gù	gù	dam
堍	32	土	11	tù	tù	the flat ground at either end of a bridge
堎	32	土	11	lèng	lèng	a place in Xīnjiàn county
堏	32	土	11	fáng	fáng	
堐	32	土	11	yá	yá	
堑	32	土	11	qiàn	qiàn	moat
堒	32	土	11	kūn	kūn	
堓	32	土	11	àn	àn	
堔	32	土	11	shēn	shēn	
堕	32	土	11	duò	duò	fall
堖	32	土	12	nǎo	nǎo	small
堗	32	土	12	tū	tū	
堘	32	土	12	chéng	chéng	a raised path between field which acts as a dyke
堙	32	土	12	yīn	yīn	bury
堚	32	土	12	hún	hún	
堛	32	土	12	bì	bì	
堜	32	土	12	liàn	liàn	
堝	32	土	11	guō	guō	crucible
堞	32	土	12	dié	dié	plate
堟	32	土	12	zhuàn	zhuàn	
堠	32	土	12	hòu	hòu	battlements
堡	32	土	12	bǎo	bǎo/bǔ/pù	fort
堢	32	土	12	bǎo	bǎo	
堣	32	土	12	yú	yú	
堤	32	土	12	dī	dī	dike
堥	32	土	12	máo	máo	
堦	32	土	12	jiē	jiē	stairs
堧	32	土	12	ruán	ruán	adjoin
堨	32	土	12	è	è	daub
堩	32	土	12	gèng	gèng	
堪	32	土	12	kān	kān	adequately capable of
堫	32	土	12	zōng	zōng	
堬	32	土	12	yú	yú	
堭	32	土	12	huáng	huáng	a dry moat outside a city wall
堮	32	土	12	è	è	a boundary
堯	32	土	12	yáo	yáo	a legendary ancient emperor-sage
堰	32	土	12	yàn	yàn	dam
報	32	土	12	bào	bào	report
堲	32	土	10	jí	jí	hate
堳	32	土	12	méi	méi	land allotment feudal noble
場	32	土	12	chǎng	cháng/chǎng	open space
堵	32	土	11	dǔ	dǔ	wall
堶	32	土	12	tuó	tuó	throw heavy weights
堷	32	土	12	yìn	yìn	
堸	32	土	12	féng	féng	
堹	32	土	12	zhòng	zhòng	
堺	32	土	12	jiè	jiè	person's name
堻	32	土	12	jīn	jīn	
堼	32	土	12	hèng	hèng	
堽	32	土	13	gāng	gāng	mound
堾	32	土	12	chūn	chūn	
堿	32	土	12	jiǎn	jiǎn	salty
塀	32	土	12	píng	píng	wall
塁	32	土	12	lěi	lěi	rampart
塂	32	土	12	xiàng	xiàng	
塃	32	土	12	huāng	huāng	mined ore
塄	32	土	12	léng	léng	elevated bank in field
塅	32	土	12	duàn	duàn	a large flat area
塆	32	土	12	wān	wān	
塇	32	土	12	xuān	xuān	
塈	32	土	12	jì	jì	paint
塉	32	土	13	jí	jí	
塊	32	土	13	kuài	kuài	piece
塋	32	土	13	yíng	yíng	grave
塌	32	土	13	tā	tā	fall in ruins
塍	32	土	13	chéng	chéng	a raised path between fields
塎	32	土	13	yǒng	yǒng	
塏	32	土	13	kǎi	kǎi	high and dry place
塐	32	土	13	sù	sù	model in clay
塑	32	土	13	sù	sù	model in clay
塒	32	土	13	shí	shí	roost
塓	32	土	13	mì	mì	plaster
塔	32	土	12	tǎ	tǎ	tower
塕	32	土	13	wěng	wěng	a gust of wind
塖	32	土	13	chéng	chéng	
塗	32	土	13	tú	tú	smear
塘	32	土	13	táng	táng	pond
塙	32	土	13	què	què	truly
塚	32	土	13	zhǒng	zhǒng	cemetery
塛	32	土	13	lì	lì	
塜	32	土	13	zhǒng	zhǒng	dusty
塝	32	土	13	bàng	bàng	flat bank
塞	32	土	13	sāi	sāi/sài/sè	stop up
塟	32	土	12	zàng	zàng	to bury
塠	32	土	12	duī	duī	
塡	32	土	13	tián	tián	fill in
塢	32	土	13	wù	wù	entrenchment
塣	32	土	13	zhèng	zhèng	
塤	32	土	13	xūn	xūn	instrument
塥	32	土	13	gé	gé	
塦	32	土	12	zhèn	zhèn	
塧	32	土	13	ài	ài	
塨	32	土	13	gōng	gōng	used in personal names
塩	32	土	13	yán	yán	salt
塪	32	土	13	kǎn	kǎn	
填	32	土	13	tián	tián	fill in
塬	32	土	13	yuán	yuán	plateau
塭	32	土	12	wēn	wēn	fish farm
塮	32	土	13	xiè	xiè	
塯	32	土	13	liù	liù	
塰	32	土	13	hǎi	hǎi	
塱	32	土	13	lǎng	lǎng	place name in Guangdong province
塲	32	土	14	cháng	cháng/chǎng	open space
塳	32	土	13	péng	péng	(Cant.) classifier for walls
塴	32	土	14	bèng	bèng	
塵	32	土	14	chén	chén	dust
塶	32	土	14	lù	lù	
塷	32	土	14	lǔ	lǔ	
塸	32	土	14	ōu	ōu	
塹	32	土	14	qiàn	qiàn	moat
塺	32	土	14	méi	méi	
塻	32	土	13	mò	mò	
塼	32	土	14	zhuān	zhuān	brick
塽	32	土	14	shuǎng	shuǎng	plateau
塾	32	土	14	shú	shú	village school
塿	32	土	14	lǒu	lǒu	small mound
墀	32	土	15	chí	chí	porch
墁	32	土	14	màn	màn	to plaster
墂	32	土	14	biāo	biāo	
境	32	土	14	jìng	jìng	boundary
墄	32	土	14	cè	cè	the steps of a stairway
墅	32	土	14	shù	shù	villa
墆	32	土	14	zhì	zhì	
墇	32	土	14	zhàng	zhàng	
墈	32	土	14	kàn	kàn	cliff
墉	32	土	14	yōng	yōng	wall
墊	32	土	14	diàn	diàn	advance money
墋	32	土	14	chěn	chěn	
墌	32	土	14	zhí	zhí	
墍	32	土	14	xì	xì	paint
墎	32	土	13	guō	guō	
墏	32	土	14	qiǎng	qiǎng	
墐	32	土	14	jìn	jìn	to build with soil
墑	32	土	14	dì	dì	
墒	32	土	14	shāng	shāng	wet
墓	32	土	13	mù	mù	grave
墔	32	土	14	cuī	cuī	
墕	32	土	14	yàn	yān/yàn	
墖	32	土	14	tǎ	tǎ	pagoda
増	32	土	14	zēng	zēng	increase
墘	32	土	14	qián	qián	(Cant.) halfway
墙	32	土	14	qiáng	qiáng	wall
墚	32	土	14	liáng	liáng	mountain range
墛	32	土	14	wèi	wèi	
墜	32	土	14	zhuì	zhuì	fall down
墝	32	土	15	qiāo	qiāo	stony
增	32	土	15	zēng	zēng	increase
墟	32	土	14	xū	xū	high mound
墠	32	土	15	shàn	shàn	smooth
墡	32	土	15	shàn	shàn	chalk
墢	32	土	15	bá	bá	
墣	32	土	15	pú	pú	
墤	32	土	15	kuài	kuài	to fall in ruins
墥	32	土	15	dǒng	dǒng	
墦	32	土	15	fán	fán	tomb
墧	32	土	15	què	què	
墨	203	黑	15	mò	mò	ink
墩	32	土	15	dūn	dūn	heap
墪	32	土	15	dūn	dūn	a heap
墫	32	土	15	zūn	zūn	cup
墬	32	土	14	dì	dì	to fall
墭	32	土	14	shèng	shèng	
墮	32	土	15	duò	duò	fall
墯	32	土	15	duò	duò	
墰	32	土	15	tán	tán	an earthenware jar
墱	32	土	15	dèng	dèng	stone steps
墲	32	土	15	mú	mú	
墳	32	土	15	fén	fén	grave
墴	32	土	14	huáng	huáng	
墵	32	土	15	tán	tán	
墶	32	土	15	dā	da/dā	(圪墶) a pimple
墷	32	土	13	yè	yè	
墸	32	土	14	zhù	zhù	
墹	32	土	15	jiàn	jiàn	
墺	32	土	15	ào	ào	four walls
墻	32	土	16	qiáng	qiáng	wall
墼	32	土	16	jī	jī	unfired brick
墽	32	土	16	qiāo	qiāo	
墾	32	土	16	kěn	kěn	cultivate
墿	32	土	16	yì	yì	
壀	32	土	16	pí	pí	
壁	32	土	16	bì	bì	partition wall
壂	32	土	16	diàn	diàn	
壃	32	土	16	jiāng	jiāng	
壄	32	土	16	yě	yě	open country
壅	32	土	16	yōng	yōng	to obstruct
壆	32	土	16	xué	xué	stiff
壇	32	土	16	tán	tán	altar
壈	32	土	16	lǎn	lǎn	disappointed
壉	32	土	16	jù	jù	
壊	32	土	16	huài	huài	bad
壋	32	土	16	dàng	dàng	a dike used to divert water in a rice paddy or field for irrigation
壌	32	土	16	rǎng	rǎng	soil
壍	32	土	17	qiàn	qiàn	moat around a city. a channel
壎	32	土	17	xūn	xūn	instrument
壏	32	土	17	xiàn	xiàn	
壐	32	土	17	xǐ	xǐ	the Imperial signet
壑	32	土	17	hè	hè	bed of torrent
壒	32	土	16	ài	ài	dust
壓	32	土	17	yā	yā/yà	press
壔	32	土	17	dǎo	dǎo	a mound
壕	32	土	17	háo	háo	trench
壖	32	土	17	ruán	ruán	open space along water
壗	32	土	17	jìn	jìn	
壘	32	土	18	lěi	lěi	rampart
壙	32	土	17	kuàng	kuàng	tomb
壚	32	土	19	lú	lú	black clods of earth
壛	32	土	19	yán	yán	
壜	32	土	19	tán	tán	earthen jar or jug
壝	32	土	18	wěi	wěi	a mound
壞	32	土	19	huài	huài	bad
壟	32	土	19	lǒng	lǒng	grave
壠	32	土	19	lǒng	lǒng	mound
壡	29	又	19	ruì	ruì	
壢	32	土	19	lì	lì	a hole
壣	32	土	20	lín	lín	
壤	32	土	20	rǎng	rǎng	soil
壥	32	土	20	chán	chán	
壦	32	土	20	xūn	xūn	
壧	32	土	22	yán	yán	
壨	32	土	23	léi	léi	
壩	32	土	24	bà	bà	embankment
壪	32	土	25	wān	wān	
士	33	士	3	shì	shì	scholar
壬	33	士	4	rén	rén	ninth heavenly stem
壭	33	士	5	san	san	kwukyel
壮	33	士	6	zhuàng	zhuàng	big
壯	33	士	7	zhuàng	zhuàng	big
声	33	士	7	shēng	shēng	sound
壱	33	士	7	yī	yī	number one
売	33	士	7	mài	mài	sell
壳	33	士	7	ké	ké/qiào	casing
壴	33	士	9	zhù	zhù	
壵	33	士	9	zhuàng	zhuàng	
壶	33	士	10	hú	hú	jar
壷	33	士	11	hú	hú	jar
壸	33	士	11	kǔn	kǔn	palace corridor or passageway
壹	33	士	12	yī	yī	number one
壺	33	士	12	hú	hú	jar
壻	33	士	12	xù	xù	son-in-law
壼	33	士	13	kǔn	kǔn	palace corridor or passageway
壽	33	士	14	shòu	shòu	old age
壾	33	士	13	mǎng	mǎng	
壿	33	士	15	zūn	zūn	
夀	33	士	14	shòu	shòu	life
夁	33	士	16	yī	yī	
夂	34	夂	3	zhǐ	zhǐ	go
夃	34	夂	4	gǔ	gǔ	
处	34	夂	5	chù	chǔ/chù	place
夅	34	夂	6	jiàng	jiàng	to descend
夆	34	夂	7	féng	féng	resist
备	34	夂	8	bèi	bèi	prepare
夈	34	夂	9	zhāi	zhāi	
変	35	夊	9	biàn	biàn	change
夊	35	夊	3	suī	suī	Kangxi radical 35
夋	35	夊	7	qūn	qūn	to dawdle
夌	35	夊	8	líng	líng	to dawdle
复	35	夊	9	fù	fù	return
夎	35	夊	10	cuò	cuò	
夏	35	夊	10	xià	xià	summer
夐	35	夊	14	xiòng	xiòng	long
夑	35	夊	18	xiè	xiè	
夒	35	夊	19	náo	náo	a kind of monkey
夓	35	夊	19	xià	xià	
夔	35	夊	21	kuí	kuí	one-legged monster
夕	36	夕	3	xī	xī	evening
外	36	夕	5	wài	wài	out
夗	36	夕	5	yuàn	yuàn	to turn over when asleep
夘	36	夕	5	mǎo	mǎo	fourth earthly branch
夙	36	夕	6	sù	sù	early in morning
多	36	夕	6	duō	duō	much
夛	36	夕	6	duō	duō	much
夜	36	夕	8	yè	yè	night
夝	36	夕	8	qíng	qíng	(ancient form of 晴) clear weather
夞	36	夕	10	wài	wài	
够	36	夕	11	gòu	gòu	enough
夠	36	夕	11	gòu	gòu	enough
夡	36	夕	12	qì	qì	
夢	36	夕	14	mèng	mèng	dream
夣	36	夕	14	mèng	mèng	a dream
夤	36	夕	14	yín	yín	distant place
夥	36	夕	14	huǒ	huǒ	companion
夦	36	夕	15	chěn	chěn	
大	37	大	3	dà	dà/dài	big
夨	37	大	3	zè	zè	
天	37	大	4	tiān	tiān	sky
太	37	大	4	tài	tài	very
夫	37	大	4	fū	fū	man
夬	37	大	4	guài	guài	parted
夭	37	大	4	yāo	yāo	young
央	37	大	5	yāng	yāng	center
夯	37	大	5	hāng	hāng	heavy load
夰	37	大	5	gǎo	gǎo	
失	37	大	5	shī	shī	lose
夲	37	大	5	tāo	tāo	advance quickly
夳	37	大	5	tài	tài	
头	37	大	5	tóu	tóu	head
夵	37	大	6	yǎn	yǎn	
夶	37	大	6	bǐ	bǐ	
夷	37	大	6	yí	yí	ancient barbarian tribes
夸	37	大	6	kuā	kuā	extravagant
夹	37	大	6	jiā	gā/jiā/jiá	be wedged or inserted between
夺	37	大	6	duó	duó	take by force
夻	37	大	6	huà	huà	fish name
夼	37	大	6	kuǎng	kuǎng	low or swampy land
夽	37	大	7	yǔn	yǔn	
夾	37	大	7	jiā	gā/jiā/jiá	be wedged or inserted between
夿	37	大	7	bā	bā	
奀	37	大	7	ēn	ēn	(Cant.) skinny
奁	37	大	7	lián	lián	lady's vanity case
奂	37	大	7	huàn	huàn	be numerous
奃	37	大	8	dī	dī	
奄	37	大	8	yǎn	yǎn	ere long
奅	37	大	8	pào	pào	imaginary
奆	37	大	7	juàn	juàn	
奇	37	大	8	qí	jī/qí	strange
奈	37	大	8	nài	nài	but
奉	37	大	8	fèng	fèng	offer
奊	37	大	9	xié	xié	
奋	37	大	8	fèn	fèn	strive
奌	37	大	8	diǎn	diǎn	dot
奍	37	大	8	quān	quān	
奎	37	大	9	kuí	kuí	stride of man
奏	37	大	9	zòu	zòu	memorialize emperor
奐	37	大	9	huàn	huàn	be numerous
契	37	大	9	qì	qì	deed
奒	37	大	9	kāi	kāi	
奓	37	大	9	zhā	zhā	extravagant
奔	37	大	8	bēn	bēn/bèn	run fast
奕	37	大	9	yì	yì	in sequence
奖	37	大	9	jiǎng	jiǎng	prize
套	37	大	10	tào	tào	case
奘	37	大	10	zàng	zàng/zhuǎng	large
奙	37	大	10	běn	běn	
奚	37	大	10	xī	xī	where? what? how? why?
奛	37	大	11	huǎng	huǎng	opening
奜	37	大	11	fěi	fěi	big
奝	37	大	11	diāo	diāo	large
奞	37	大	11	xùn	xùn	the stride made by a man
奟	37	大	11	bēng	bēng	
奠	37	大	12	diàn	diàn	pay respect
奡	37	大	12	ào	ào	arrogant
奢	37	大	11	shē	shē	extravagant
奣	37	大	12	wěng	wěng	
奤	37	大	12	hǎ	hǎ/tǎi	
奥	37	大	12	ào	ào	mysterious
奦	37	大	13	wù	wù	
奧	37	大	13	ào	ào	mysterious
奨	37	大	13	jiǎng	jiǎng	prize
奩	37	大	14	lián	lián	lady's vanity case
奪	37	大	14	duó	duó	take by force
奫	37	大	15	yūn	yūn	deep and broad (expanse of water)
奬	37	大	14	jiǎng	jiǎng	prize
奭	37	大	15	shì	shì	red
奮	37	大	16	fèn	fèn	strive
奯	37	大	16	huò	huò	
奰	37	大	18	bì	bì	anger
奱	37	大	22	luán	luán	
奲	37	大	23	duǒ	duǒ	
女	38	女	3	nǚ	nǚ	woman
奴	38	女	5	nú	nú	slave
奵	38	女	5	dǐng	dǐng	
奶	38	女	5	nǎi	nǎi	milk
奷	38	女	6	qiān	qiān	
奸	38	女	6	jiān	jiān	crafty
她	38	女	6	tā	tā	she
奺	38	女	6	jiǔ	jiǔ	
奻	38	女	6	nuán	nuán	
奼	38	女	6	chà	chà	beautiful
好	38	女	6	hǎo	hǎo/hào	good
奾	38	女	6	xiān	xiān	
奿	38	女	6	fàn	fàn	
妀	38	女	6	jǐ	jǐ	
妁	38	女	6	shuò	shuò	act as go-between
如	38	女	6	rú	rú	if
妃	38	女	6	fēi	fēi	wife
妄	38	女	6	wàng	wàng	absurd
妅	38	女	6	hóng	hóng	
妆	38	女	6	zhuāng	zhuāng	to adorn oneself
妇	38	女	6	fù	fù	married women
妈	38	女	6	mā	mā	mother
妉	38	女	7	dān	dān	
妊	38	女	7	rèn	rèn	conceive
妋	38	女	7	fū	fū	
妌	38	女	7	jìng	jìng	
妍	38	女	7	yán	yán	beautiful
妎	38	女	7	hài	hài	jealous
妏	38	女	7	wèn	wèn	
妐	38	女	7	zhōng	zhōng	
妑	38	女	7	pā	pā	
妒	38	女	7	dù	dù	jealous
妓	38	女	7	jì	jì	prostitute
妔	38	女	7	kēng	kēng	
妕	38	女	7	zhòng	zhòng	
妖	38	女	7	yāo	yāo	strange
妗	38	女	7	jìn	jìn	wife of mother's brother
妘	38	女	7	yún	yún	surname
妙	38	女	7	miào	miào	mysterious
妚	38	女	7	fǒu	fǒu	
妛	38	女	7	chī	chī	
妜	38	女	7	yuè	yuè	
妝	38	女	7	zhuāng	zhuāng	to adorn oneself
妞	38	女	7	niū	niū	girl
妟	38	女	7	yàn	yàn	
妠	38	女	7	nà	nà	(Cant.) to collect
妡	38	女	7	xīn	xīn	
妢	38	女	7	fén	fén	
妣	38	女	7	bǐ	bǐ	one's deceased mother
妤	38	女	7	yú	yú	beautiful
妥	38	女	7	tuǒ	tuǒ	satisfactory
妦	38	女	7	fēng	fēng	
妧	38	女	7	yuán	yuán	
妨	38	女	7	fáng	fáng	interfere with
妩	38	女	7	wǔ	wǔ	charming
妪	38	女	7	yù	yù	old woman
妫	38	女	7	guī	guī	family name
妬	38	女	8	dù	dù	jealous
妭	38	女	8	bá	bá	
妮	38	女	8	nī	nī	maid
妯	38	女	8	zhóu	zhóu	wives of one's brothers
妰	38	女	8	zhuó	zhuó	
妱	38	女	8	zhāo	zhāo	
妲	38	女	8	dá	dá	concubine of last ruler of the Shang dynasty
妳	38	女	8	nǎi	nǎi	you (female)
妴	38	女	8	yuàn	yuàn	
妵	38	女	8	tǒu	tǒu	person's name
妶	38	女	8	xián	xián	
妷	38	女	8	zhí	zhí	brother's child
妸	38	女	8	ē	ē	person
妹	38	女	8	mèi	mèi	younger sister
妺	38	女	8	mò	mò	wife of the last ruler of the Xia dynasty
妻	38	女	8	qī	qī	wife
妼	38	女	8	bì	bì	
妽	38	女	8	shēn	shēn	
妾	38	女	8	qiè	qiè	concubine
妿	38	女	8	ē	ē	
姀	38	女	8	hé	hé	
姁	38	女	8	xǔ	xǔ	beauty
姂	38	女	7	fá	fá	
姃	38	女	8	zhēng	zhēng	
姄	38	女	8	mín	mín	
姅	38	女	8	bàn	bàn	woman at time of menstruation
姆	38	女	8	mǔ	mǔ	child's governess
姇	38	女	8	fū	fū	
姈	38	女	8	líng	líng	
姉	38	女	7	zǐ	zǐ	elder sister
姊	38	女	7	zǐ	zǐ	elder sister
始	38	女	8	shǐ	shǐ	begin
姌	38	女	8	rǎn	rǎn	weak and slender in appearance
姍	38	女	8	shān	shān	slander
姎	38	女	8	yāng	yāng	
姏	38	女	8	mán	mán	
姐	38	女	8	jiě	jiě	elder sister
姑	38	女	8	gū	gū	father's sister
姒	38	女	7	sì	sì	wife of elder brother
姓	38	女	8	xìng	xìng	one's family name
委	38	女	8	wěi	wěi	appoint
姕	38	女	9	zī	zī	
姖	38	女	7	jù	jù	
姗	38	女	8	shān	shān	slander
姘	38	女	9	pīn	pīn	illicit sexual relations
姙	38	女	9	rèn	rèn	conceive
姚	38	女	9	yáo	yáo	handsome
姛	38	女	9	dòng	dòng	
姜	38	女	9	jiāng	jiāng	surname
姝	38	女	9	shū	shū	a beautiful girl
姞	38	女	9	jí	jí	concubine
姟	38	女	9	gāi	gāi	
姠	38	女	9	xiàng	xiàng	
姡	38	女	9	huá	huá	
姢	38	女	9	juān	juān	beautiful
姣	38	女	9	jiāo	jiāo	beautiful
姤	38	女	9	gòu	gòu	mate
姥	38	女	9	lǎo	lǎo	maternal grandmother
姦	38	女	9	jiān	jiān	adultery
姧	38	女	9	jiān	jiān	
姨	38	女	9	yí	yí	mother/wife's sister
姩	38	女	9	niàn	niàn	(Cant.) breast
姪	38	女	9	zhí	zhí	brother's child
姫	38	女	9	jī	jī	beauty
姬	38	女	10	jī	jī	beauty
姭	38	女	9	xiàn	xiàn	
姮	38	女	9	héng	héng	lady
姯	38	女	9	guāng	guāng	
姰	38	女	9	jūn	jūn	
姱	38	女	9	kuā	kuā	beautiful
姲	38	女	9	yàn	yàn	
姳	38	女	9	mǐng	mǐng	
姴	38	女	9	liè	liè	
姵	38	女	9	pèi	pèi	
姶	38	女	9	è	è	
姷	38	女	9	yòu	yòu	
姸	38	女	9	yán	yán	beautiful
姹	38	女	9	chà	chà	beautiful
姺	38	女	9	shēn	shēn	name of an ancient state
姻	38	女	9	yīn	yīn	relatives by marriage
姼	38	女	9	shí	shí	
姽	38	女	9	guǐ	guǐ	good
姾	38	女	9	quán	quán	
姿	38	女	9	zī	zī	one's manner
娀	38	女	9	sōng	sōng	name of a concubine of Di Ku
威	38	女	9	wēi	wēi	pomp
娂	38	女	9	hóng	hóng	
娃	38	女	9	wá	wá	baby
娄	119	米	9	lóu	lóu	surname
娅	38	女	9	yà	yà	mutual term of address used by sons-in-law
娆	38	女	9	ráo	ráo	graceful
娇	38	女	9	jiāo	jiāo	seductive and loveable
娈	38	女	9	luán	luán	lovely
娉	38	女	10	pīng	pīng	beautiful
娊	38	女	10	xiàn	xiàn	
娋	38	女	10	shào	shào	
娌	38	女	10	lǐ	lǐ	brother's wife
娍	38	女	9	chéng	chéng	
娎	38	女	10	xiè	xiè	
娏	38	女	10	máng	máng	
娐	38	女	10	fū	fū	
娑	38	女	10	suō	suō	dance
娒	38	女	10	méi	méi	matron
娓	38	女	10	wěi	wěi	comply
娔	38	女	10	kè	kè	
娕	38	女	10	chuò	chuò	
娖	38	女	10	chuò	chuò	cautious
娗	38	女	9	tǐng	tǐng	
娘	38	女	10	niáng	niáng	mother
娙	38	女	10	xíng	xíng	beautiful woman
娚	38	女	10	nán	nán	
娛	38	女	10	yú	yú	pleasure
娜	38	女	9	nà	nà/nuó	elegant
娝	38	女	10	pōu	pōu	
娞	38	女	10	něi	něi	
娟	38	女	10	juān	juān	beautiful
娠	38	女	10	shēn	shēn	pregnant
娡	38	女	10	zhì	zhì	
娢	38	女	10	hán	hán	
娣	38	女	10	dì	dì	younger sister
娤	38	女	10	zhuāng	zhuāng	
娥	38	女	10	é	é	be beautiful
娦	38	女	10	pín	pín	
娧	38	女	10	tuì	tuì	
娨	38	女	10	xiàn	xiàn	
娩	38	女	10	miǎn	miǎn	give birth child
娪	38	女	10	wú	wú	
娫	38	女	9	yán	yán	
娬	38	女	11	wǔ	wǔ	lovely
娭	38	女	10	āi	āi/xī	amuse
娮	38	女	10	yán	yán	
娯	38	女	10	yú	yú	pleasure
娰	38	女	9	sì	sì	
娱	38	女	10	yú	yú	pleasure
娲	38	女	10	wā	wā	a goddess
娳	38	女	10	lì	lì	
娴	38	女	10	xián	xián	elegant
娵	38	女	11	jū	jū	star
娶	38	女	11	qǔ	qǔ	marry
娷	38	女	11	zhuì	zhuì	
娸	38	女	11	qī	qī	ugly
娹	38	女	11	xián	xián	
娺	38	女	11	zhuó	zhuó	
娻	38	女	11	dōng	dōng	
娼	38	女	11	chāng	chāng	prostitute
娽	38	女	11	lù	lù	
娾	38	女	11	ǎi	ǎi	
娿	38	女	10	ē	ē	beautiful
婀	38	女	10	ē	ē	be beautiful
婁	38	女	11	lóu	lóu	surname
婂	38	女	11	mián	mián	
婃	38	女	11	cóng	cóng	
婄	38	女	11	pǒu	pǒu	(Cant.) soft
婅	38	女	11	jú	jú	
婆	38	女	11	pó	pó	old woman
婇	38	女	11	cǎi	cǎi	
婈	38	女	11	líng	líng	
婉	38	女	11	wǎn	wǎn	amiable
婊	38	女	11	biǎo	biǎo	whore
婋	38	女	11	xiāo	xiāo	
婌	38	女	11	shú	shú	
婍	38	女	11	qǐ	qǐ	
婎	38	女	11	huī	huī	
婏	38	女	11	fàn	fàn	
婐	38	女	11	wǒ	wǒ	maid
婑	38	女	11	ruí	ruí	
婒	38	女	11	tán	tán	
婓	38	女	11	fēi	fēi	
婔	38	女	11	fēi	fēi	
婕	38	女	11	jié	jié	handsome
婖	38	女	11	tiān	tiān	
婗	38	女	11	ní	ní	a new-born child
婘	38	女	11	quán	quán	
婙	38	女	9	jìng	jìng	
婚	38	女	11	hūn	hūn	get married
婛	38	女	11	jīng	jīng	
婜	38	女	11	qiān	qiān	
婝	38	女	11	diàn	diàn	
婞	38	女	11	xìng	xìng	hate
婟	38	女	11	hù	hù	
婠	38	女	11	wān	wān	
婡	38	女	11	lái	lái	
婢	38	女	11	bì	bì	servant girl
婣	38	女	12	yīn	yīn	marriage connections
婤	38	女	11	zhōu	zhōu	lovely
婥	38	女	11	chuò	chuò	beautiful
婦	38	女	11	fù	fù	married women
婧	38	女	11	jìng	jìng	modest
婨	38	女	11	lún	lún	
婩	38	女	11	àn	àn	
婪	38	女	11	lán	lán	covet
婫	38	女	11	kūn	kūn	
婬	38	女	11	yín	yín	obscene
婭	38	女	11	yà	yà	mutual term of address used by sons-in-law
婮	38	女	11	jū	jū	
婯	38	女	11	lì	lì	
婰	38	女	11	diǎn	diǎn	
婱	38	女	11	xián	xián	
婲	38	女	10	huā	huā	
婳	38	女	11	huà	huà	tranquil
婴	38	女	11	yīng	yīng	baby
婵	38	女	11	chán	chán	beautiful
婶	38	女	11	shěn	shěn	wife of father's younger brother
婷	38	女	12	tíng	tíng	pretty
婸	38	女	12	dàng	dàng	
婹	38	女	12	yǎo	yǎo	
婺	38	女	12	wù	wù	a river and county in Jiāngxī
婻	38	女	12	nàn	nàn	
婼	38	女	11	ruò	ruò	person
婽	38	女	12	jiǎ	jiǎ	
婾	38	女	12	tōu	tōu	handsome
婿	38	女	12	xù	xù	son-in-law
媀	38	女	12	yù	yù	
媁	38	女	12	wéi	wéi	
媂	38	女	12	dì	dì	
媃	38	女	12	róu	róu	
媄	38	女	12	měi	měi	beautiful
媅	38	女	12	dān	dān	
媆	38	女	12	ruǎn	ruǎn	young
媇	38	女	12	qīn	qīn	
媈	38	女	12	huī	huī	
媉	38	女	12	wò	wò	
媊	38	女	12	qián	qián	star
媋	38	女	12	chūn	chūn	
媌	38	女	11	miáo	miáo	
媍	38	女	12	fù	fù	woman
媎	38	女	11	jiě	jiě	
媏	38	女	12	duān	duān	
媐	38	女	13	yí	yí	
媑	38	女	12	zhòng	zhòng	
媒	38	女	12	méi	méi	go-between
媓	38	女	12	huáng	huáng	
媔	38	女	12	mián	mián	beautiful
媕	38	女	12	ān	ān	undecided
媖	38	女	11	yīng	yīng	beauty
媗	38	女	12	xuān	xuān	
媘	38	女	12	jiē	jiē	
媙	38	女	12	wēi	wēi	
媚	38	女	12	mèi	mèi	charming
媛	38	女	12	yuàn	yuán/yuàn	beauty
媜	38	女	12	zhēng	zhēng	
媝	38	女	12	qiū	qiū	
媞	38	女	12	shì	shì	at ease
媟	38	女	12	xiè	xiè	lust after
媠	38	女	12	tuǒ	tuǒ	
媡	38	女	12	liàn	liàn	
媢	38	女	12	mào	mào	be jealous of
媣	38	女	12	rǎn	rǎn	
媤	38	女	12	sī	sī	husband's family
媥	38	女	12	piān	piān	lightly circling
媦	38	女	12	wèi	wèi	
媧	38	女	11	wā	wā	mythological snail goddess
媨	38	女	12	cù	cù	
媩	38	女	12	hú	hú	
媪	38	女	12	ǎo	ǎo	old woman
媫	38	女	12	jié	jié	
媬	38	女	12	bǎo	bǎo	governess
媭	38	女	12	xū	xū	sister
媮	38	女	12	tōu	tōu	handsome
媯	38	女	12	guī	guī	family name
媰	38	女	13	chú	chú	
媱	38	女	13	yáo	yáo	
媲	38	女	13	pì	pì	marry off
媳	38	女	13	xí	xí	daughter-in-law
媴	38	女	13	yuán	yuán	
媵	38	女	13	yìng	yìng	a maid who accompanies bride to her new home
媶	38	女	12	róng	róng	
媷	38	女	13	rù	rù	
媸	38	女	13	chī	chī	an ugly woman
媹	38	女	13	liú	liú	
媺	38	女	13	měi	měi	beautiful
媻	38	女	13	pán	pán	to move
媼	38	女	13	ǎo	ǎo	old woman
媽	38	女	13	mā	mā	mother
媾	38	女	13	gòu	gòu	marry
媿	38	女	12	kuì	kuì	ashamed
嫀	38	女	13	qín	qín	
嫁	38	女	13	jià	jià	to marry
嫂	38	女	12	sǎo	sǎo	sister-in-law
嫃	38	女	13	zhēn	zhēn	
嫄	38	女	13	yuán	yuán	an ancient emperor's mother's name
嫅	38	女	12	jiē	jiē	
嫆	38	女	13	róng	róng	
嫇	38	女	13	míng	míng	
嫈	38	女	13	yīng	yīng	lady
嫉	38	女	13	jí	jí	jealousy
嫊	38	女	13	sù	sù	
嫋	38	女	13	niǎo	niǎo	slender and delicate
嫌	38	女	13	xián	xián	hate
嫍	38	女	13	tāo	tāo	
嫎	38	女	13	páng	páng	
嫏	38	女	11	láng	láng	the place where the Celestial Emperor stores books
嫐	38	女	13	nǎo	nǎo	frolic
嫑	38	女	13	báo	báo	
嫒	38	女	13	ài	ài	(your) daughter
嫓	38	女	13	pì	pì	
嫔	38	女	13	pín	pín	court lady
嫕	38	女	14	yì	yì	compliant
嫖	38	女	14	piáo	piáo	patronize prostitutes
嫗	38	女	14	yù	yù	old woman
嫘	38	女	14	léi	léi	surname
嫙	38	女	14	xuán	xuán	
嫚	38	女	14	mān	mān/màn	scorn
嫛	38	女	14	yī	yī	compliant
嫜	38	女	14	zhāng	zhāng	husband's father
嫝	38	女	14	kāng	kāng	
嫞	38	女	14	yōng	yōng	
嫟	38	女	13	nì	nì	intimate
嫠	38	女	14	lí	lí	a widow
嫡	38	女	14	dí	dí	legal wife
嫢	38	女	14	guī	guī	
嫣	38	女	14	yān	yān	charming
嫤	38	女	14	jǐn	jǐn	
嫥	38	女	14	zhuān	zhuān	
嫦	38	女	14	cháng	cháng	name of a moon goddess
嫧	38	女	14	zé	zé	
嫨	38	女	14	hān	hān	
嫩	38	女	14	nèn	nèn	soft
嫪	38	女	14	lào	lào	hanker
嫫	38	女	13	mó	mó	Huangdi's ugly concubine
嫬	38	女	14	zhē	zhē	
嫭	38	女	14	hù	hù	beautiful woman
嫮	38	女	14	hù	hù	
嫯	38	女	13	ào	ào	
嫰	38	女	14	nèn	nèn	tender
嫱	38	女	14	qiáng	qiáng	lady
嫲	38	女	14	mā	mā	(Cant.) paternal grandmother
嫳	38	女	14	piè	piè	
嫴	38	女	15	gū	gū	
嫵	38	女	15	wǔ	wǔ	charming
嫶	38	女	15	qiáo	qiáo	
嫷	38	女	14	tuǒ	tuǒ	
嫸	38	女	15	zhǎn	zhǎn	
嫹	38	女	14	miáo	miáo	
嫺	38	女	15	xián	xián	refined
嫻	38	女	15	xián	xián	elegant
嫼	38	女	15	mò	mò	
嫽	38	女	15	liáo	liáo	play with
嫾	38	女	15	lián	lián	
嫿	38	女	15	huà	huà	tranquil
嬀	38	女	15	guī	guī	name of a river in Shanxi
嬁	38	女	15	dēng	dēng	
嬂	38	女	15	zhí	zhí	
嬃	38	女	15	xū	xū	sister
嬄	38	女	15	yī	yī	
嬅	38	女	13	huà	huà	beautiful
嬆	38	女	15	xī	xī	
嬇	38	女	15	kuì	kuì	
嬈	38	女	15	ráo	ráo/rǎo	graceful
嬉	38	女	15	xī	xī	enjoy
嬊	38	女	15	yàn	yàn	
嬋	38	女	15	chán	chán	beautiful
嬌	38	女	15	jiāo	jiāo	seductive and loveable
嬍	38	女	15	měi	měi	
嬎	38	女	15	fàn	fàn	to bear multiple
嬏	38	女	15	fān	fān	
嬐	38	女	16	xiān	xiān	
嬑	38	女	16	yì	yì	
嬒	38	女	16	huì	huì	
嬓	38	女	16	jiào	jiào	used in names
嬔	38	女	16	fù	fù	baby rabbit
嬕	38	女	16	shì	shì	
嬖	38	女	16	bì	bì	favorite
嬗	38	女	16	shàn	shàn	succession to the throne
嬘	38	女	15	suì	suì	
嬙	38	女	16	qiáng	qiáng	lady
嬚	38	女	16	liǎn	liǎn	
嬛	38	女	16	huán	xuān/huán	apt
嬜	38	女	16	xīn	xīn	
嬝	38	女	16	niǎo	niǎo	delicate
嬞	38	女	15	dǒng	dǒng	
嬟	38	女	16	yì	yì	
嬠	38	女	16	cān	cān	
嬡	38	女	16	ài	ài	(your) daughter
嬢	38	女	16	niáng	niáng	troubled
嬣	38	女	17	níng	níng	
嬤	38	女	17	mā	mā	mother
嬥	38	女	17	tiǎo	tiǎo	
嬦	38	女	17	chóu	chóu	
嬧	38	女	17	jìn	jìn	
嬨	38	女	16	cí	cí	
嬩	38	女	16	yú	yú	
嬪	38	女	17	pín	pín	court lady
嬫	38	女	17	róng	róng	
嬬	38	女	17	rú	rú	mistress
嬭	38	女	17	nǎi	nǎi	milk
嬮	38	女	17	yān	yān	
嬯	38	女	17	tái	tái	
嬰	38	女	17	yīng	yīng	baby
嬱	38	女	17	qiàn	qiàn	
嬲	38	女	17	niǎo	niǎo	frolic
嬳	38	女	16	yuè	yuè	
嬴	38	女	16	yíng	yíng	to win
嬵	38	女	17	mián	mián	
嬶	38	女	17	bí	bí	a wife (vulgar)
嬷	38	女	17	mó	mó	mother
嬸	38	女	18	shěn	shěn	wife of father's younger brother
嬹	38	女	19	xìng	xìng	
嬺	38	女	17	nì	nì	
嬻	38	女	18	dú	dú	
嬼	38	女	18	liǔ	liǔ	
嬽	38	女	19	yuān	yuān	
嬾	38	女	19	lǎn	lǎn	lazy
嬿	38	女	19	yàn	yàn	lovely
孀	38	女	20	shuāng	shuāng	widow
孁	38	女	20	líng	líng	
孂	38	女	20	jiǎo	jiǎo	
孃	38	女	20	niáng	niáng	troubled
孄	38	女	20	lǎn	lǎn	
孅	38	女	20	xiān	xiān	slender
孆	38	女	20	yīng	yīng	
孇	38	女	21	shuāng	shuāng	
孈	38	女	21	huì	huì	
孉	38	女	20	quán	quán	
孊	38	女	22	mǐ	mǐ	
孋	38	女	22	lí	lí	
孌	38	女	22	luán	luán	lovely
孍	38	女	22	yán	yán	
孎	38	女	24	zhú	zhú	
孏	38	女	23	lǎn	lǎn	
子	39	子	3	zǐ	zǐ	offspring
孑	39	子	3	jié	jié	remaining
孒	39	子	3	jué	jué	larvae of the mosquito
孓	39	子	3	jué	jué	beautiful
孔	39	子	4	kǒng	kǒng	opening
孕	39	子	5	yùn	yùn	be pregnant
孖	39	子	6	mā	zī/mā	twins
字	39	子	6	zì	zì	letter
存	39	子	6	cún	cún	exist
孙	39	子	6	sūn	sūn	grandchild
孚	39	子	7	fú	fú	brood over eggs
孛	39	子	7	bèi	bèi	comet
孜	39	子	7	zī	zī	be as diligent as possible
孝	39	子	7	xiào	xiào	filial piety
孞	39	子	7	xìn	xìn	
孟	39	子	8	mèng	mèng	first in series
孠	39	子	8	sì	sì	
孡	39	子	8	tāi	tāi	
孢	39	子	8	bāo	bāo	spore
季	39	子	8	jì	jì	quarter of year
孤	39	子	8	gū	gū	orphan
孥	39	子	8	nú	nú	one's children
学	39	子	8	xué	xué	learning
孧	39	子	8	yòu	yòu	
孨	39	子	9	zhuǎn	zhuǎn	
孩	39	子	9	hái	hái	baby
孪	39	子	9	luán	luán	twins
孫	39	子	10	sūn	sūn	grandchild
孬	39	子	10	nāo	nāo	bad
孭	39	子	10	miē	miē	(Cant.) to carry on the back
孮	39	子	11	cóng	cóng	
孯	39	子	11	qiān	qiān	
孰	39	子	11	shú	shú	who? which? what? which one?
孱	39	子	12	chán	chán	weak
孲	39	子	11	yā	yā	
孳	39	子	12	zī	zī	breed in large numbers
孴	39	子	13	nǐ	nǐ	
孵	39	子	14	fū	fū	sit on eggs
孶	39	子	13	zī	zī	(variant of 孳) to breed in large numbers
孷	39	子	14	lí	lí	
學	39	子	16	xué	xué	learning
孹	39	子	16	bò	bò	
孺	39	子	17	rú	rú	child
孻	39	子	17	nái	nái	last
孼	39	子	19	niè	niè	misfortune
孽	39	子	19	niè	niè	evil
孾	39	子	20	yīng	yīng	a baby
孿	39	子	22	luán	luán	twins
宀	40	宀	3	mián	mián	roof
宁	40	宀	5	níng	níng/nìng	calm
宂	40	宀	5	rǒng	rǒng	scattered
它	40	宀	5	tā	tā	it
宄	40	宀	5	guǐ	guǐ	a traitor
宅	40	宀	6	zhái	zhái	residence
宆	40	宀	6	qióng	qióng	
宇	40	宀	6	yǔ	yǔ	house
守	40	宀	6	shǒu	shǒu	defend
安	40	宀	6	ān	ān	peaceful
宊	40	宀	7	tū	tū	
宋	40	宀	7	sòng	sòng	Song dynasty
完	40	宀	7	wán	wán	complete
宍	40	宀	7	ròu	ròu	flesh
宎	40	宀	7	yǎo	yǎo	
宏	40	宀	7	hóng	hóng	wide
宐	40	宀	7	yí	yí	right
宑	40	宀	7	jǐng	jǐng	
宒	40	宀	7	zhūn	zhūn	
宓	40	宀	8	mì	fú/mì	quiet
宔	40	宀	8	zhǔ	zhǔ	anciently
宕	40	宀	8	dàng	dàng	stone quarry
宖	40	宀	8	hóng	hóng	
宗	40	宀	8	zōng	zōng	lineage
官	40	宀	8	guān	guān	official
宙	40	宀	8	zhòu	zhòu	time as concept
定	40	宀	8	dìng	dìng	decide
宛	40	宀	8	wǎn	wǎn	seem
宜	40	宀	8	yí	yí	suitable
宝	40	宀	8	bǎo	bǎo	treasure
实	40	宀	8	shí	shí	real
実	40	宀	8	shí	shí	real
宠	40	宀	8	chǒng	chǒng	favorite
审	40	宀	8	shěn	shěn	examine
客	40	宀	9	kè	kè	guest
宣	40	宀	9	xuān	xuān	declare
室	40	宀	9	shì	shì	room
宥	40	宀	9	yòu	yòu	forgive
宦	40	宀	9	huàn	huàn	officialdom
宧	40	宀	10	yí	yí	corner
宨	40	宀	9	tiǎo	tiǎo	
宩	40	宀	9	shǐ	shǐ	
宪	40	宀	9	xiàn	xiàn	constitution
宫	40	宀	9	gōng	gōng	palace
宬	40	宀	9	chéng	chéng	archives
宭	40	宀	10	qún	qún	
宮	40	宀	10	gōng	gōng	palace
宯	40	宀	10	xiāo	xiāo	
宰	40	宀	10	zǎi	zǎi	to slaughter
宱	40	宀	10	zhà	zhà	
宲	40	宀	10	bǎo	bǎo	
害	40	宀	10	hài	hài	injure
宴	40	宀	10	yàn	yàn	to entertain
宵	40	宀	10	xiāo	xiāo	night
家	40	宀	10	jiā	jiā/jia	house
宷	40	宀	10	shěn	shěn	
宸	40	宀	10	chén	chén	imperial
容	40	宀	10	róng	róng	looks
宺	40	宀	10	huǎng	huǎng	
宻	40	宀	10	mì	mì	dense
宼	40	宀	10	kòu	kòu	tyrannical
宽	40	宀	10	kuān	kuān	broad
宾	40	宀	10	bīn	bīn	guest
宿	40	宀	11	sù	sù/xiǔ/xiù	stop
寀	40	宀	11	cǎi	cǎi/cài	feudal estate
寁	40	宀	11	zǎn	zǎn	quick
寂	40	宀	11	jì	jì	still
寃	40	宀	11	yuān	yuān	grievance
寄	40	宀	11	jì	jì	send
寅	40	宀	11	yín	yín	to respect
密	40	宀	11	mì	mì	dense
寇	40	宀	11	kòu	kòu	bandits
寈	40	宀	11	qīng	qīng	
寉	40	宀	11	hè	hè	
寊	40	宀	12	zhēn	zhēn	
寋	40	宀	12	jiàn	jiàn	
富	40	宀	12	fù	fù	abundant
寍	40	宀	12	níng	níng	used as a term of comparison:-rather
寎	40	宀	12	bìng	bìng	drowsy
寏	40	宀	12	huán	huán	
寐	40	宀	12	mèi	mèi	sleep
寑	40	宀	12	qǐn	qǐn	
寒	40	宀	12	hán	hán	cold
寓	40	宀	12	yù	yù	residence
寔	40	宀	12	shí	shí	real
寕	40	宀	12	níng	níng	repose
寖	40	宀	13	jìn	jìn	gradually
寗	40	宀	13	níng	níng	a surname
寘	40	宀	13	zhì	zhì	put aside
寙	40	宀	13	yǔ	yǔ	
寚	40	宀	13	bǎo	bǎo	precious
寛	40	宀	13	kuān	kuān	broad
寜	40	宀	13	níng	níng	repose
寝	40	宀	13	qǐn	qǐn	sleep
寞	40	宀	13	mò	mò	silent
察	40	宀	14	chá	chá	examine
寠	40	宀	14	jù	jù	poor
寡	40	宀	14	guǎ	guǎ	widowed
寢	40	宀	14	qǐn	qǐn	sleep
寣	40	宀	14	hū	hū	
寤	40	宀	14	wù	wù	few
寥	40	宀	14	liáo	liáo	few
實	40	宀	14	shí	shí	real
寧	40	宀	14	níng	níng/nìng	repose
寨	40	宀	14	zhài	zhài	stockade
審	40	宀	15	shěn	shěn	examine
寪	40	宀	15	wěi	wěi	surname
寫	40	宀	15	xiě	xiě/xiè	write
寬	40	宀	15	kuān	kuān	broad
寭	40	宀	15	huì	huì	
寮	40	宀	15	liáo	liáo	shanty
寯	40	宀	15	jùn	jùn	to accumulate
寰	40	宀	16	huán	huán	great domain
寱	40	宀	17	yì	yì	
寲	40	宀	17	yí	yí	
寳	40	宀	19	bǎo	bǎo	treasure
寴	40	宀	19	qīn	qīn	
寵	40	宀	19	chǒng	chǒng	favorite
寶	40	宀	20	bǎo	bǎo	treasure
寷	40	宀	21	fēng	fēng	
寸	41	寸	3	cùn	cùn	inch
对	41	寸	5	duì	duì	correct
寺	41	寸	6	sì	sì	court
寻	41	寸	6	xún	xún	seek
导	41	寸	6	dǎo	dǎo	direct
寽	41	寸	7	lǜ	lǜ	a handful
対	41	寸	7	duì	duì	correct
寿	41	寸	7	shòu	shòu	old age
尀	41	寸	8	pǒ	pǒ	cannot
封	41	寸	9	fēng	fēng	letter
専	41	寸	9	zhuān	zhuān	monopolize
尃	41	寸	10	fū	fū	to state to
射	41	寸	10	shè	shè	shoot
尅	41	寸	10	kè	kè/kēi	subdue
将	41	寸	9	jiāng	jiāng/jiàng	will
將	41	寸	11	jiāng	jiāng/jiàng/qiāng	will
專	41	寸	11	zhuān	zhuān	monopolize
尉	41	寸	11	wèi	wèi/yù	officer
尊	41	寸	12	zūn	zūn	respect
尋	41	寸	12	xún	xín/xún	seek
尌	41	寸	12	shù	shù	standing (something) up
對	41	寸	14	duì	duì	correct
導	41	寸	15	dǎo	dǎo	direct
小	42	小	3	xiǎo	xiǎo	small
尐	42	小	4	jié	jié	
少	42	小	4	shǎo	shǎo/shào	few
尒	42	小	5	ěr	ěr	you
尓	42	小	5	ěr	ěr	you
尔	42	小	5	ěr	ěr	you
尕	42	小	5	gǎ	gǎ	small (used in place names)
尖	42	小	6	jiān	jiān	sharp
尗	42	小	6	shū	shū	younger of brothers
尘	42	小	6	chén	chén	dust
尙	42	小	8	shàng	shàng	still
尚	42	小	8	shàng	shàng	still
尛	42	小	9	mó	mó	
尜	42	小	9	gá	gá	a child toy
尝	42	小	9	cháng	cháng	taste
尞	42	小	12	liào	liào	fuel used for sacrifices
尟	42	小	13	xiǎn	xiǎn	surname
尠	42	小	13	xiǎn	xiǎn	very few
尡	42	小	14	kūn	kūn	
尢	43	尢	3	wāng	wāng	weak
尣	43	尢	4	wāng	wāng	lame
尤	43	尢	4	yóu	yóu	especially
尥	43	尢	6	liào	liào	a backward kick
尦	43	尢	7	liào	liào	
尧	43	尢	6	yáo	yáo	a legendary ancient emperor-sage
尨	43	尢	7	máng	máng	shaggy haired dog
尩	43	尢	8	wāng	wāng	weak
尪	43	尢	7	wāng	wāng	lame
尫	43	尢	7	wāng	wāng	lame
尬	43	尢	7	gà	gà	limp
尭	43	尢	8	yáo	yáo	a legendary ancient emperor-sage
尮	43	尢	9	duò	duò	
尯	43	尢	9	kuì	kuì	
尰	43	尢	12	zhǒng	zhǒng	swell
就	43	尢	12	jiù	jiù	just
尲	43	尢	13	gān	gān	limp
尳	43	尢	12	gǔ	gǔ	
尴	43	尢	13	gān	gān	embarrassed
尵	43	尢	15	tuí	tuí	
尶	43	尢	17	gān	gān	embarrassed
尷	43	尢	17	gān	gān	embarrassed
尸	44	尸	3	shī	shī	corpse
尹	4	丿	4	yǐn	yǐn	govern
尺	44	尸	4	chǐ	chě/chǐ	Chinese measure approx. 'foot'
尻	44	尸	5	kāo	kāo	end of spine
尼	44	尸	5	ní	ní	Buddhist nun
尽	44	尸	6	jǐn	jǐn/jìn	exhaust
尾	44	尸	7	wěi	wěi/yǐ	tail
尿	44	尸	7	niào	niào/suī	urine
局	44	尸	7	jú	jú	bureau
屁	44	尸	7	pì	pì	break wind
层	44	尸	7	céng	céng	story
屃	44	尸	7	xì	xì	gigantic strength
屄	44	尸	8	bī	bī	the vagina
居	44	尸	8	jū	jū	live
屆	44	尸	8	jiè	jiè	numerary adjunct for time
屇	44	尸	8	tián	tián	cave
屈	44	尸	8	qū	qū	bend
屉	44	尸	8	tì	tì	drawer
届	44	尸	8	jiè	jiè	numerary adjunct for time
屋	44	尸	9	wū	wū	house
屌	44	尸	9	diǎo	diǎo	(Cant.) obscene exclamation
屍	44	尸	9	shī	shī	corpse
屎	44	尸	9	shǐ	shǐ	excrement
屏	44	尸	9	píng	bǐng/píng	folding screen
屐	44	尸	10	jī	jī	wooden shoes
屑	44	尸	10	xiè	xiè	bits
屒	44	尸	10	zhěn	zhěn	
屓	44	尸	10	xiè	xiè	gigantic strength
屔	44	尸	10	ní	ní	
展	44	尸	10	zhǎn	zhǎn	open
屖	44	尸	10	xī	xī	
屗	44	尸	10	wěi	wěi	
屘	44	尸	10	mǎn	mǎn	the youngest
屙	44	尸	10	ē	ē	to ease nature
屚	44	尸	11	lòu	lòu	
屛	44	尸	11	píng	píng	folding screen
屜	44	尸	11	tì	tì	drawer
屝	44	尸	11	fèi	fèi	straw shoes
属	44	尸	12	shǔ	shǔ	class
屟	44	尸	12	xiè	xiè	wooden shoes
屠	44	尸	11	tú	tú	butcher
屡	44	尸	12	lǚ	lǚ	frequently
屢	44	尸	14	lǚ	lǚ	frequently
屣	44	尸	14	xǐ	xǐ	straw sandals or slippers that have no heel-backs
層	44	尸	15	céng	céng	story
履	44	尸	15	lǚ	lǚ	footwear
屦	44	尸	15	jù	jù	straw sandals
屧	44	尸	15	xiè	xiè	wooden shoes
屨	44	尸	17	jù	jù	straw sandals
屩	44	尸	18	juē	juē	straw sandals
屪	44	尸	18	liáo	liáo	penis
屫	44	尸	19	jué	jué	
屬	44	尸	21	shǔ	shǔ/zhǔ	class
屭	44	尸	24	xì	xì	gigantic strength
屮	45	屮	3	chè	chè	sprout
屯	45	屮	4	tún	tún	village
屰	45	屮	6	nì	nì	disobedient
山	46	山	3	shān	shān	mountain
屲	46	山	4	wā	wā	
屳	46	山	5	xiān	xiān	
屴	46	山	5	lì	lì	lofty
屵	46	山	5	è	è	
屶	46	山	5	huì	huì	lofty
屷	46	山	5	huì	huì	
屸	46	山	6	lóng	lóng	
屹	46	山	6	yì	yì	to rise high
屺	46	山	6	qǐ	qǐ	a hill with trees or grass-- some give the opposite meaning
屻	46	山	6	rèn	rèn	(Cant.) sharp
屼	46	山	6	wù	wù	mountain
屽	46	山	6	hàn	hàn	
屾	46	山	6	shēn	shēn	
屿	46	山	6	yǔ	yǔ	island
岀	46	山	6	chū	chū	go out
岁	46	山	6	suì	suì	year
岂	46	山	6	qǐ	qǐ	how? what?
岃	46	山	6	rèn	rèn	
岄	46	山	7	yuè	yuè	
岅	46	山	7	bǎn	bǎn	mountain slope
岆	46	山	7	yǎo	yǎo	
岇	46	山	7	áng	áng	
岈	46	山	7	yá	yá	嵖岈山
岉	46	山	7	wù	wù	
岊	46	山	7	jié	jié	foothill
岋	46	山	6	è	è	
岌	46	山	6	jí	jí	perilous
岍	46	山	7	qiān	qiān	a mountain in Shaanxi
岎	46	山	7	fén	fén	
岏	46	山	7	wán	wán	
岐	46	山	7	qí	qí	high
岑	46	山	7	cén	cén	steep
岒	46	山	7	qián	qián	
岓	46	山	7	qí	qí	
岔	46	山	7	chà	chà	diverge
岕	46	山	7	jiè	jiè	
岖	46	山	7	qū	qū	steep
岗	46	山	7	gǎng	gāng/gǎng	post
岘	46	山	7	xiàn	xiàn	steep hill
岙	46	山	7	ào	ào	island
岚	46	山	7	lán	lán	mountain mist
岛	46	山	7	dǎo	dǎo	island
岜	46	山	7	bā	bā	rock mountain
岝	46	山	8	zuò	zuò	name of a mountain in Shandong
岞	46	山	8	zuò	zuò	a mountain in Chāngyì county
岟	46	山	8	yǎng	yǎng	
岠	46	山	7	jù	jù	
岡	46	山	8	gāng	gāng	ridge or crest of hill
岢	46	山	8	kě	kě	a county in Shānxī
岣	46	山	8	gǒu	gǒu	a hill in Hunan
岤	46	山	8	xué	xué	
岥	46	山	8	pō	pō	
岦	46	山	8	lì	lì	
岧	46	山	8	tiáo	tiáo	peak
岨	46	山	8	qū	jū/qū	uneven
岩	46	山	8	yán	yán	cliff
岪	46	山	8	fú	fú	
岫	46	山	8	xiù	xiù	mountain peak
岬	46	山	8	jiǎ	jiǎ	cape
岭	46	山	8	lǐng	lǐng	mountain ridge
岮	46	山	8	tuó	tuó	
岯	46	山	8	pí	pí	
岰	46	山	8	ào	ào	
岱	46	山	8	dài	dài	Daishan
岲	46	山	8	kuàng	kuàng	
岳	46	山	8	yuè	yuè	mountain peak
岴	46	山	8	qū	qū	
岵	46	山	8	hù	hù	hill
岶	46	山	8	pò	pò	
岷	46	山	8	mín	mín	Minshan mountain range in northern Sichuan and southern Gansu
岸	46	山	8	àn	àn	bank
岹	46	山	8	tiáo	tiáo	peak
岺	46	山	8	líng	líng	mountain ridge
岻	46	山	8	chí	chí	
岼	46	山	8	píng	píng	
岽	46	山	8	dōng	dōng	place name in Guangxi province
岾	46	山	8	hàn	hàn	mountain pass (Korean)
岿	46	山	8	kuī	kuī	grand
峀	46	山	8	xiù	xiù	mountain peak
峁	46	山	8	mǎo	mǎo	yellow dirt mount
峂	46	山	8	tóng	tóng	name of a place in Běijīng's Shìhǎidiàn district
峃	46	山	8	xué	xué	big rocky mountain
峄	46	山	8	yì	yì	a range of peaks in Shandong and Jiangsu
峅	46	山	8	biàn	biàn	
峆	46	山	9	hé	hé	
峇	46	山	9	bā	bā	cave
峈	46	山	9	luò	luò	
峉	46	山	9	è	è	
峊	46	山	9	fù	fù	
峋	46	山	9	xún	xún	ranges of hills stretching on beyond another irregular peaks
峌	46	山	9	dié	dié	
峍	46	山	9	lù	lù	
峎	46	山	9	ěn	ěn	
峏	46	山	9	ér	ér	
峐	46	山	9	gāi	gāi	
峑	46	山	9	quān	quān	
峒	46	山	9	dòng	dòng/tóng	mountain in Gansu province
峓	46	山	9	yí	yí	
峔	46	山	9	mǔ	mǔ	
峕	46	山	9	shí	shí	
峖	46	山	9	ān	ān	
峗	46	山	9	wéi	wéi	
峘	46	山	9	huán	huán	
峙	46	山	9	zhì	shì/zhì	stand erect
峚	46	山	9	mì	mì	
峛	46	山	9	liè	liè	
峜	46	山	9	jì	jì	
峝	46	山	9	tóng	tóng	Mountain in Gansu province
峞	46	山	9	wéi	wéi	high and uneven
峟	46	山	9	yòu	yòu	
峠	46	山	9	qiǎ	qiǎ	mountain pass
峡	46	山	9	xiá	xiá	gorge
峢	46	山	9	lǐ	lǐ	
峣	46	山	9	yáo	yáo	high or tall
峤	46	山	9	jiào	jiào/qiáo	high pointed mountain
峥	46	山	9	zhēng	zhēng	high
峦	46	山	9	luán	luán	mountain range
峧	46	山	9	jiāo	jiāo	used in place names
峨	46	山	10	é	é	lofty
峩	46	山	10	é	é	lofty
峪	46	山	10	yù	yù	valley
峫	46	山	9	xié	xié	mountain in Shandong province
峬	46	山	10	bū	bū	
峭	46	山	10	qiào	qiào	steep
峮	46	山	10	qūn	qūn	
峯	46	山	10	fēng	fēng	peak
峰	46	山	10	fēng	fēng	peak
峱	46	山	10	náo	náo	name of a mountain in Shāndōng
峲	46	山	10	lǐ	lǐ	
峳	46	山	10	yóu	yóu	
峴	46	山	10	xiàn	xiàn	steep hill
峵	46	山	10	róng	róng	
島	46	山	10	dǎo	dǎo	island
峷	46	山	10	shēn	shēn	
峸	46	山	9	chéng	chéng	
峹	46	山	10	tú	tú	
峺	46	山	10	gěng	gěng	
峻	46	山	10	jùn	jùn	high
峼	46	山	10	gào	gào	
峽	46	山	10	xiá	xiá	gorge
峾	46	山	10	yín	yín	
峿	46	山	10	wú	wú	mountain
崀	46	山	10	làng	làng	place name in Hunan province
崁	46	山	10	kàn	kàn	a place in Taiwan Tainan
崂	46	山	10	láo	láo	Laoshan
崃	46	山	10	lái	lái	mountain in Sichuan province
崄	46	山	10	xiǎn	xiǎn	high
崅	46	山	10	què	què	
崆	46	山	11	kōng	kōng	Kongtong mountain
崇	46	山	11	chóng	chóng	esteem
崈	46	山	11	chóng	chóng	esteem
崉	46	山	11	tà	tà	
崊	46	山	11	lín	lín	
崋	46	山	10	huà	huà	flowery
崌	46	山	11	jū	jū	mountain name
崍	46	山	11	lái	lái	mountain in Sichuan province
崎	46	山	11	qí	qí	rough
崏	46	山	11	mín	mín	
崐	46	山	11	kūn	kūn	Kunlun mountains in Jiangsu
崑	46	山	11	kūn	kūn	Kunlun mountains in Jiangsu province.
崒	46	山	11	zú	zú	rocky peaks
崓	46	山	11	gù	gù	
崔	46	山	11	cuī	cuī	high
崕	46	山	11	yá	yá	cliff
崖	46	山	11	yá	yá	cliff
崗	46	山	11	gǎng	gǎng	post
崘	46	山	11	lún	lún	Kunlun mountains in Jiangsu
崙	46	山	11	lún	lún	Kunlun mountains in Jiangsu
崚	46	山	11	léng	léng	hilly
崛	46	山	11	jué	jué	towering
崜	46	山	11	duō	duō	
崝	46	山	11	zhēng	zhēng	
崞	46	山	11	guō	guō	mountain in Shanxi
崟	46	山	11	yín	yín	cliffs
崠	46	山	11	dōng	dōng	place name in Guangxi province
崡	46	山	11	hán	hán	
崢	46	山	11	zhēng	zhēng	high
崣	46	山	11	wěi	wěi	
崤	46	山	11	xiáo	xiáo	mountain in Henan
崥	46	山	11	pí	pí	
崦	46	山	11	yān	yān	a mountain in Kansu
崧	46	山	11	sōng	sōng	high mountain
崨	46	山	11	jié	jié	
崩	46	山	11	bēng	bēng	rupture
崪	46	山	11	zú	zú	rocky peaks
崫	46	山	11	kū	kū	high and lofty (mountains)
崬	46	山	11	dōng	dōng	place name in Guangxi province
崭	46	山	11	zhǎn	zhǎn	high
崮	46	山	11	gù	gù	a mesa
崯	46	山	11	yín	yín	cliffs
崰	46	山	11	zī	zī	
崱	46	山	12	zè	zè	lofty
崲	46	山	12	huáng	huáng	
崳	46	山	12	yú	yú	county in Shandong province
崴	46	山	12	wǎi	wǎi	high
崵	46	山	12	yáng	yáng	
崶	46	山	12	fēng	fēng	
崷	46	山	12	qiú	qiú	
崸	46	山	12	yáng	yáng	
崹	46	山	12	tí	tí	
崺	46	山	12	yǐ	yǐ	
崻	46	山	12	zhì	zhì	
崼	46	山	12	shì	shì	
崽	46	山	12	zǎi	zǎi	a child
崾	46	山	12	yào	yào	place name in Shanxi province
崿	46	山	12	è	è	cliffs
嵀	46	山	12	zhù	zhù	
嵁	46	山	12	kān	kān	rugged
嵂	46	山	12	lǜ	lǜ	lofty
嵃	46	山	12	yǎn	yǎn	
嵄	46	山	12	měi	měi	
嵅	46	山	12	hán	hán	
嵆	46	山	12	jī	jī	mountain in Henan
嵇	46	山	12	jī	jī	mountain in Henan
嵈	46	山	12	huàn	huàn	
嵉	46	山	12	tíng	tíng	
嵊	46	山	13	shèng	shèng	district in Shaohsing
嵋	46	山	12	méi	méi	Omei mountain in Sichuan
嵌	46	山	12	qiàn	qiàn	inlay
嵍	46	山	12	wù	wù	
嵎	46	山	12	yú	yú	mountain recess
嵏	46	山	12	zōng	zōng	a mountain in Shenxi
嵐	46	山	12	lán	lán	mountain mist
嵑	46	山	12	kě	kě	
嵒	46	山	12	yán	yán	cliff
嵓	46	山	12	yán	yán	
嵔	46	山	12	wěi	wěi	
嵕	46	山	12	zōng	zōng	
嵖	46	山	12	chá	chá	name of a mountain
嵗	46	山	12	suì	suì	year
嵘	46	山	12	róng	róng	high
嵙	46	山	12	kē	kē	place name
嵚	46	山	12	qīn	qīn	lofty
嵛	46	山	12	yú	yú	county in Shandong province
嵜	46	山	12	qí	qí	rough
嵝	46	山	12	lǒu	lǒu	Goulou mountain peak in Hunan
嵞	46	山	13	tú	tú	
嵟	46	山	13	duī	duī	
嵠	46	山	13	xī	xī	a valley with a stream in it
嵡	46	山	13	wěng	wěng	
嵢	46	山	13	cāng	cāng	
嵣	46	山	13	dàng	dàng	
嵤	46	山	13	róng	róng	
嵥	46	山	13	jié	jié	
嵦	46	山	13	kǎi	kǎi	a raised site
嵧	46	山	13	liú	liú	
嵨	46	山	13	wù	wù	
嵩	46	山	13	sōng	sōng	high
嵪	46	山	13	qiāo	qiāo	
嵫	46	山	12	zī	zī	a hill in Shantung
嵬	46	山	12	wéi	wéi	high
嵭	46	山	13	bēng	bēng	
嵮	46	山	13	diān	diān	
嵯	46	山	12	cuó	cuó	high
嵰	46	山	13	qiǎn	qiǎn	
嵱	46	山	13	yǒng	yǒng	
嵲	46	山	13	niè	niè	towering mountain
嵳	46	山	12	cuó	cuó	high
嵴	46	山	13	jǐ	jí/jǐ	mountain ridge
嵵	46	山	13	shí	shí	
嵶	46	山	13	ruò	ruò	low part of a mountain
嵷	46	山	14	sǒng	sǒng	
嵸	46	山	14	zōng	zōng	
嵹	46	山	15	jiàng	jiàng	
嵺	46	山	14	liáo	liáo	
嵻	46	山	14	kāng	kāng	
嵼	46	山	14	chǎn	chǎn	
嵽	46	山	14	dié	dié	towering
嵾	46	山	14	cēn	cēn	uneven
嵿	46	山	14	dǐng	dǐng	
嶀	46	山	14	tū	tū	
嶁	46	山	14	lǒu	lǒu	Goulou mountain peak in Hunan
嶂	46	山	14	zhàng	zhàng	cliff
嶃	46	山	14	zhǎn	zhǎn	a cliff
嶄	46	山	14	zhǎn	zhǎn	high
嶅	46	山	13	áo	áo	numerous small rocks on a mountain
嶆	46	山	14	cáo	cáo	
嶇	46	山	14	qū	qū	steep
嶈	46	山	14	qiāng	qiāng	
嶉	46	山	14	cuī	cuī	
嶊	46	山	14	zuǐ	zuǐ	
嶋	46	山	14	dǎo	dǎo	island
嶌	46	山	14	dǎo	dǎo	island
嶍	46	山	14	xí	xí	a mountain in Yúnnán
嶎	46	山	14	yù	yù	luxuriant
嶏	46	山	15	pèi	pèi	
嶐	46	山	14	lóng	lóng	
嶑	46	山	14	xiàng	xiàng	
嶒	46	山	15	céng	céng	towering
嶓	46	山	15	bō	bō	Boshan
嶔	46	山	15	qīn	qīn	lofty
嶕	46	山	15	jiāo	jiāo	
嶖	46	山	15	yān	yān	
嶗	46	山	15	láo	láo	Laoshan
嶘	46	山	15	zhàn	zhàn	
嶙	46	山	15	lín	lín	precipitous
嶚	46	山	15	liáo	liáo	
嶛	46	山	15	liáo	liáo	
嶜	46	山	15	jīn	jīn	
嶝	46	山	15	dèng	dèng	path leading up a mountain
嶞	46	山	14	duò	duò	ridge
嶟	46	山	15	zūn	zūn	
嶠	46	山	15	jiào	jiào/qiáo	high pointed mountain
嶡	46	山	15	guì	guì	table
嶢	46	山	15	yáo	yáo	high or tall
嶣	46	山	15	jiāo	jiāo	
嶤	46	山	15	yáo	yáo	
嶥	46	山	15	jué	jué	
嶦	46	山	16	shàn	shàn	
嶧	46	山	16	yì	yì	a range of peaks in Shandong and Jiangsu
嶨	46	山	16	xué	xué	big rocky mountain
嶩	46	山	16	náo	náo	a mountain in Shāndōng
嶪	46	山	16	yè	yè	
嶫	46	山	16	yè	yè	
嶬	46	山	16	yí	yí	
嶭	46	山	16	niè	niè	elevated
嶮	46	山	16	xiǎn	xiǎn	high
嶯	46	山	15	jí	jí	
嶰	46	山	16	xiè	xiè	gorge
嶱	46	山	15	kě	kě	
嶲	46	山	16	xī	xī	a name of an old town in Sichuan
嶳	46	山	16	dì	dì	
嶴	46	山	16	ào	ào	island
嶵	46	山	16	zuǐ	zuǐ	
嶶	46	山	16	wēi	wēi	
嶷	46	山	17	yí	yí	a range of mountains in Hunan province
嶸	46	山	17	róng	róng	high
嶹	46	山	17	dǎo	dǎo	
嶺	46	山	17	lǐng	lǐng	mountain ridge
嶻	46	山	17	jié	jié	
嶼	46	山	16	yǔ	yǔ	island
嶽	46	山	17	yuè	yuè	mountain peak
嶾	46	山	17	yǐn	yǐn	
嶿	46	山	17	rū	rū	
巀	46	山	18	jié	jié	
巁	46	山	17	lì	lì	
巂	46	山	18	guī	guī	place name
巃	46	山	19	lóng	lóng	lofty
巄	46	山	19	lóng	lóng	
巅	46	山	19	diān	diān	summit of mountain
巆	46	山	19	róng	róng	
巇	46	山	20	xī	xī	a crack
巈	46	山	20	jú	jú	
巉	46	山	20	chán	chán	steep
巊	46	山	20	yǐng	yǐng	
巋	46	山	21	kuī	kuī	grand
巌	46	山	19	yán	yán	cliff
巍	46	山	20	wēi	wēi	high
巎	46	山	22	náo	náo	used in personal names
巏	46	山	20	quán	quán	
巐	46	山	21	chǎo	chǎo	
巑	46	山	22	cuán	cuán	
巒	46	山	22	luán	luán	mountain range
巓	46	山	22	diān	diān	summit of mountain
巔	46	山	22	diān	diān	summit of mountain
巕	46	山	22	niè	niè	
巖	46	山	23	yán	yán	cliff
巗	46	山	22	yán	yán	cliff
巘	46	山	23	yǎn	yǎn	summit
巙	46	山	24	kuí	kuí	
巚	46	山	23	yǎn	yǎn	
巛	47	巛	3	chuān	chuān	river
巜	47	巛	2	kuài	kuài	
川	47	巛	3	chuān	chuān	stream
州	47	巛	6	zhōu	zhōu	administrative division
巟	47	巛	6	huāng	huāng	a watery waste
巠	47	巛	7	jīng	jīng	streams running underground
巡	162	辵	6	xún	xún	patrol
巢	47	巛	11	cháo	cháo	nest
巣	47	巛	11	cháo	cháo	nest
巤	47	巛	15	liè	liè	a mane
工	48	工	3	gōng	gōng	labor
左	48	工	5	zuǒ	zuǒ	left
巧	48	工	5	qiǎo	qiǎo	skillful
巨	48	工	4	jù	jù	large
巩	48	工	6	gǒng	gǒng	bind
巪	48	工	6	jù	jù	person's name
巫	48	工	7	wū	wū	wizard
巬	48	工	9	gū	gū	
巭	48	工	9	gū	gū	study
差	48	工	9	chà	chā/chà/chāi/cī	to differ
巯	48	工	12	qiú	qiú	an atom group
巰	48	工	14	qiú	qiú	an atom group
己	49	己	3	jǐ	jǐ	self
已	49	己	3	yǐ	yǐ	already
巳	49	己	3	sì	sì	sixth earthly branch
巴	49	己	4	bā	bā	greatly desire
巵	49	己	7	zhī	zhī	measuring cup
巶	49	己	8	zhāo	zhāo	
巷	49	己	9	xiàng	hàng/xiàng	alley
巸	49	己	10	yí	yí	
巹	49	己	9	jǐn	jǐn	
巺	49	己	9	xùn	xùn	5th of the 8 trigrams
巻	49	己	8	juàn	juàn	scroll
巼	49	己	10	bā	bā	place name
巽	49	己	12	xùn	xùn	south-east
巾	50	巾	3	jīn	jīn	kerchief
巿	50	巾	4	fú	fú	revolve
帀	50	巾	4	zā	zā	to go round
币	50	巾	4	bì	bì	currency
市	50	巾	5	shì	shì	market
布	50	巾	5	bù	bù	cotton cloth
帄	50	巾	5	dīng	dīng	
帅	50	巾	5	shuài	shuài	commander
帆	50	巾	6	fān	fān	sail
帇	50	巾	6	niè	niè	
师	50	巾	6	shī	shī	teacher
帉	50	巾	7	fēn	fēn	
帊	50	巾	7	pà	pà	napkin
帋	50	巾	7	zhǐ	zhǐ	paper
希	50	巾	7	xī	xī	rare
帍	50	巾	7	hù	hù	
帎	50	巾	7	dàn	dàn	(Cant.) a way of playing snooker with the stick on top of one's thumb
帏	50	巾	7	wéi	wéi	curtain that forms wall
帐	50	巾	7	zhàng	zhàng	tent
帑	50	巾	8	tǎng	tǎng	a treasury
帒	50	巾	8	dài	dài	a bag
帓	50	巾	8	mò	mò	
帔	50	巾	8	pèi	pèi	a skirt
帕	50	巾	8	pà	pà	turban
帖	50	巾	8	tiē	tiē/tiě/tiè	invitation card
帗	50	巾	8	bō	bō	a multicolored prop used in dancing
帘	50	巾	8	lián	lián	flag-sign of a tavern
帙	50	巾	8	zhì	zhì	book cover
帚	50	巾	8	zhǒu	zhǒu	broom
帛	50	巾	8	bó	bó	silks
帜	50	巾	8	zhì	zhì	flag
帝	50	巾	9	dì	dì	supreme ruler
帞	50	巾	9	mò	mò	
帟	50	巾	9	yì	yì	tent
帠	50	巾	9	yì	yì	
帡	50	巾	9	píng	píng	shelter
帢	50	巾	9	qià	qià	a silk hat worn by ancient scholars
帣	50	巾	9	juǎn	juǎn/juàn	bag
帤	50	巾	9	rú	rú	
帥	50	巾	9	shuài	shuài	commander
带	50	巾	9	dài	dài	belt
帧	50	巾	9	zhēn	zhēn	picture
帨	50	巾	10	shuì	shuì	handkerchief
帩	50	巾	10	qiào	qiào	
帪	50	巾	10	zhēn	zhēn	
師	50	巾	10	shī	shī	teacher
帬	50	巾	10	qún	qún	the skirt of a lady's dress
席	50	巾	10	xí	xí	seat
帮	50	巾	9	bāng	bāng	help
帯	50	巾	10	dài	dài	belt
帰	50	巾	10	guī	guī	return
帱	50	巾	10	chóu	chóu/dào	cover up
帲	50	巾	11	píng	píng	shelter
帳	50	巾	11	zhàng	zhàng	tent
帴	50	巾	11	sàn	sàn	
帵	50	巾	11	wān	wān	remnants
帶	50	巾	11	dài	dài	belt
帷	50	巾	11	wéi	wéi	tent
常	50	巾	11	cháng	cháng	common
帹	50	巾	11	shà	shà	
帺	50	巾	11	qí	qí	
帻	50	巾	11	zé	zé	turban
帼	50	巾	11	guó	guó	women's headgear
帽	50	巾	12	mào	mào	hat
帾	50	巾	11	dǔ	dǔ	
帿	50	巾	12	hóu	hóu	marquis
幀	50	巾	12	zhèng	zhèng	picture
幁	50	巾	12	xū	xū	
幂	50	巾	12	mì	mì	cover-cloth
幃	50	巾	12	wéi	wéi	curtain that forms wall
幄	50	巾	12	wò	wò	tent
幅	50	巾	12	fú	fú	piece
幆	50	巾	12	yì	yì	
幇	50	巾	12	bāng	bāng	help
幈	50	巾	12	píng	píng	a folding screen
幉	50	巾	12	dié	dié	
幊	50	巾	13	gōng	gōng	
幋	50	巾	13	pán	pán	belt
幌	50	巾	13	huǎng	huǎng	curtain
幍	50	巾	13	tāo	tāo	
幎	50	巾	13	mì	mì	cover-cloth
幏	50	巾	13	jià	jià	
幐	130	肉	13	téng	téng	
幑	50	巾	14	huī	huī	(same as 徽 揮) mark
幒	50	巾	14	zhōng	zhōng	
幓	50	巾	14	shān	shān	(simplified form of 幓
幔	50	巾	14	màn	màn	curtain
幕	50	巾	13	mù	mù	curtain
幖	50	巾	14	biāo	biāo	
幗	50	巾	14	guó	guó	women's headgear
幘	50	巾	14	zé	zé	turban
幙	50	巾	13	mù	mù	a curtain
幚	50	巾	14	bāng	bāng	help
幛	50	巾	14	zhàng	zhàng	scroll of silk or cloth bearing a congratulatory message
幜	50	巾	15	jǐng	jǐng	
幝	50	巾	15	chǎn	chǎn	
幞	50	巾	15	fú	fú	turban
幟	50	巾	15	zhì	zhì	flag
幠	50	巾	15	hū	hū	cover
幡	50	巾	15	fān	fān	pennant
幢	50	巾	15	chuáng	chuáng/zhuàng	carriage curtain
幣	50	巾	14	bì	bì	currency
幤	50	巾	15	bì	bì	evil
幥	50	巾	15	zhǎng	zhǎng	
幦	50	巾	16	mì	mì	cover
幧	50	巾	16	qiāo	qiāo	
幨	50	巾	16	chān	chān	curtain
幩	50	巾	15	fén	fén	trappings
幪	50	巾	16	méng	méng	cover
幫	50	巾	17	bāng	bāng	to help
幬	50	巾	17	chóu	chóu/dào	cover up
幭	50	巾	17	miè	miè	cover
幮	50	巾	18	chú	chú	a screen used to make a temporary kitchen
幯	50	巾	16	jié	jié	
幰	50	巾	19	xiǎn	xiǎn	curtain at front of carriage
幱	50	巾	20	lán	lán	official dress
干	51	干	3	gàn	gān/gàn	oppose
平	51	干	5	píng	píng	flat
年	51	干	6	nián	nián	year
幵	51	干	6	jiān	jiān	even level. to raise in both hands
并	51	干	6	bìng	bīng/bìng	combine
幷	51	干	8	bìng	bìng	combine
幸	51	干	8	xìng	xìng	luck(ily)
幹	51	干	13	gàn	gàn	trunk of tree or of human body
幺	52	幺	3	yāo	yāo	one
幻	52	幺	4	huàn	huàn	illusion
幼	52	幺	5	yòu	yòu	infant
幽	52	幺	9	yōu	yōu	quiet
幾	52	幺	12	jǐ	jī/jǐ	how many? how much?
广	53	广	3	guǎng	guǎng	wide
庀	53	广	5	pǐ	pǐ	to prepare
庁	53	广	5	tīng	tīng	hall
庂	53	广	5	zè	zè	
広	53	广	5	guǎng	guǎng	broad
庄	53	广	6	zhuāng	zhuāng	village
庅	53	广	6	mó	mó	an interrogative particle
庆	53	广	6	qìng	qìng	congratulate
庇	53	广	7	bì	bì	cover
庈	53	广	7	qín	qín	used in person's names
庉	53	广	7	dùn	dùn	a village
床	53	广	7	chuáng	chuáng	bed
庋	53	广	7	guǐ	guǐ	a cupboard or pantry to store
庌	53	广	7	yǎ	yǎ	
庍	53	广	7	bài	bài	
庎	53	广	7	jiè	jiè	
序	53	广	7	xù	xù	series
庐	53	广	7	lú	lú	hut
庑	53	广	7	wǔ	wǔ	corridor
庒	53	广	7	zhuāng	zhuāng	
库	53	广	7	kù	kù	armory
应	53	广	7	yīng	yīng/yìng	should
底	53	广	8	dǐ	dǐ	bottom
庖	53	广	8	páo	páo	kitchen
店	53	广	8	diàn	diàn	shop
庘	53	广	8	yā	yā	
庙	53	广	8	miào	miào	temple
庚	53	广	8	gēng	gēng	7th heavenly stem
庛	53	广	9	cì	cì	
府	53	广	8	fǔ	fǔ	prefecture
庝	53	广	8	tóng	tóng	
庞	53	广	8	páng	páng	disorderly
废	53	广	8	fèi	fèi	abrogate
庠	53	广	9	xiáng	xiáng	village school
庡	53	广	9	yǐ	yǐ	
庢	53	广	9	zhì	zhì	
庣	53	广	9	tiāo	tiāo	
庤	53	广	9	zhì	zhì	prepare
庥	53	广	9	xiū	xiū	shade
度	53	广	9	dù	dù/duó	degree
座	53	广	10	zuò	zuò	seat
庨	53	广	10	xiāo	xiāo	
庩	53	广	10	tú	tú	
庪	53	广	10	guǐ	guǐ	
庫	53	广	10	kù	kù	armory
庬	53	广	10	máng	máng	abundant
庭	53	广	9	tíng	tíng	courtyard
庮	53	广	10	yǒu	yǒu	
庯	53	广	10	bū	bū	
庰	53	广	9	bìng	bìng	
庱	53	广	11	chěng	chěng	
庲	53	广	11	lái	lái	
庳	53	广	11	bì	bì	a low-built house
庴	53	广	11	jí	jí	
庵	53	广	11	ān	ān	Buddhist monastery or nunnery
庶	53	广	11	shù	shù	numerous
康	53	广	11	kāng	kāng	peaceful
庸	53	广	11	yōng	yōng	usual
庹	53	广	11	tuǒ	tuǒ	the length of one's two outstretched arms
庺	53	广	11	sōng	sōng	
庻	53	广	11	shù	shù	numerous
庼	53	广	11	qǐng	qǐng	room
庽	53	广	12	yù	yù	residence
庾	53	广	11	yǔ	yǔ	granary
庿	53	广	11	miào	miào	temple
廀	53	广	12	sōu	sōu	to conceal
廁	53	广	12	cè	cè/si	toilet
廂	53	广	12	xiāng	xiāng	side-room
廃	53	广	12	fèi	fèi	abrogate
廄	53	广	12	jiù	jiù	stable
廅	53	广	13	è	è	
廆	53	广	12	wěi	wěi	a room
廇	53	广	13	liù	liù	
廈	53	广	13	shà	shà/xià	big building
廉	53	广	13	lián	lián	upright
廊	53	广	11	láng	láng	corridor
廋	53	广	13	sōu	sōu	conceal
廌	53	广	13	zhì	zhì	unicorn
廍	53	广	13	bù	bù	
廎	53	广	14	qǐng	qǐng	room
廏	53	广	14	jiù	jiù	stable
廐	53	广	12	jiù	jiù	stable
廑	53	广	14	jǐn	jǐn	a hut
廒	53	广	13	áo	áo	a granary
廓	53	广	13	kuò	kuò	broad
廔	53	广	14	lóu	lóu	building of two or more stories
廕	53	广	13	yìn	yìn	shade
廖	53	广	14	liào	liào	surname
廗	53	广	14	dài	dài	
廘	53	广	14	lù	lù	
廙	53	广	14	yì	yì	respectful
廚	53	广	15	chú	chú	kitchen
廛	53	广	15	chán	chán	a store
廜	53	广	14	tú	tú	
廝	53	广	15	sī	sī	servant
廞	53	广	15	xīn	xīn	to prepare horses and chariots for battle
廟	53	广	15	miào	miào	temple
廠	53	广	15	chǎng	chǎng	factory
廡	53	广	15	wǔ	wǔ	corridor
廢	53	广	15	fèi	fèi	abrogate
廣	53	广	15	guǎng	guǎng	broad
廤	53	广	15	kù	kù	to place
廥	53	广	16	kuài	kuài	
廦	53	广	16	bì	bì	
廧	53	广	16	qiáng	qiáng	wall
廨	53	广	16	xiè	xiè	government office
廩	53	广	16	lǐn	lǐn	granary
廪	53	广	16	lǐn	lǐn	granary
廫	53	广	18	liáo	liáo	
廬	53	广	19	lú	lú	hut
廭	53	广	19	jì	jì	
廮	53	广	20	yǐng	yǐng	
廯	53	广	20	xiān	xiān	
廰	53	广	20	tīng	tīng	hall
廱	53	广	21	yōng	yōng	harmonious
廲	53	广	22	lí	lí	
廳	53	广	25	tīng	tīng	hall
廴	54	廴	3	yǐn	yǐn	go
廵	54	廴	6	xún	xún	to go on circuit
延	54	廴	6	yán	yán	delay
廷	54	廴	6	tíng	tíng	court
廸	54	廴	7	dí	dí	enlighten
廹	54	廴	7	pǎi	pǎi/pò	to persecute
建	54	廴	8	jiàn	jiàn	build
廻	54	廴	9	huí	huí	circle around
廼	54	廴	8	nǎi	nǎi	then
廽	54	廴	10	huí	huí	return
廾	55	廾	3	gǒng	gǒng	two hands
廿	55	廾	4	niàn	niàn	twenty
开	55	廾	4	kāi	kāi	open
弁	55	廾	5	biàn	biàn	conical cap worn during Zhou dynasty
异	55	廾	6	yì	yì	different
弃	55	廾	7	qì	qì	reject
弄	55	廾	7	nòng	lòng/nòng	do
弅	55	廾	7	fèn	fèn	
弆	55	廾	8	jǔ	jǔ	to collect
弇	55	廾	9	yǎn	yǎn	cover over
弈	55	廾	9	yì	yì	Chinese chess
弉	55	廾	10	zàng	zàng	large
弊	55	廾	14	bì	bì	evil
弋	56	弋	3	yì	yì	catch
弌	56	弋	4	yī	yī	number one
弍	56	弋	5	èr	èr	number two
弎	56	弋	6	sān	sān	three
式	56	弋	6	shì	shì	style
弐	56	弋	6	èr	èr	number two
弑	56	弋	12	shì	shì	to kill one's superior
弒	56	弋	13	shì	shì	to kill one's superior
弓	57	弓	3	gōng	gōng	bow
弔	57	弓	4	diào	diào	condole
引	57	弓	4	yǐn	yǐn	to pull
弖	57	弓	4	hù	hù	phonetic for 'te' (Japanese)
弗	57	弓	5	fú	fú	not
弘	57	弓	5	hóng	hóng	enlarge
弙	57	弓	6	wū	wū	
弚	57	弓	6	tuí	tuí	
弛	57	弓	6	chí	chí	loosen
弜	57	弓	6	jiàng	jiàng	
弝	57	弓	7	bà	bà	the part of a bow grasped when shooting
弞	57	弓	7	shěn	shěn	
弟	57	弓	7	dì	dì	young brother
张	57	弓	7	zhāng	zhāng	stretch
弡	57	弓	7	jué	jué	
弢	57	弓	8	tāo	tāo	bow case
弣	57	弓	8	fǔ	fǔ	middle
弤	57	弓	8	dǐ	dǐ	bow
弥	57	弓	8	mí	mí	extensive
弦	57	弓	8	xián	xián	string
弧	57	弓	8	hú	hú	wooden bow
弨	57	弓	8	chāo	chāo	bow
弩	57	弓	8	nǔ	nǔ	cross-bow
弪	57	弓	8	jìng	jìng	circular measure
弫	57	弓	9	zhěn	zhěn	
弬	57	弓	10	yí	yí	
弭	57	弓	9	mǐ	mǐ	stop
弮	57	弓	9	quān	quān	a crossbow which discharged several bolts in succession
弯	57	弓	9	wān	wān	bend
弰	57	弓	10	shāo	shāo	ends of bow
弱	57	弓	10	ruò	ruò	weak
弲	57	弓	10	xuān	xuān	
弳	57	弓	10	jìng	jìng	circular measure
弴	57	弓	11	diāo	diāo	red lacquer bow
張	57	弓	11	zhāng	zhāng	stretch
弶	57	弓	11	jiàng	jiàng	a snare
強	57	弓	11	qiáng	jiàng/qiáng/qiǎng	strong
弸	57	弓	11	péng	péng	a bow stretched to the full
弹	57	弓	11	dàn	dàn/tán	pellet
强	57	弓	12	qiáng	jiàng/qiáng/qiǎng	strong
弻	57	弓	12	bì	bì	
弼	57	弓	12	bì	bì	aid
弽	57	弓	12	shè	shè	
弾	57	弓	12	dàn	dàn	(variant of 彈) a pellet
弿	57	弓	13	jiǎn	jiǎn	
彀	57	弓	13	gòu	gòu	enough
彁	57	弓	13	gē	gē	
彂	57	弓	13	fā	fā	issue
彃	57	弓	13	bì	bì	to shoot
彄	57	弓	14	kōu	kōu	nock at end of bow
彅	57	弓	14	jiǎn	jiǎn	
彆	57	弓	14	biè	biè	awkward
彇	57	弓	16	xiāo	xiāo	
彈	57	弓	15	dàn	dàn/tán	pellet
彉	57	弓	14	guō	guō	
彊	57	弓	16	jiàng	jiàng/qiáng/qiǎng	stubborn
彋	57	弓	16	hóng	hóng	
彌	57	弓	17	mí	mí	extensive
彍	57	弓	17	guō	guō	to draw a bow to the full
彎	57	弓	22	wān	wān	bend
彏	57	弓	23	jué	jué	
彐	58	彐	3	jì	jì	snout
彑	58	彐	3	jì	jì	snout
归	58	彐	5	guī	guī	return
当	58	彐	6	dāng	dāng/dàng	bear
彔	58	彐	8	lù	lù	to carve wood
录	58	彐	8	lù	lù	copy
彖	58	彐	9	tuàn	tuàn	a hog
彗	58	彐	11	huì	huì	broomstick
彘	58	彐	12	zhì	zhì	swine
彙	58	彐	13	huì	huì	collect
彚	58	彐	13	huì	huì	collect
彛	58	彐	16	yí	yí	Yi (nationality)
彜	58	彐	16	yí	yí	Yi (nationality)
彝	58	彐	18	yí	yí	Yi (nationality)
彞	58	彐	18	yí	yí	yi
彟	58	彐	20	yuē	yuē	scale
彠	58	彐	25	yuē	yuē	scale
彡	59	彡	3	shān	shān	hair
形	59	彡	7	xíng	xíng	form
彣	59	彡	7	wén	wén	
彤	59	彡	7	tóng	tóng	red
彥	59	彡	9	yàn	yàn	elegant
彦	59	彡	9	yàn	yàn	elegant
彧	59	彡	10	yù	yù	refined
彨	59	彡	10	chī	chī	yellow dragon
彩	59	彡	11	cǎi	cǎi	hue
彪	141	虍	11	biāo	biāo	tiger
彫	59	彡	11	diāo	diāo	carve
彬	59	彡	11	bīn	bīn	cultivated
彭	59	彡	12	péng	péng	name of ancient country
彮	59	彡	13	yǒng	yǒng	
彯	59	彡	14	piāo	piāo	
彰	59	彡	14	zhāng	zhāng	clear
影	59	彡	15	yǐng	yǐng	shadow
彲	59	彡	22	chī	chī	yellow dragon
彳	60	彳	3	chì	chì	step with left foot
彴	60	彳	6	zhuó	zhuó	bridge
彵	60	彳	6	tuǒ	tuǒ	
彶	60	彳	6	jí	jí	
彷	60	彳	7	páng	páng	like
彸	60	彳	7	zhōng	zhōng	restless
役	60	彳	7	yì	yì	service
彺	60	彳	7	wáng	wáng	
彻	60	彳	7	chè	chè	penetrate
彼	60	彳	8	bǐ	bǐ	that
彽	60	彳	8	dī	dī	(variant of 低) low
彾	60	彳	8	líng	líng	
彿	60	彳	8	fú	fú	resembling
往	60	彳	8	wǎng	wǎng	go
征	60	彳	8	zhēng	zhēng	invade
徂	60	彳	8	cú	cú	go
徃	60	彳	8	wǎng	wǎng	go
径	60	彳	8	jìng	jìng	narrow path
待	60	彳	9	dài	dāi/dài	treat
徆	60	彳	9	xī	xī	
徇	60	彳	9	xùn	xùn	comply with
很	60	彳	9	hěn	hěn	very
徉	60	彳	9	yáng	yáng	wonder
徊	60	彳	9	huái	huái	linger
律	60	彳	9	lǜ	lǜ	statute
後	60	彳	9	hòu	hòu	behind
徍	60	彳	9	wǎng	wǎng	
徎	60	彳	10	chěng	chěng	
徏	60	彳	10	zhì	zhì	
徐	60	彳	10	xú	xú	slowly
徑	60	彳	10	jìng	jìng	narrow path
徒	60	彳	10	tú	tú	disciple
従	60	彳	10	cóng	cóng	from
徔	60	彳	9	cóng	cóng	
徕	60	彳	10	lái	lái	induce
徖	60	彳	11	cóng	cóng	
得	60	彳	11	dé	dé/de/děi	obtain
徘	60	彳	11	pái	pái	walk back and forth
徙	60	彳	11	xǐ	xǐ	move one's abode
徚	60	彳	12	dōng	dōng	
徛	60	彳	11	jì	jì	to cross over
徜	60	彳	11	cháng	cháng	walking and fro
徝	60	彳	11	zhì	zhì	
從	60	彳	11	cóng	cōng/cóng	from
徟	60	彳	11	zhōu	zhōu	
徠	60	彳	11	lái	lái/lài	induce
御	60	彳	12	yù	yù	drive
徢	60	彳	11	xiè	xiè	
徣	60	彳	11	jiè	jiè	
徤	60	彳	11	jiàn	jiàn	strong
徥	60	彳	12	shì	shì	
徦	60	彳	12	jiǎ	jiǎ	
徧	60	彳	12	biàn	biàn	everywhere
徨	60	彳	12	huáng	huáng	doubtful
復	60	彳	12	fù	fù	return
循	60	彳	12	xún	xún	obey
徫	60	彳	12	wěi	wěi	
徬	60	彳	13	páng	páng	to wander about
徭	60	彳	13	yáo	yáo	conscript labor
微	60	彳	13	wēi	wēi	small
徯	60	彳	13	xī	xī	wait for
徰	60	彳	13	zhēng	zhēng	
徱	60	彳	14	piào	piào	
徲	60	彳	15	tí	tí	
徳	60	彳	14	dé	dé	virtue
徴	60	彳	14	zhēng	zhēng	summon
徵	60	彳	15	zhǐ	zhǐ	summon
徶	60	彳	14	bié	bié	
德	60	彳	15	dé	dé	ethics
徸	60	彳	15	chōng	chōng	
徹	60	彳	15	chè	chè	penetrate
徺	60	彳	15	jiǎo	jiǎo	
徻	60	彳	16	huì	huì	a wide room
徼	60	彳	16	jiào	jiào	frontier
徽	60	彳	17	huī	huī	a badge
徾	60	彳	17	méi	méi	
徿	60	彳	19	lòng	lòng	
忀	60	彳	20	xiāng	xiāng	to stroll
忁	60	彳	20	bào	bào	
忂	60	彳	21	qú	qú	
心	61	心	4	xīn	xīn	heart
忄	61	心	3	xīn	xīn	heart
必	61	心	5	bì	bì	surely
忆	61	心	4	yì	yì	remember
忇	61	心	5	lè	lè	
忈	61	心	6	rén	rén	
忉	61	心	5	dāo	dāo	grieved
忊	61	心	5	dìng	dìng	
忋	61	心	6	gǎi	gǎi	to rely on
忌	61	心	7	jì	jì	jealous
忍	61	心	7	rěn	rěn	endure
忎	61	心	7	rén	rén	
忏	61	心	6	chàn	chàn	regret
忐	61	心	7	tǎn	tǎn	timorous
忑	61	心	7	tè	tè	fearful
忒	61	心	7	tè	tuī/tè	excessive
忓	61	心	6	gān	gān	concerned about
忔	61	心	6	qì	qì	
忕	61	心	6	shì	shì	
忖	61	心	6	cǔn	cǔn	guess
志	61	心	7	zhì	zhì	purpose
忘	61	心	7	wàng	wàng	forget
忙	61	心	6	máng	máng	busy
忚	61	心	6	xī	xī	
忛	61	心	6	fān	fān	
応	61	心	7	yīng	yīng	should
忝	61	心	8	tiǎn	tiǎn	disgraced
忞	61	心	8	mín	mín	
忟	61	心	7	wěn	wěn	(Cant.) impatient
忠	61	心	8	zhōng	zhōng	loyalty
忡	61	心	7	chōng	chōng	a sad
忢	61	心	8	wù	wù	
忣	61	心	6	jí	jí	
忤	61	心	7	wǔ	wǔ	insubordinate
忥	61	心	8	xì	xì	
忦	61	心	7	jiá	jiá	
忧	61	心	7	yōu	yōu	sad
忨	61	心	7	wàn	wàn	
忩	61	心	8	cōng	cōng	(same as 怱) hastily
忪	61	心	7	sōng	sōng	quiet
快	61	心	7	kuài	kuài	rapid
忬	61	心	7	yù	yù	
忭	61	心	7	biàn	biàn	delighted
忮	61	心	7	zhì	zhì	stubborn
忯	61	心	7	qí	qí	
忰	61	心	7	cuì	cuì	suffer
忱	61	心	7	chén	chén	truth
忲	61	心	7	tài	tài	extravagant
忳	61	心	7	tún	tún	
忴	61	心	7	qián	qián	
念	61	心	8	niàn	niàn	think of
忶	61	心	7	hún	hún	
忷	61	心	7	xiōng	xiōng	(variant of 恟) scared
忸	61	心	7	niǔ	niǔ	blush
忹	61	心	7	kuáng	kuáng	
忺	61	心	7	xiān	xiān	happy
忻	61	心	7	xīn	xīn	delightful
忼	61	心	7	kāng	kāng	ardent
忽	61	心	8	hū	hū	suddenly
忾	61	心	7	kài	kài	anger
忿	61	心	8	fèn	fèn	get angry
怀	61	心	7	huái	huái	bosom
态	61	心	8	tài	tài	manner
怂	61	心	8	sǒng	sǒng	instigate
怃	61	心	7	wǔ	wǔ	regretful
怄	61	心	7	òu	òu	annoyed
怅	61	心	7	chàng	chàng	disappointed
怆	61	心	7	chuàng	chuàng	sad
怇	61	心	7	jù	jù	
怈	61	心	8	yì	yì	
怉	61	心	8	bǎo	bǎo	
怊	61	心	8	chāo	chāo	sad
怋	61	心	8	mín	mín	
怌	61	心	8	pēi	pēi	bosom
怍	61	心	8	zuò	zuò	to be ashamed
怎	61	心	9	zěn	zěn	what? why? how?
怏	61	心	8	yàng	yàng	discontented
怐	61	心	8	jù	jù	(Cant.) 怐豆 to stare
怑	61	心	8	bàn	bàn	
怒	61	心	9	nù	nù	anger
怓	61	心	8	náo	náo	confusion
怔	61	心	8	zhēng	zhèng/zhēng	a disease resembling neurosis
怕	61	心	8	pà	pà	to fear
怖	61	心	8	bù	bù	terror
怗	61	心	8	tiē	tiē	observant
怘	61	心	9	hù	hù	
怙	61	心	8	hù	hù	rely on
怚	61	心	8	jù	jù	dull
怛	61	心	8	dá	dá	grieved
怜	61	心	8	lián	lián	pity
思	61	心	9	sī	sī	think
怞	61	心	8	chóu	chóu	to grieve
怟	61	心	8	dì	dì	
怠	61	心	9	dài	dài	idle
怡	61	心	8	yí	yí	harmony
怢	61	心	8	tū	tū	
怣	61	心	9	yóu	yóu	
怤	61	心	9	fū	fū	
急	61	心	9	jí	jí	quick
怦	61	心	8	pēng	pēng	eager
性	61	心	8	xìng	xìng	nature
怨	61	心	9	yuàn	yuàn	hatred
怩	61	心	8	ní	ní	shy
怪	61	心	8	guài	guài	strange
怫	61	心	8	fú	fú	sorry
怬	61	心	8	xì	xì	
怭	61	心	8	bì	bì	rude
怮	61	心	8	yōu	yōu	
怯	61	心	8	qiè	qiè	lacking in courage
怰	61	心	8	xuàn	xuàn	
怱	61	心	9	cōng	cōng	hastily
怲	61	心	8	bǐng	bǐng	be anxious
怳	61	心	8	huǎng	huǎng	wild
怴	61	心	8	xù	xù	
怵	61	心	8	chù	chù	fear
怶	61	心	8	bì	bì	(Cant.) to have no zeal at all
怷	61	心	9	shù	shù	
怸	61	心	9	xī	xī	to be familiar with
怹	61	心	9	tān	tān	a polite version of he
怺	61	心	8	yǒng	yǒng	to endure
总	61	心	9	zǒng	zǒng	collect
怼	61	心	9	duì	duì	hate
怽	61	心	8	mì	mì	
怾	61	心	8	zhǐ	zhǐ	mountain name
怿	61	心	8	yì	yì	enjoy
恀	61	心	9	shì	shì	trust
恁	61	心	10	nèn	nèn	that
恂	61	心	9	xún	xún	careful
恃	61	心	9	shì	shì	rely on
恄	61	心	9	xì	xì	
恅	61	心	9	lǎo	lǎo	
恆	61	心	9	héng	héng	constant
恇	61	心	9	kuāng	kuāng	fear
恈	61	心	9	móu	móu	
恉	61	心	9	zhǐ	zhǐ	meaning
恊	61	心	9	xié	xié	be united
恋	61	心	10	liàn	liàn	love
恌	61	心	9	tiāo	tiāo	to worry
恍	61	心	9	huǎng	huǎng	seemingly
恎	61	心	9	dié	dié	
恏	61	心	10	hào	hào	
恐	61	心	10	kǒng	kǒng	fear
恑	61	心	9	guǐ	guǐ	to change
恒	61	心	9	héng	héng	constant
恓	61	心	9	xī	xī	vexed
恔	61	心	9	jiǎo	jiǎo	cheerful
恕	61	心	10	shù	shù	forgive
恖	61	心	10	sī	sī	
恗	61	心	9	hū	hū	
恘	61	心	9	qiū	qiū	
恙	61	心	10	yàng	yàng	illness
恚	61	心	10	huì	huì	anger
恛	61	心	9	huí	huí	disordered
恜	61	心	9	chì	chì	
恝	61	心	10	jiá	jiá	carefree
恞	61	心	9	yí	yí	
恟	61	心	9	xiōng	xiōng	scared
恠	61	心	9	guài	guài	strange
恡	61	心	9	lìn	lìn	stingy
恢	61	心	9	huī	huī	restore
恣	61	心	10	zì	zì	indulge oneself
恤	61	心	9	xù	xù	show pity
恥	61	心	10	chǐ	chǐ	shame
恦	61	心	9	shàng	shàng	
恧	61	心	10	nǜ	nǜ	ashamed
恨	61	心	9	hèn	hèn	hatred
恩	61	心	10	ēn	ēn	kindness
恪	61	心	9	kè	kè	respectful
恫	61	心	9	dòng	dòng	in pain
恬	61	心	9	tián	tián	quiet
恭	61	心	10	gōng	gōng	respectful
恮	61	心	9	quān	quān	
息	61	心	10	xī	xī	rest
恰	61	心	9	qià	qià	just
恱	61	心	9	yuè	yuè	
恲	61	心	9	pēng	pēng	
恳	61	心	10	kěn	kěn	sincere
恴	61	心	10	dé	dé	
恵	61	心	10	huì	huì	favor
恶	61	心	10	è	ě/è/wù	evil
恷	61	心	10	qīu	qīu	
恸	61	心	9	tòng	tòng	sadness
恹	61	心	9	yān	yān	feeble
恺	61	心	9	kǎi	kǎi	enjoy
恻	61	心	9	cè	cè	feel anguish
恼	61	心	9	nǎo	nǎo	angered
恽	61	心	9	yùn	yùn	devise
恾	61	心	9	máng	máng	
恿	61	心	11	yǒng	yǒng	instigate
悀	61	心	10	yǒng	yǒng	
悁	61	心	10	yuān	yuān	irritable
悂	61	心	10	pī	pī	
悃	61	心	10	kǔn	kǔn	sincere
悄	61	心	10	qiāo	qiāo/qiǎo	silent
悅	61	心	10	yuè	yuè	pleased
悆	61	心	11	yù	yù	happy
悇	61	心	10	tú	tú	
悈	61	心	10	jiè	jiè	to enjoin upon
悉	61	心	11	xī	xī	know
悊	61	心	11	zhé	zhé	wise. to know intuitively
悋	61	心	10	lìn	lìn	stingy
悌	61	心	10	tì	tì	brotherly
悍	61	心	10	hàn	hàn	courageous
悎	61	心	10	hào	hào	
悏	61	心	10	qiè	qiè	
悐	61	心	11	tì	tì	respect
悑	61	心	10	bù	bù	
悒	61	心	10	yì	yì	sorrowful
悓	61	心	10	qiàn	qiàn	
悔	61	心	10	huǐ	huǐ	repent
悕	61	心	10	xī	xī	
悖	61	心	10	bèi	bèi	be contradictory to
悗	61	心	10	mán	mán	
悘	61	心	11	yī	yī	
悙	61	心	10	hēng	hēng	
悚	61	心	10	sǒng	sǒng	afraid
悛	61	心	10	quān	quān	repent
悜	61	心	10	chěng	chěng	obscure
悝	61	心	10	kuī	kuī	to laugh at to pity
悞	61	心	10	wù	wù	impede
悟	61	心	10	wù	wù	to apprehend
悠	61	心	11	yōu	yōu	long
悡	61	心	11	lí	lí	
悢	61	心	10	liàng	liàng	
患	61	心	11	huàn	huàn	suffer
悤	61	心	11	cōng	cōng	agitated
悥	61	心	11	yì	yì	
悦	61	心	10	yuè	yuè	pleased
悧	61	心	10	lì	lì	smooth
您	61	心	11	nín	nín	honorific for 'you'
悩	61	心	10	nǎo	nǎo	angered
悪	61	心	11	è	è	evil
悫	61	心	11	què	què	sincerity
悬	61	心	11	xuán	xuán	hang
悭	61	心	10	qiān	qiān	miserly
悮	61	心	10	wù	wù	impede
悯	61	心	10	mǐn	mǐn	pity
悰	61	心	11	cóng	cóng	enjoy
悱	61	心	11	fěi	fěi	to be desirous of speaking
悲	61	心	12	bēi	bēi	sorrow
悳	61	心	12	dé	dé	ethics
悴	61	心	11	cuì	cuì	suffer
悵	61	心	11	chàng	chàng	disappointed
悶	61	心	12	mèn	mèn	gloomy
悷	61	心	11	lì	lì	
悸	61	心	11	jì	jì	fearful
悹	61	心	12	guàn	guàn	
悺	61	心	11	guàn	guàn	
悻	61	心	11	xìng	xìng	anger
悼	61	心	11	dào	dào	grieve
悽	61	心	11	qī	qī	sorrowful
悾	61	心	11	kōng	kōng	naive
悿	61	心	11	tiǎn	tiǎn	
惀	61	心	11	lún	lún	
惁	61	心	12	xī	xī	
惂	61	心	11	kǎn	kǎn	
惃	61	心	11	gǔn	gǔn	
惄	61	心	12	nì	nì	long for
情	61	心	11	qíng	qíng	feeling
惆	61	心	11	chóu	chóu	distressed
惇	61	心	11	dūn	dūn	be kind
惈	61	心	11	guǒ	guǒ	
惉	61	心	12	zhān	zhān	
惊	61	心	11	jīng	jīng	frighten
惋	61	心	11	wǎn	wǎn	regret
惌	61	心	12	yuān	yuān	to bear a grudge against
惍	61	心	11	jīn	jīn	
惎	61	心	12	jì	jì	injure
惏	61	心	11	lán	lán	avaricious
惐	61	心	11	yù	yù	
惑	61	心	12	huò	huò	confuse
惒	61	心	12	hé	hé	
惓	61	心	11	quán	quán	careful
惔	61	心	11	tán	tán	cheerful
惕	61	心	11	tì	tì	be cautious
惖	61	心	12	tì	tì	respect
惗	61	心	11	niè	niè	(Cant.) to think
惘	61	心	11	wǎng	wǎng	disconcerted
惙	61	心	11	chuò	chuò	sad
惚	61	心	11	hū	hū	absent-minded
惛	61	心	11	hūn	hūn	confused
惜	61	心	11	xī	xī	pity
惝	61	心	11	chǎng	chǎng	alarmed
惞	61	心	11	xīn	xīn	
惟	61	心	11	wéi	wéi	but
惠	61	心	12	huì	huì	favor
惡	61	心	12	è	ě/è/wū/wù	evil
惢	61	心	12	suǒ	suǒ	
惣	61	心	12	zǒng	zǒng	overall [questionable variant]
惤	61	心	11	jiān	jiān	
惥	61	心	12	yǒng	yǒng	
惦	61	心	11	diàn	diàn	think of
惧	61	心	11	jù	jù	fear
惨	61	心	11	cǎn	cǎn	sad
惩	61	心	12	chéng	chéng	punish
惪	61	心	12	dé	dé	ethics
惫	61	心	12	bèi	bèi	tired
惬	61	心	11	qiè	qiè	be satisfied
惭	61	心	11	cán	cán	ashamed
惮	61	心	11	dàn	dàn	dread
惯	61	心	11	guàn	guàn	habit
惰	61	心	12	duò	duò	indolent
惱	61	心	12	nǎo	nǎo	angered
惲	61	心	12	yùn	yùn	devise
想	61	心	13	xiǎng	xiǎng	think
惴	61	心	12	zhuì	zhuì	afraid
惵	61	心	12	dié	dié	
惶	61	心	12	huáng	huáng	fearful
惷	61	心	13	chǔn	chǔn	wriggle
惸	61	心	12	qióng	qióng	troubled
惹	61	心	12	rě	rě	irritate
惺	61	心	12	xīng	xīng	intelligent
惻	61	心	12	cè	cè	feel anguish
惼	61	心	12	biǎn	biǎn	narrow-minded
惽	61	心	12	mǐn	mǐn	confused
惾	61	心	12	zōng	zōng	
惿	61	心	12	tí	tí	
愀	61	心	12	qiǎo	qiǎo	to change one's countenance
愁	61	心	13	chóu	chóu	anxiety
愂	61	心	13	bèi	bèi	
愃	61	心	12	xuān	xuān	relax
愄	61	心	12	wēi	wēi	
愅	61	心	12	gé	gé	
愆	61	心	13	qiān	qiān	a fault
愇	61	心	12	wěi	wěi	
愈	61	心	13	yù	yù	more and more
愉	61	心	12	yú	yú	pleasant
愊	61	心	12	bì	bì	sincere
愋	61	心	12	xuān	xuān	
愌	61	心	12	huàn	huàn	
愍	61	心	13	mǐn	mǐn	pity
愎	61	心	12	bì	bì	obstinate
意	61	心	13	yì	yì	thought
愐	61	心	12	miǎn	miǎn	bashful
愑	61	心	12	yǒng	yǒng	
愒	61	心	12	kài	kài	rest
愓	61	心	12	dàng	dàng	profligate
愔	61	心	12	yīn	yīn	comfortable
愕	61	心	12	è	è	startled
愖	61	心	12	chén	chén	to hesitate
愗	61	心	13	mào	mào	
愘	61	心	12	qià	qià	
愙	61	心	13	kè	kè	respectful
愚	61	心	13	yú	yú	stupid
愛	61	心	13	ài	ài	love
愜	61	心	12	qiè	qiè	be satisfied
愝	61	心	12	yǎn	yǎn	
愞	61	心	12	nuò	nuò	timid
感	61	心	13	gǎn	gǎn	feel
愠	61	心	12	yùn	yùn	angry
愡	61	心	12	zǒng	zǒng	absent-minded
愢	61	心	12	sāi	sāi	hesitant
愣	61	心	12	lèng	lèng	be in a daze
愤	61	心	12	fèn	fèn	resent
愥	61	心	11	yīng	yīng	
愦	61	心	12	kuì	kuì	confused
愧	61	心	12	kuì	kuì	ashamed
愨	61	心	14	què	què	sincerity
愩	61	心	13	gōng	gōng	
愪	61	心	13	yún	yún	to be grieved
愫	61	心	13	sù	sù	guileless
愬	61	心	14	sù	sù	accuse
愭	61	心	13	qí	qí	
愮	61	心	13	yáo	yáo	distressed
愯	61	心	13	sǒng	sǒng	
愰	61	心	13	huàng	huàng	clearness of mind
愱	61	心	13	jí	jí	
愲	61	心	12	gǔ	gǔ	
愳	61	心	14	jù	jù	
愴	61	心	13	chuàng	chuàng	sad
愵	61	心	13	nì	nì	
愶	61	心	13	xié	xié	
愷	61	心	13	kǎi	kǎi	enjoy
愸	61	心	14	zhěng	zhěng	
愹	61	心	13	yǒng	yǒng	
愺	61	心	12	cǎo	cǎo	
愻	61	心	14	xùn	xùn	to yield
愼	61	心	13	shèn	shèn	act with care
愽	61	心	13	bó	bó	gamble
愾	61	心	13	kài	kài	anger
愿	61	心	14	yuàn	yuàn	sincere
慀	61	心	13	xì	xì	
慁	61	心	14	hùn	hùn	dishonor
慂	61	心	14	yǒng	yǒng	urge
慃	61	心	13	yǎng	yǎng	
慄	61	心	13	lì	lì	shiver
慅	61	心	12	sāo	sāo	agitated
慆	61	心	13	tāo	tāo	excessive
慇	61	心	14	yīn	yīn	careful
慈	61	心	13	cí	cí	kind
慉	61	心	13	xù	xù	to bring up
慊	61	心	13	qiàn	qiàn/qiè	to resent
態	61	心	14	tài	tài	manner
慌	61	心	12	huāng	huāng	nervous
慍	61	心	13	yùn	yùn	angry
慎	61	心	13	shèn	shèn	act with care
慏	61	心	13	mǐng	mǐng	
慐	61	心	14	gōng	gōng	
慑	61	心	13	shè	shè	afraid
慒	61	心	14	cóng	cóng	
慓	61	心	14	piāo	piāo	nimble
慔	61	心	13	mù	mù	
慕	61	心	14	mù	mù	long for
慖	61	心	14	guó	guó	
慗	61	心	15	chì	chì	
慘	61	心	14	cǎn	cǎn	sad
慙	61	心	15	cán	cán	ashamed
慚	61	心	14	cán	cán	ashamed
慛	61	心	14	cuī	cuī	
慜	61	心	15	mǐn	mǐn	name of a monk in Tang dynasty
慝	61	心	14	tè	tè	do evil in secret
慞	61	心	14	zhāng	zhāng	terrified
慟	61	心	14	tòng	tòng	sadness
慠	61	心	13	ào	ào	
慡	61	心	14	shuǎng	shuǎng	
慢	61	心	14	màn	màn	slow(ly)
慣	61	心	14	guàn	guàn	habit
慤	61	心	15	què	què	sincerity
慥	61	心	13	zào	zào	sincere
慦	61	心	15	jiù	jiù	
慧	61	心	15	huì	huì	bright
慨	61	心	12	kǎi	kǎi	sigh
慩	61	心	13	lián	lián	
慪	61	心	14	òu	òu	annoyed
慫	61	心	15	sǒng	sǒng	to alarm
慬	61	心	14	qín	qín	brave
慭	61	心	15	yìn	yìn	cautious
慮	61	心	15	lǜ	lǜ	be concerned
慯	61	心	14	shāng	shāng	
慰	61	心	15	wèi	wèi	comfort
慱	61	心	14	tuán	tuán	sad
慲	61	心	14	mán	mán	
慳	61	心	14	qiān	qiān	miserly
慴	61	心	14	shè	shè	fear
慵	61	心	14	yōng	yōng	indolent
慶	61	心	15	qìng	qìng	congratulate
慷	61	心	14	kāng	kāng	ardent
慸	61	心	15	dì	dì	
慹	61	心	15	zhí	zhí	
慺	61	心	14	lóu	lóu	(simplified form of 慺) diligent
慻	61	心	14	juàn	juàn	
慼	61	心	15	qī	qī	sorrowful
慽	61	心	14	qī	qī	sorrowful
慾	61	心	15	yù	yù	lust
慿	61	心	15	píng	píng	
憀	61	心	14	liáo	liáo	to rely on
憁	61	心	14	còng	còng	
憂	61	心	15	yōu	yōu	sad
憃	61	心	15	chōng	chōng	foolish
憄	61	心	15	zhì	zhì	
憅	61	心	15	tòng	tòng	
憆	61	心	14	chēng	chēng	
憇	61	心	15	qì	qì	rest
憈	61	心	14	qū	qū	
憉	61	心	15	péng	péng	
憊	61	心	16	bèi	bèi	tired
憋	61	心	15	biē	biē	to suppress inner feelings
憌	61	心	16	qióng	qióng	
憍	61	心	15	jiāo	jiāo	be haughty
憎	61	心	15	zēng	zēng	hate
憏	61	心	14	chì	chì	
憐	61	心	15	lián	lián	pity
憑	61	心	16	píng	píng	lean on
憒	61	心	15	kuì	kuì	confused
憓	61	心	15	huì	huì	benefit
憔	61	心	15	qiáo	qiáo	be worn-out
憕	61	心	15	chéng	chéng	
憖	61	心	16	yìn	yìn	cautious
憗	61	心	16	yìn	yìn	
憘	61	心	15	xǐ	xǐ	like
憙	61	心	16	xǐ	xǐ	like
憚	61	心	15	dàn	dàn	dread
憛	61	心	15	tán	tán	
憜	61	心	14	duò	duò	
憝	61	心	16	duì	duì	to dislike
憞	61	心	15	duì	duì	
憟	61	心	15	sù	sù	
憠	61	心	16	jué	jué	
憡	61	心	15	cè	cè	
憢	61	心	15	xiāo	xiāo	
憣	61	心	15	fān	fān	
憤	61	心	15	fèn	fèn	resent
憥	61	心	16	láo	láo	
憦	61	心	15	lào	lào	regret
憧	61	心	15	chōng	chōng	irresolute
憨	61	心	15	hān	hān	foolish
憩	61	心	16	qì	qì	rest
憪	61	心	15	xián	xián	composed
憫	61	心	15	mǐn	mǐn	pity
憬	61	心	15	jǐng	jǐng	rouse
憭	61	心	15	liǎo	liǎo	clear
憮	61	心	15	wǔ	wǔ	regretful
憯	61	心	15	cǎn	cǎn	sorrowful
憰	61	心	15	jué	jué	wily
憱	61	心	15	cù	cù	
憲	61	心	16	xiàn	xiàn	constitution
憳	61	心	15	tǎn	tǎn	
憴	61	心	16	shéng	shéng	
憵	61	心	17	pī	pī	(Cant.) to rush
憶	61	心	16	yì	yì	remember
憷	61	心	16	chù	chù	painful
憸	61	心	16	xiān	xiān	to flatter
憹	61	心	16	náo	náo	upset
憺	61	心	16	dàn	dàn	peace
憻	61	心	16	tǎn	tǎn	
憼	61	心	16	jǐng	jǐng	
憽	61	心	15	sōng	sōng	
憾	61	心	16	hàn	hàn	to regret
憿	61	心	16	jiǎo	jiǎo	
懀	61	心	16	wèi	wèi	
懁	61	心	16	xuān	xuān	anxious
懂	61	心	15	dǒng	dǒng	understand
懃	61	心	17	qín	qín	courteous
懄	61	心	16	qín	qín	grief
懅	61	心	16	jù	jù	bashful
懆	61	心	16	cǎo	cǎo	anxious
懇	61	心	17	kěn	kěn	sincere
懈	61	心	16	xiè	xiè	idle
應	61	心	17	yīng	yīng/yìng	should
懊	61	心	15	ào	ào	vexed
懋	61	心	17	mào	mào	splendid
懌	61	心	16	yì	yì	enjoy
懍	61	心	16	lǐn	lǐn	be afraid of
懎	61	心	16	sè	sè	
懏	61	心	15	jùn	jùn	
懐	61	心	16	huái	huái	bosom
懑	61	心	17	mèn	mèn	be sick at heart
懒	61	心	16	lǎn	lǎn	lazy
懓	61	心	16	ài	ài	
懔	61	心	16	lǐn	lǐn	be afraid of
懕	61	心	18	yān	yān	satiated
懖	61	心	18	kuò	kuò	
懗	61	心	17	xià	xià	
懘	61	心	18	chì	chì	
懙	61	心	16	yǔ	yǔ	
懚	61	心	17	yìn	yìn	
懛	61	心	17	dāi	dāi	alarmed
懜	61	心	16	měng	měng	dull
懝	61	心	17	ài	ài	
懞	61	心	16	méng	méng	(variant of 蒙)
懟	61	心	18	duì	duì	hate
懠	61	心	17	qí	qí	angry
懡	61	心	17	mǒ	mǒ	
懢	61	心	17	lán	lán	
懣	61	心	18	mèn	mèn	be sick at heart
懤	61	心	17	chóu	chóu	grieved
懥	61	心	17	zhì	zhì	angry
懦	61	心	17	nuò	nuò	weak
懧	61	心	17	nuò	nuò	to have wisdom
懨	61	心	17	yān	yān	feeble
懩	61	心	17	yǎng	yǎng	
懪	61	心	18	bó	bó	
懫	61	心	18	zhì	zhì	enraged
懬	61	心	18	kuàng	kuàng	
懭	61	心	17	kuǎng	kuǎng	
懮	61	心	18	yǒu	yǒu	calm
懯	61	心	19	fū	fū	
懰	61	心	18	liú	liú	be glad
懱	61	心	17	miè	miè	
懲	61	心	19	chéng	chéng	punish
懳	61	心	18	huì	huì	
懴	61	心	18	chàn	chàn	regret
懵	61	心	18	měng	měng	stupid
懶	61	心	19	lǎn	lǎn	lazy
懷	61	心	19	huái	huái	bosom
懸	61	心	20	xuán	xuán	hang
懹	61	心	20	ràng	ràng	
懺	61	心	20	chàn	chàn	regret
懻	61	心	19	jì	jì	overbearing
懼	61	心	21	jù	jù	fear
懽	61	心	20	huān	huān	happy
懾	61	心	21	shè	shè	afraid
懿	61	心	22	yì	yì	virtuous
戀	61	心	23	liàn	liàn	love
戁	61	心	23	nǎn	nǎn	fear
戂	61	心	22	mí	mí	
戃	61	心	23	tǎng	tǎng	
戄	61	心	23	jué	jué	to be in awe of
戅	61	心	25	gàng	gàng	stupid
戆	61	心	25	gàng	gàng/zhuàng	stupid
戇	61	心	28	zhuàng	zhuàng	stupid
戈	62	戈	4	gē	gē	halberd
戉	62	戈	5	yuè	yuè	a battle-axe
戊	62	戈	5	wù	wù	5th heavenly stem
戋	62	戈	5	jiān	jiān	small
戌	62	戈	6	xū	qu/xū	eleventh earthly branch
戍	62	戈	6	shù	shù	defend borders
戎	62	戈	6	róng	róng	arms
戏	62	戈	6	xì	xì	theatrical play
成	62	戈	6	chéng	chéng	completed
我	62	戈	7	wǒ	wǒ	our
戒	62	戈	7	jiè	jiè	warn
戓	62	戈	7	gē	gē	
戔	62	戈	8	jiān	jiān	small
戕	62	戈	8	qiāng	qiāng	kill
或	62	戈	8	huò	huò	or
戗	62	戈	8	qiāng	qiāng/qiàng	support
战	62	戈	9	zhàn	zhàn	war
戙	62	戈	10	dòng	dòng	(Cant.) to trap
戚	62	戈	11	qī	qī	relative
戛	62	戈	11	jiá	gā/jiá	lance
戜	62	戈	11	dié	dié	to scrape
戝	62	戈	11	zéi	zéi	pirate
戞	62	戈	12	jiá	jiá	lance
戟	62	戈	12	jǐ	jǐ	halberd with crescent blade
戠	62	戈	13	zhī	zhī	a sword
戡	62	戈	13	kān	kān	subjugate
戢	62	戈	12	jí	jí	to put away
戣	62	戈	13	kuí	kuí	lance
戤	62	戈	13	gài	gài	to infringe a trade-mark to pledge an article
戥	62	戈	13	děng	děng	a small steelyard for weighing money
戦	62	戈	13	zhàn	zhàn	war
戧	62	戈	14	qiāng	qiāng/qiàng	support
戨	62	戈	14	gē	gē	
戩	62	戈	14	jiǎn	jiǎn	exterminate
截	62	戈	14	jié	jié	cut off
戫	62	戈	14	yù	yù	
戬	62	戈	14	jiǎn	jiǎn	exterminate
戭	62	戈	15	yǎn	yǎn	spear
戮	62	戈	15	lù	lù	kill
戯	62	戈	15	hū	hū/xì	theatrical play
戰	62	戈	16	zhàn	zhàn	war
戱	62	戈	16	xì	xì	theatrical play
戲	62	戈	17	xì	hū/xì	theatrical play
戳	62	戈	18	chuō	chuō	prick
戴	62	戈	17	dài	dài	wear on top
戵	62	戈	22	qú	qú	a halberd
戶	63	戶	4	hù	hù	door
户	63	戶	4	hù	hù	door
戸	63	戶	4	hù	hù	door
戹	63	戶	5	è	è	In difficulty
戺	63	戶	7	shì	shì	stone boarder
戻	63	戶	7	tì	tì	perverse
戼	63	戶	7	mǎo	mǎo	fourth earthly branch
戽	63	戶	8	hù	hù	to bale out water
戾	63	戶	8	lì	lì	perverse
房	63	戶	8	fáng	fáng	house
所	63	戶	8	suǒ	suǒ	place
扁	63	戶	9	biǎn	biǎn/piān	flat
扂	63	戶	9	diàn	diàn	
扃	63	戶	9	jiōng	jiōng	a door bar placed outside a door
扄	63	戶	10	shǎng	shǎng	large ring on a front door used as a knocker
扅	63	戶	10	yí	yí	gate bar
扆	63	戶	10	yǐ	yǐ	screen
扇	63	戶	10	shàn	shān/shàn	fan
扈	63	戶	11	hù	hù	escort
扉	63	戶	12	fēi	fēi	door panel
扊	63	戶	12	yǎn	yǎn	upright bar for fastening door
手	64	手	4	shǒu	shǒu	hand
扌	64	手	3	shǒu	shǒu	hand
才	64	手	3	cái	cái	talent
扎	64	手	4	zhā	zā/zhā/zhá	pull up
扏	64	手	5	qiú	qiú	
扐	64	手	5	lè	lè	divine
扑	64	手	5	pū	pū	pound
扒	64	手	5	bā	bā/pá	scratch
打	64	手	5	dǎ	dá/dǎ	strike
扔	64	手	5	rēng	rēng	throw
払	64	手	5	fǎn	fǎn	shake off
扖	64	手	5	rù	rù	
扗	64	手	6	zài	zài	
托	64	手	6	tuō	tuō	to hold up with palm
扙	64	手	6	zhàng	zhàng	
扚	64	手	6	diǎo	diǎo	
扛	64	手	6	káng	gāng/káng	carry on shoulders
扜	64	手	6	yū	yū	
扝	64	手	6	kū	kū	
扞	64	手	6	hàn	hàn	ward off
扟	64	手	6	shēn	shēn	
扠	64	手	6	chā	chā	pick up with fork or pincers
扡	64	手	6	tuō	tuō	drag along
扢	64	手	6	gǔ	gǔ	caper
扣	64	手	6	kòu	kòu	knock
扤	64	手	6	wù	wù	to thrust
扥	64	手	6	dèn	dèn	
扦	64	手	6	qiān	qiān	probe
执	64	手	6	zhí	zhí	hold in hand
扨	64	手	6	rèn	rèn	pick up with fork or pincers
扩	64	手	6	kuò	kuò	expand
扪	64	手	6	mén	mén	stoke
扫	64	手	6	sǎo	sǎo/sào	sweep
扬	64	手	6	yáng	yáng	scatter
扭	64	手	7	niǔ	niǔ	turn
扮	64	手	7	bàn	bàn	dress up
扯	64	手	7	chě	chě	rip up
扰	64	手	7	rǎo	rǎo	disturb
扱	64	手	6	xī	xī	collect
扲	64	手	7	qián	qián	(Cant.) to pull out
扳	64	手	7	bān	bān	pull
扴	64	手	7	jiá	jiá	
扵	64	手	7	yú	yú	in
扶	64	手	7	fú	fú	support
扷	64	手	7	ào	ào	
扸	64	手	7	xī	xī	
批	64	手	7	pī	pī	comment
扺	64	手	7	zhǐ	zhǐ	to strike one's palm with one's fist
扻	64	手	7	zhì	zhì	to strike
扼	64	手	7	è	è	grasp
扽	64	手	7	dèn	dèn	to move
找	64	手	7	zhǎo	zhǎo	search
承	64	手	8	chéng	chéng	inherit
技	64	手	7	jì	jì	skill
抁	64	手	7	yǎn	yǎn	
抂	64	手	7	kuáng	kuáng	
抃	64	手	7	biàn	biàn	to clap hands
抄	64	手	7	chāo	chāo	copy
抅	64	手	7	jū	jū	to collect
抆	64	手	7	wěn	wěn	wipe
抇	64	手	7	hú	hú	
抈	64	手	7	yuè	yuè	to bend
抉	64	手	7	jué	jué	choose
把	64	手	7	bǎ	bǎ/bà	hold
抋	64	手	7	qìn	qìn	
抌	64	手	7	dǎn	dǎn	to bale out water
抍	64	手	7	zhěng	zhěng	to lift up
抎	64	手	7	yǔn	yǔn	
抏	64	手	7	wán	wán	
抐	64	手	7	nè	nè	
抑	64	手	7	yì	yì	press down
抒	64	手	7	shū	shū	express
抓	64	手	7	zhuā	zhuā	scratch
抔	64	手	7	póu	póu	take or hold up in both hands
投	64	手	7	tóu	tóu	throw
抖	64	手	7	dǒu	dǒu	tremble
抗	64	手	7	kàng	kàng	resist
折	64	手	7	zhé	shé/zhē/zhé	break off
抙	64	手	7	póu	póu	
抚	64	手	7	fǔ	fǔ	pat
抛	64	手	7	pāo	pāo	throw (away)
抜	64	手	7	bá	bá	uproot
抝	64	手	7	ǎo	ǎo/ào/niù	to bend
択	64	手	7	zé	zé	select
抟	64	手	7	tuán	tuán	roll around with hand
抠	64	手	7	kōu	kōu	raise
抡	64	手	7	lūn	lūn	swing
抢	64	手	7	qiǎng	qiāng/qiǎng	plunder
抣	64	手	7	yún	yún	
护	64	手	7	hù	hù	protect
报	64	手	7	bào	bào	report
抦	64	手	8	bǐng	bǐng	(Cant.) to beat
抧	64	手	8	zhǐ	zhǐ	
抨	64	手	8	pēng	pēng	impeach
抩	64	手	8	nán	nán	
抪	64	手	8	bù	bù	to scatter
披	64	手	8	pī	pī	wear
抬	64	手	8	tái	tái	lift
抭	64	手	8	yǎo	yǎo	
抮	64	手	8	zhěn	zhěn	to revolve
抯	64	手	8	zhā	zhā	(Cant.) to grasp
抰	64	手	8	yāng	yāng	to shake (clothes
抱	64	手	8	bào	bào	embrace
抲	64	手	8	hē	hē	
抳	64	手	8	nǐ	nǐ	(Cant.) to crush
抴	64	手	8	yè	yè	to drag
抵	64	手	8	dǐ	dǐ	resist
抶	64	手	8	chì	chì	beat
抷	64	手	8	pī	pī	
抸	64	手	7	jiā	jiā	
抹	64	手	8	mǒ	mā/mǒ/mò	smear
抺	64	手	8	mèi	mèi	
抻	64	手	8	chēn	chēn	pull
押	64	手	8	yā	yā	mortgage
抽	64	手	8	chōu	chōu	draw out
抾	64	手	8	qū	qū	
抿	64	手	8	mǐn	mǐn	pucker up lips in smile
拀	64	手	8	chù	chù	
拁	64	手	8	jiā	jiā	
拂	64	手	8	fú	fú	shake off
拃	64	手	8	zhǎ	zhǎ	grope
拄	64	手	8	zhǔ	zhǔ	lean on
担	64	手	8	dān	dān/dàn	carry
拆	64	手	8	chāi	chāi	to break up
拇	64	手	8	mǔ	mǔ	thumb
拈	64	手	8	niān	niān	pick up with fingers
拉	64	手	8	lā	lā/lá	pull
拊	64	手	8	fǔ	fǔ	slap
拋	64	手	8	pāo	pāo	throw (away)
拌	64	手	8	bàn	bàn	mix
拍	64	手	8	pāi	pāi	clap
拎	64	手	8	līn	līn	to haul
拏	64	手	9	ná	ná	take
拐	64	手	8	guǎi	guǎi	kidnap
拑	64	手	8	qián	qián	to clamp
拒	64	手	7	jù	jù	ward off with hand
拓	64	手	8	tà	tà/tuò	expand
拔	64	手	8	bá	bá	uproot
拕	64	手	8	tuō	tuō	to drag after
拖	64	手	8	tuō	tuō	drag
拗	64	手	8	ào	ào/niù	to pull
拘	64	手	8	jū	jū	restrain
拙	64	手	8	zhuō	zhuō	stupid
拚	64	手	8	pàn	pàn/pīn	risk
招	64	手	8	zhāo	zhāo	beckon
拜	64	手	9	bài	bái/bài	do obeisance
拝	64	手	8	bài	bài	do obeisance
拞	64	手	8	dǐ	dǐ	
拟	64	手	7	nǐ	nǐ	draft
拠	64	手	8	jù	jù	to occupy
拡	64	手	8	kuò	kuò	expand
拢	64	手	8	lǒng	lǒng	collect
拣	64	手	8	jiǎn	jiǎn	choose
拤	64	手	8	qiá	qiá	
拥	64	手	8	yōng	yōng	embrace
拦	64	手	8	lán	lán	obstruct
拧	64	手	8	níng	níng/nǐng/nìng	pinch
拨	64	手	8	bō	bō	move
择	64	手	8	zé	zé/zhái	select
拪	64	手	9	qiān	qiān	
拫	64	手	9	hén	hén	to pull
括	64	手	9	kuò	kuò	include
拭	64	手	9	shì	shì	wipe away stains with cloth
拮	64	手	9	jié	jié	laboring hard
拯	64	手	9	zhěng	zhěng	help
拰	64	手	9	nǐn	nǐn	
拱	64	手	9	gǒng	gǒng	fold hands on breast
拲	64	手	10	gǒng	gǒng	
拳	64	手	10	quán	quán	fist
拴	64	手	9	shuān	shuān	bind with rope
拵	64	手	9	cún	cún	to make
拶	64	手	9	zā	zā/zǎn	press
拷	64	手	9	kǎo	kǎo	torture and interrogate
拸	64	手	9	yí	yí	
拹	64	手	9	xié	xié	
拺	64	手	9	cè	cè	
拻	64	手	9	huī	huī	
拼	64	手	9	pīn	pīn	join together
拽	64	手	9	zhuài	zhuài	drag
拾	64	手	9	shí	shè/shí	pick up
拿	64	手	10	ná	ná	take
挀	64	手	9	bāi	bāi	
持	64	手	9	chí	chí	sustain
挂	64	手	9	guà	guà	hang
挃	64	手	9	zhì	zhì	(Cant.) to beat
挄	64	手	9	kuò	kuò	
挅	64	手	9	duǒ	duǒ	
挆	64	手	9	duǒ	duǒ	
指	64	手	9	zhǐ	zhǐ	finger
挈	64	手	10	qiè	qiè	assist
按	64	手	9	àn	àn	put hand on
挊	64	手	9	nòng	nòng	
挋	64	手	9	zhèn	zhèn	
挌	64	手	9	gé	gé	fight
挍	64	手	9	jiào	jiào	collate
挎	64	手	9	kuà	kuà	carry
挏	64	手	9	dòng	dòng	(Cant.) to dredge or poke with a pole or stick
挐	64	手	10	ná	ná	drag
挑	64	手	9	tiāo	tiāo/tiǎo	a load carried on the shoulders
挒	64	手	9	liè	liè	
挓	64	手	9	zhā	zhā	to open out
挔	64	手	9	lǚ	lǚ	
挕	64	手	9	dié	dié	
挖	64	手	9	wā	wā	dig
挗	64	手	9	jué	jué	
挘	64	手	9	liě	liě	to pluck
挙	64	手	10	jǔ	jǔ	raise
挚	64	手	10	zhì	zhì	sincere
挛	64	手	10	luán	luán	tangled
挜	64	手	9	yà	yà	take
挝	64	手	9	wō	wō	to beat
挞	64	手	9	tà	tà	flog
挟	64	手	9	xié	xié	clasp under arm
挠	64	手	9	náo	náo	scratch
挡	64	手	9	dǎng	dǎng/dàng	obstruct
挢	64	手	9	jiǎo	jiǎo	correct
挣	64	手	9	zhēng	zhēng/zhèng	strive
挤	64	手	9	jǐ	jǐ	crowd
挥	64	手	9	huī	huī	direct
挦	64	手	9	xián	xián	pull out
挧	64	手	9	yǔ	yǔ	
挨	64	手	10	āi	āi/ái	near
挩	64	手	10	tuō	tuō	
挪	64	手	9	nuó	nuó	move
挫	64	手	10	cuò	cuò	push down
挬	64	手	10	bó	bó	
挭	64	手	10	gěng	gěng	fish-bones
挮	64	手	10	tǐ	tǐ	
振	64	手	10	zhèn	zhèn	raise
挰	64	手	10	chéng	chéng	
挱	64	手	10	sā	sā/shā/suō	to feel or fondle with the fingers
挲	64	手	11	sā	sā/suō	to feel or fondle with the fingers
挳	64	手	10	kēng	kēng	
挴	64	手	10	měi	měi	
挵	64	手	10	nòng	nòng	to play with
挶	64	手	10	jū	jū	hold in hands
挷	64	手	9	péng	péng	to propel a boat
挸	64	手	10	jiǎn	jiǎn	
挹	64	手	10	yì	yì	to bale out
挺	64	手	9	tǐng	tǐng	to stand upright
挻	64	手	9	shān	shān	
挼	64	手	10	ruá	ruá/ruó	rub
挽	64	手	10	wǎn	wǎn	pull
挾	64	手	10	xié	xié	clasp under arm
挿	64	手	10	chā	chā	insert
捀	64	手	10	féng	féng	
捁	64	手	10	jiǎo	jiǎo	
捂	64	手	10	wǔ	wǔ	resist
捃	64	手	10	jùn	jùn	to pick up
捄	64	手	10	jiù	jiù	long and curved
捅	64	手	10	tǒng	tǒng	jab
捆	64	手	10	kǔn	kǔn	tie up
捇	64	手	10	huò	huò	
捈	64	手	10	tú	tú	
捉	64	手	10	zhuō	zhuō	grasp
捊	64	手	10	póu	póu	
捋	64	手	10	lǚ	lǚ/luō	to pluck
捌	64	手	10	bā	bā	break open
捍	64	手	10	hàn	hàn	ward off
捎	64	手	10	shāo	shāo/shào	to select
捏	64	手	10	niē	niē	pick with fingers
捐	64	手	10	juān	juān	contribute
捑	64	手	10	zè	zè	
捒	64	手	10	shù	shù	
捓	64	手	9	yé	yé	strive
捔	64	手	10	jué	jué	to gore
捕	64	手	10	bǔ	bǔ	arrest
捖	64	手	10	wán	wán	
捗	64	手	10	bù	bù	make progress
捘	64	手	10	zùn	zùn	push
捙	64	手	10	yè	yè	
捚	64	手	10	zhāi	zhāi	
捛	64	手	10	lǚ	lǚ	
捜	64	手	10	sōu	sōu	search
捝	64	手	10	tuō	tuō	
捞	64	手	10	lāo	lāo	scoop out of water
损	64	手	10	sǔn	sǔn	diminish
捠	64	手	10	bāng	bāng	
捡	64	手	10	jiǎn	jiǎn	to pick up
换	64	手	10	huàn	huàn	change
捣	64	手	10	dǎo	dǎo	hull
捤	64	手	10	wěi	wěi	
捥	64	手	11	wàn	wàn	to bend the wrist
捦	64	手	11	qín	qín	to seize
捧	64	手	11	pěng	pěng	hold up in two hands
捨	64	手	11	shě	shě	discard
捩	64	手	11	liè	liè	twist with hands
捪	64	手	11	mín	mín	
捫	64	手	11	mén	mén	stoke
捬	64	手	11	fǔ	fǔ	press down heavily with hands
捭	64	手	11	bǎi	bǎi	to open
据	64	手	11	jù	jū/jù	to occupy
捯	64	手	11	dáo	dáo	pull back continuously on a rope or line with both hands
捰	64	手	11	wǒ	wǒ	
捱	64	手	11	ái	ái	put off
捲	64	手	11	juǎn	juǎn	curl
捳	64	手	11	yuè	yuè	
捴	64	手	11	zǒng	zǒng	
捵	64	手	11	chēn	chēn	(Cant.) to hold between the fingers and thumb
捶	64	手	11	chuí	chuí	strike with stick
捷	64	手	11	jié	jié	win
捸	64	手	11	tū	tū	
捹	64	手	11	bèn	bèn	to fumble things over
捺	64	手	11	nà	nà	to press down heavily with the fingers
捻	64	手	11	niǎn	niǎn	to twist or nip with the fingers
捼	64	手	11	ruó	ruó	to rub
捽	64	手	11	zuó	zuó	clutch
捾	64	手	11	wò	wò	
捿	64	手	11	qī	qī	perch
掀	64	手	11	xiān	xiān	lift
掁	64	手	11	chéng	chéng	
掂	64	手	11	diān	diān	heft
掃	64	手	11	sǎo	sǎo/sào	sweep
掄	64	手	11	lūn	lūn/lún	swing
掅	64	手	11	qìng	qìng	(Cant.) to lift up
掆	64	手	11	gāng	gāng	(a simplified form of 掆) to carry on the shoulders of two or more men
掇	64	手	11	duō	duō	collect
授	64	手	11	shòu	shòu	give to
掉	64	手	11	diào	diào	turn
掊	64	手	11	póu	póu/pǒu	to extract
掋	64	手	11	dǐ	dǐ	
掌	64	手	12	zhǎng	zhǎng	palm of hand
掍	64	手	11	hùn	hùn	
掎	64	手	11	jǐ	jǐ	drag aside
掏	64	手	11	tāo	tāo	take out
掐	64	手	11	qiā	qiā	hold
掑	64	手	11	qí	qí	
排	64	手	11	pái	pái/pǎi	row
掓	64	手	11	shū	shū	
掔	64	手	12	qiān	qiān	sturdy
掕	64	手	11	líng	líng	
掖	64	手	11	yē	yē/yè	support with the arms
掗	64	手	11	yà	yà	take
掘	64	手	11	jué	jué	dig
掙	64	手	11	zhēng	zhēng	to strive
掚	64	手	11	liǎng	liǎng	
掛	64	手	11	guà	guà	hang
掜	64	手	11	yì	yì	
掝	64	手	11	huò	huò	
掞	64	手	11	yàn	yàn	easy
掟	64	手	11	zhěng	zhěng	law
掠	64	手	11	lüè	lüè	rob
採	64	手	11	cǎi	cǎi	gather
探	64	手	11	tàn	tàn	find
掣	64	手	12	chè	chè	drag
掤	64	手	11	bīng	bīng	quiver
接	64	手	11	jiē	jiē	receive
掦	64	手	11	tì	tì	to take up
控	64	手	11	kòng	kòng	accuse
推	64	手	11	tuī	tuī	push
掩	64	手	11	yǎn	yǎn	to cover (with the hand)
措	64	手	11	cuò	cuò	place
掫	64	手	11	zhōu	zhōu	be on night watch
掬	64	手	11	jū	jū	to grasp or hold with both hands
掭	64	手	11	tiàn	tiàn	to manipulate
掮	64	手	11	qián	qián	to bear on the shoulders
掯	64	手	11	kèn	kèn	oppress
掰	64	手	12	bāi	bāi	(Cant.) to tear
掱	64	手	12	pá	pá	pickpocket
掲	64	手	11	jiē	jiē	to set (a table)
掳	64	手	11	lǔ	lǔ	capture
掴	64	手	11	guāi	guāi	box one's ears
掵	64	手	11	mìng	mìng	
掶	64	手	11	jié	jié	
掷	64	手	11	zhì	zhì	throw
掸	64	手	11	dǎn	dǎn	to dust
掹	64	手	11	mēng	mēng	(Cant.) to pluck
掺	64	手	11	chān	chān	mix
掻	64	手	11	sāo	sāo	scratch lightly
掼	64	手	11	guàn	guàn	throw ground
掽	64	手	11	pèng	pèng	collide
掾	64	手	12	yuàn	yuàn	a general designation of officials
掿	64	手	11	nuò	nuò	
揀	64	手	12	jiǎn	jiǎn	choose
揁	64	手	12	zhēng	zhēng	sound of setting up a koto
揂	64	手	12	jiū	jiū	
揃	64	手	12	jiǎn	jiǎn	shear
揄	64	手	12	yú	yú	lift
揅	64	手	13	yán	yán	grind
揆	64	手	12	kuí	kuí	prime minister
揇	64	手	12	nǎn	nǎn	(Cant.) to measure a distance with the extended thumb and forefinger or middle finger
揈	64	手	12	hōng	hōng	to expel
揉	64	手	12	róu	róu	rub
揊	64	手	12	pì	pì	
揋	64	手	12	wēi	wēi	
揌	64	手	12	sāi	sāi	to shake
揍	64	手	12	zòu	zòu	hit
揎	64	手	12	xuān	xuān	to pull up the sleeves and stretch out the arms
描	64	手	11	miáo	miáo	copy
提	64	手	12	tí	dī/tí	hold in hand
揑	64	手	12	niē	niē	to fabricate
插	64	手	12	chā	chā	insert
揓	64	手	12	shì	shì	
揔	64	手	12	zǒng	zǒng	collect
揕	64	手	12	zhèn	zhèn	roll up the sleeves
揖	64	手	12	yī	yī	salute
揗	64	手	12	xún	xún	strike
揘	64	手	12	yóng	yóng	
揙	64	手	12	biān	biān	
揚	64	手	12	yáng	yáng	scatter
換	64	手	12	huàn	huàn	change
揜	64	手	12	yǎn	yǎn	cover up
揝	64	手	12	zǎn	zǎn	to hold in the hand
揞	64	手	12	ǎn	ǎn	to cover (with the hand)
揟	64	手	12	xū	xū	
揠	64	手	12	yà	yà	to pull up
握	64	手	12	wò	wò	grasp
揢	64	手	12	ké	ké	to seize
揣	64	手	12	chuāi	chuāi/chuǎi/chuài	put things under clothes
揤	64	手	10	jí	jí	
揥	64	手	12	tì	tì	scratcher
揦	64	手	12	lá	lá	to clutch
揧	64	手	13	là	là	
揨	64	手	12	chén	chén	
揩	64	手	12	kāi	kāi	rub and wipe
揪	64	手	12	jiū	jiū	grasp with hand
揫	64	手	13	jiū	jiū	grasp with hand
揬	64	手	12	tú	tú	(Cant.) lay up
揭	64	手	12	jiē	jiē	raise
揮	64	手	12	huī	huī	direct
揯	64	手	12	gèn	gèn	(Cant.) tight
揰	64	手	12	chòng	chòng	to push in or poke out
揱	64	手	13	xiāo	xiāo	
揲	64	手	12	dié	dié/shé	to sort out the stalks used in divination
揳	64	手	12	xiē	xiē	wipe
援	64	手	12	yuán	yuán	aid
揵	64	手	11	qián	qián	carry
揶	64	手	11	yé	yé	make fun of
揷	64	手	12	chā	chā	insert
揸	64	手	12	zhā	zhā	handful
揹	64	手	12	bēi	bēi	carry things on one's back
揺	64	手	12	yáo	yáo	wag
揻	64	手	12	wēi	wēi	
揼	64	手	12	bèng	bèng	(Cant.) to delay
揽	64	手	12	lǎn	lǎn	grasp
揾	64	手	12	wèn	wèn	wipe off
揿	64	手	12	qìn	qìn	press
搀	64	手	12	chān	chān	give helping hand
搁	64	手	12	gē	gē/gé	place
搂	64	手	12	lǒu	lōu/lǒu	hug
搃	64	手	12	zǒng	zǒng	all
搄	64	手	12	gèn	gèn	
搅	64	手	12	jiǎo	jiǎo	disturb
搆	64	手	13	gòu	gòu	pull
搇	64	手	13	qìn	qìn	to press down with the hand
搈	64	手	13	róng	róng	
搉	64	手	13	què	què	knock
搊	64	手	13	chōu	chōu	pluck
搋	64	手	13	chuāi	chuāi	to thump
搌	64	手	13	zhǎn	zhǎn	to wipe tears
損	64	手	13	sǔn	sǔn	diminish
搎	64	手	13	sūn	sūn	to rub with the hand
搏	64	手	13	bó	bó	seize
搐	64	手	13	chù	chù	cramp
搑	64	手	12	róng	róng	
搒	64	手	13	bàng	bàng/péng	pole
搓	64	手	12	cuō	cuō	to rub or roll between the hands
搔	64	手	12	sāo	sāo	to scratch
搕	64	手	13	kē	kē	to strike
搖	64	手	13	yáo	yáo	wag
搗	64	手	13	dǎo	dǎo	hull
搘	64	手	13	zhī	zhī	prop
搙	64	手	13	nù	nù	to handle
搚	64	手	13	lā	lā	
搛	64	手	13	jiān	jiān	to pick up with chopsticks
搜	64	手	12	sōu	sōu	search
搝	64	手	13	qiǔ	qiǔ	
搞	64	手	13	gǎo	gǎo	to clear
搟	64	手	13	xiǎn	xiǎn	
搠	64	手	13	shuò	shuò	to daub
搡	64	手	13	sǎng	sǎng	to push over or push back
搢	64	手	13	jìn	jìn	to stick into
搣	64	手	13	miè	miè	(Cant.) to tear
搤	64	手	13	è	è	seize
搥	64	手	12	chuí	chuí	beat
搦	64	手	13	nuò	nuò	grasp
搧	64	手	13	shān	shān	fan
搨	64	手	13	tà	tà	rub
搩	64	手	13	zhǎ	zhǎ	
搪	64	手	13	táng	táng	ward off
搫	64	手	14	pán	pán	to move
搬	64	手	13	bān	bān	transfer
搭	64	手	12	dā	dā	join together
搮	64	手	13	lì	lì	
搯	64	手	13	tāo	tāo	take out
搰	64	手	12	hú	hú	dig
搱	64	手	13	zhì	zhì	
搲	64	手	13	wā	wā	to seize
搳	64	手	13	huá	huá	boxing
搴	64	手	14	qiān	qiān	extract
搵	64	手	13	wèn	wèn	wipe off
搶	64	手	13	qiǎng	qiāng/qiǎng	plunder
搷	64	手	13	tián	tián	to beat
搸	64	手	13	zhēn	zhēn	
搹	64	手	13	è	è	
携	64	手	13	xié	xié	lead by hand
搻	64	手	14	nuò	nuò	
搼	64	手	13	quán	quán	
搽	64	手	12	chá	chá	smear
搾	64	手	13	zhà	zhà	to crush with the hand
搿	64	手	14	gé	gé	
摀	64	手	13	wǔ	wǔ	to cover with the hand
摁	64	手	13	èn	èn	to press with the hand
摂	64	手	13	shè	shè	take in
摃	64	手	13	káng	káng	
摄	64	手	13	shè	shè	take in
摅	64	手	13	shū	shū	spread
摆	64	手	13	bǎi	bǎi	put
摇	64	手	13	yáo	yáo	wag
摈	64	手	13	bìn	bìn	exclude
摉	64	手	13	sōu	sōu	
摊	64	手	13	tān	tān	spread out
摋	64	手	13	sà	sà/shā	to strike with the hand
摌	64	手	14	chǎn	chǎn	
摍	64	手	14	suō	suō	
摎	64	手	14	jiū	jiū	to strangle
摏	64	手	14	chōng	chōng	pound
摐	64	手	14	chuāng	chuāng	to hit (a bell or drum)
摑	64	手	14	guāi	guāi/guó	box one's ears
摒	64	手	12	bìng	bìng	expel
摓	64	手	13	féng	féng	
摔	64	手	14	shuāi	shuāi	fall to the ground
摕	64	手	14	dì	dì	(Cant.) to hit
摖	64	手	14	qì	qì	
摗	64	手	14	sōu	sōu	
摘	64	手	14	zhāi	zhāi	pluck
摙	64	手	13	liǎn	liǎn	to transport
摚	64	手	14	chēng	chēng	(Cant.) to pull open (a drawer)
摛	64	手	13	chī	chī	to spread (name
摜	64	手	14	guàn	guàn	throw ground
摝	64	手	14	lù	lù	to move
摞	64	手	14	luò	luò	to pile up
摟	64	手	14	lǒu	lōu/lǒu	hug
摠	64	手	14	zǒng	zǒng	general
摡	64	手	12	gài	gài	to irrigate
摢	64	手	14	hù	hù	
摣	64	手	14	zhā	zhā	a handful. to pick up with the fingers. to seize
摤	64	手	14	chuǎng	chuǎng	
摥	64	手	14	tàng	tàng	
摦	64	手	14	huà	huà	wide
摧	64	手	14	cuī	cuī	destroy
摨	64	手	15	nái	nái	
摩	64	手	15	mó	mā/mó	rub
摪	64	手	14	jiāng	jiāng	
摫	64	手	14	guī	guī	
摬	64	手	14	yǐng	yǐng	
摭	64	手	14	zhí	zhí	pick up
摮	64	手	14	áo	áo	to rattle
摯	64	手	15	zhì	zhì	sincere
摰	64	手	15	niè	niè	to seize with the hand
摱	64	手	14	màn	màn	(Cant.) to climb
摲	64	手	14	chàn	chàn	raze
摳	64	手	14	kōu	kōu	raise
摴	64	手	14	chū	chū	to stretch out
摵	64	手	14	shè	shè	(Cant.) to pull
摶	64	手	14	tuán	tuán	roll around with hand
摷	64	手	14	jiǎo	jiǎo	(Cant.) to search for
摸	64	手	13	mō	mō	gently touch with hand
摹	64	手	14	mó	mó	trace
摺	64	手	14	zhé	zhé	fold
摻	64	手	14	càn	càn/chān/shǎn	a delicate hand
摼	64	手	14	kēng	kēng	(Cant.) to knock
摽	64	手	14	biào	biào	throw out
摾	64	手	15	jiàng	jiàng	
摿	64	手	14	yáo	yáo	
撀	64	手	15	gòu	gòu	
撁	64	手	14	qiān	qiān	
撂	64	手	14	liào	liào	put down
撃	64	手	15	jī	jī	strike
撄	64	手	14	yīng	yīng	oppose
撅	64	手	15	juē	juē	protrude
撆	64	手	15	piē	piē	to skim off
撇	64	手	14	piē	piē/piě	discard
撈	64	手	15	lāo	lāo	scoop out of water
撉	64	手	16	dūn	dūn	to squat
撊	64	手	15	xiàn	xiàn	fierce
撋	64	手	15	ruán	ruán	to rub between the hands
撌	64	手	15	guì	guì	
撍	64	手	15	zǎn	zǎn	to hold in the hand
撎	64	手	15	yì	yì	
撏	64	手	15	xián	xián	pull out
撐	64	手	15	chēng	chēng	prop up
撑	64	手	15	chēng	chēng	prop up
撒	64	手	15	sā	sā/sǎ	release
撓	64	手	15	náo	náo	scratch
撔	64	手	15	hòng	hòng	
撕	64	手	15	sī	sī	rip
撖	64	手	14	hàn	hàn	surname
撗	64	手	14	guàng	guàng	
撘	64	手	15	dā	dā	(Cant.) to strike
撙	64	手	15	zǔn	zǔn	economize
撚	64	手	15	niǎn	niǎn	twirl in fingers
撛	64	手	15	lǐn	lǐn	
撜	64	手	15	zhěng	zhěng	
撝	64	手	15	huī	huī	wave
撞	64	手	15	zhuàng	zhuàng	knock against
撟	64	手	15	jiǎo	jiǎo	correct
撠	64	手	15	jǐ	jǐ	
撡	64	手	15	cāo	cāo	
撢	64	手	15	dǎn	dǎn	to dust
撣	64	手	15	dǎn	dǎn/shàn	to dust
撤	64	手	15	chè	chè	omit
撥	64	手	15	bō	bō	move
撦	64	手	14	chě	chě	rip up
撧	64	手	15	juē	juē	
撨	64	手	15	fǔ	fǔ	
撩	64	手	15	liāo	liāo/liáo	lift up
撪	64	手	15	bèn	bèn	
撫	64	手	15	fǔ	fǔ	pat
撬	64	手	15	qiào	qiào	lift
播	64	手	15	bō	bō	sow
撮	64	手	15	cuō	cuō/zuǒ	little bit
撯	64	手	14	zhuó	zhuó	
撰	64	手	15	zhuàn	zhuàn	compose
撱	64	手	14	wěi	wěi	to shorten
撲	64	手	15	pū	pū	pound
撳	64	手	15	qìn	qìn	press
撴	64	手	15	dūn	dūn	to jolt
撵	64	手	15	niǎn	niǎn	drive away
撶	64	手	13	huá	huá	
撷	64	手	15	xié	xié	pick up
撸	64	手	15	lū	lū	
撹	64	手	15	jiǎo	jiǎo	disturb
撺	64	手	15	cuān	cuān	hurry
撻	64	手	15	tà	tà	flog
撼	64	手	16	hàn	hàn	move
撽	64	手	16	qiào	qiào	to strike
撾	64	手	14	wō	wō/zhuā	to beat
撿	64	手	16	jiǎn	jiǎn	to pick up
擀	64	手	16	gǎn	gǎn	roll flat
擁	64	手	16	yōng	yōng	embrace
擂	64	手	16	léi	léi/lèi	rub
擃	64	手	16	nǎng	nǎng	to ward off
擄	64	手	16	lǔ	lǔ	capture
擅	64	手	16	shàn	shàn	monopolize
擆	64	手	14	zhuó	zhuó	
擇	64	手	16	zé	zé/zhái	select
擈	64	手	16	pū	pū	
擉	64	手	16	chuò	chuò	to pierce
擊	64	手	17	jī	jī	strike
擋	64	手	16	dǎng	dǎng/dàng	to obstruct
擌	64	手	16	sè	sè	
操	64	手	16	cāo	cāo	conduct
擎	64	手	16	qíng	qíng	lift up
擏	64	手	15	qíng	qíng	(Cant.) to guard against
擐	64	手	16	huàn	huàn	to put on
擑	64	手	15	jiē	jiē	
擒	64	手	15	qín	qín	catch
擓	64	手	16	kuǎi	kuǎi	to rub
擔	64	手	16	dān	dān/dàn	carry
擕	64	手	15	xié	xié	to lead by the hand
擖	64	手	15	kā	kā	scrape
擗	64	手	16	pǐ	pǐ	to beat the breast
擘	64	手	17	bò	bò	thumb
擙	64	手	16	ào	ào	to reach
據	64	手	16	jù	jù	to occupy
擛	64	手	15	yè	yè	
擜	64	手	16	è	è	to beat
擝	64	手	16	mēng	mēng	(Cant.) to pull
擞	64	手	16	sǒu	sǒu/sòu	shake
擟	64	手	17	mí	mí	
擠	64	手	17	jǐ	jǐ	crowd
擡	64	手	17	tái	tái	carry
擢	64	手	17	zhuó	zhuó	pull up
擣	64	手	17	dǎo	dǎo	hull
擤	64	手	17	xǐng	xǐng	to blow the nose with fingers
擥	64	手	18	lǎn	lǎn	drive away
擦	64	手	17	cā	cā	wipe
擧	64	手	18	jǔ	jǔ	raise
擨	64	手	17	yé	yé	
擩	64	手	17	rǔ	rǔ	to stain
擪	64	手	18	yè	yè	to tuck in
擫	64	手	17	yè	yè	tuck
擬	64	手	17	nǐ	nǐ	draft
擭	64	手	16	wò	wò	trap catch animals
擮	64	手	17	jié	jié	
擯	64	手	17	bìn	bìn	exclude
擰	64	手	17	níng	níng/nǐng/nìng	pinch
擱	64	手	17	gē	gē	place
擲	64	手	17	zhì	zhī/zhì	throw (down)
擳	64	手	16	zhì	zhì	(Cant.) to squeeze out
擴	64	手	17	kuò	kuò	expand
擵	64	手	18	mó	mó	to touch
擶	64	手	18	jiàn	jiàn	
擷	64	手	18	xié	xié	pick up
擸	64	手	18	liè	liè	to hold
擹	64	手	18	tān	tān	
擺	64	手	18	bǎi	bǎi	put
擻	64	手	18	sǒu	sǒu/sòu	shake
擼	64	手	18	lǔ	lǔ	
擽	64	手	18	lüè	lüè	tickle
擾	64	手	18	rǎo	rǎo	disturb
擿	64	手	17	tī	tī	to select
攀	64	手	19	pān	pān	climb
攁	64	手	17	yǎng	yǎng	
攂	64	手	18	lèi	lèi	to beat a drum
攃	64	手	17	cā	cā	preceding
攄	64	手	18	shū	shū	spread
攅	64	手	18	zǎn	zǎn	save
攆	64	手	18	niǎn	niǎn	drive away
攇	64	手	19	xiǎn	xiǎn	
攈	64	手	19	jùn	jùn	
攉	64	手	19	huō	huō	to beckon
攊	64	手	19	lì	lì	
攋	64	手	19	là	là	to clutch
攌	64	手	19	huǎn	huǎn	
攍	64	手	19	yíng	yíng	
攎	64	手	19	lú	lú	
攏	64	手	19	lǒng	lǒng	collect
攐	64	手	19	qiān	qiān	
攑	64	手	19	qiān	qiān	
攒	64	手	19	zǎn	cuán/zǎn	save
攓	64	手	20	qiān	qiān	
攔	64	手	20	lán	lán	obstruct
攕	64	手	20	xiān	xiān	
攖	64	手	20	yīng	yīng	oppose
攗	64	手	20	méi	méi	
攘	64	手	20	rǎng	rǎng	seize
攙	64	手	20	chān	chān	to give a helping hand
攚	64	手	19	wěng	wěng	
攛	64	手	21	cuān	cuān	hurry
攜	64	手	21	xié	xié	lead by hand
攝	64	手	21	shè	shè	take in
攞	64	手	22	luó	luó	to split
攟	64	手	22	jùn	jùn	to pick up
攠	64	手	22	mí	mí	
攡	64	手	21	chī	chī	
攢	64	手	22	zǎn	zǎn	save
攣	64	手	23	luán	luán	tangled
攤	64	手	22	tān	tān	spread out
攥	64	手	23	zuàn	zuàn	(coll.) hold
攦	64	手	22	lì	lì	
攧	64	手	22	diān	diān	to stumble
攨	64	手	23	wā	wā	
攩	64	手	23	dǎng	dǎng	to obstruct
攪	64	手	23	jiǎo	jiǎo	disturb
攫	64	手	23	jué	jué	snatch away
攬	64	手	24	lǎn	lǎn	grasp
攭	64	手	24	lì	lì	
攮	64	手	25	nǎng	nǎng	to fend off
支	65	支	4	zhī	zhī	disperse
攰	65	支	6	guì	guì	totally exhausted
攱	65	支	9	guǐ	guǐ	
攲	65	支	12	qī	qī	up
攳	65	支	16	xún	xún	
攴	66	攴	4	pū	pū	rap
攵	66	攴	4	pū	pū	rap
收	66	攴	6	shōu	shōu	gather together
攷	66	攴	6	kǎo	kǎo	examine
攸	66	攴	7	yōu	yōu	distant
改	66	攴	7	gǎi	gǎi	change
攺	66	攴	7	yǐ	yǐ	
攻	66	攴	7	gōng	gōng	attack
攼	66	攴	7	gān	gān	
攽	66	攴	8	bān	bān	to divide
放	66	攴	8	fàng	fàng	put
政	66	攴	9	zhèng	zhèng	government
敀	66	攴	9	pò	pò	
敁	66	攴	9	diān	diān	to weigh in the hand
敂	66	攴	9	kòu	kòu	deduct
敃	66	攴	9	mǐn	mǐn	strong
敄	66	攴	9	wù	wù	to put forth effort
故	66	攴	9	gù	gù	ancient
敆	66	攴	10	hé	hé	
敇	66	攴	10	cè	cè	
效	66	攴	10	xiào	xiào	result
敉	66	攴	10	mǐ	mǐ	pacify
敊	66	攴	10	chù	chù	
敋	66	攴	10	gé	gé	to strike
敌	66	攴	10	dí	dí	enemy
敍	66	攴	11	xù	xù	express
敎	66	攴	11	jiào	jiào	teach
敏	66	攴	11	mǐn	mǐn	fast
敐	66	攴	11	chén	chén	
救	66	攴	11	jiù	jiù	save
敒	66	攴	11	shēn	shēn	
敓	66	攴	11	duó	duó	
敔	66	攴	11	yǔ	yǔ	gavel
敕	66	攴	11	chì	chì	an imperial order or decree
敖	66	攴	10	áo	áo	ramble
敗	66	攴	11	bài	bài	be defeated
敘	66	攴	11	xù	xù	express
教	66	攴	11	jiào	jiāo/jiào	teach
敚	66	攴	11	duó	duó	take by force
敛	66	攴	11	liǎn	liǎn	draw back
敜	66	攴	12	niè	niè	fill up
敝	66	攴	11	bì	bì	break
敞	66	攴	12	chǎng	chǎng	roomy
敟	66	攴	12	diǎn	diǎn	
敠	66	攴	12	duō	duō	to weigh
敡	66	攴	12	yì	yì	rebuke
敢	66	攴	11	gǎn	gǎn	to dare
散	66	攴	12	sàn	sǎn/sàn	scatter
敤	66	攴	12	kě	kě	
敥	66	攴	12	yàn	yàn	
敦	66	攴	12	dūn	dūn	esteem
敧	66	攴	12	jī	jī	to pick up thing with chopsticks or pincers.
敨	66	攴	12	tǒu	tǒu	
敩	66	攴	12	xiào	xiào	teach
敪	66	攴	12	duō	duō	to weigh
敫	66	攴	13	jiǎo	jiǎo	ancient musical instrument
敬	66	攴	12	jìng	jìng	respect
敭	66	攴	13	yáng	yáng	scatter
敮	66	攴	13	xiá	xiá	
敯	66	攴	13	mǐn	mǐn	to defy
数	66	攴	13	shù	shǔ/shù/shuò	number
敱	66	攴	14	ái	ái	
敲	66	攴	14	qiāo	qiāo	strike
敳	66	攴	14	ái	ái	to govern forcefully
整	66	攴	16	zhěng	zhěng	orderly
敵	66	攴	15	dí	dí	enemy
敶	66	攴	14	zhèn	zhèn	
敷	66	攴	15	fū	fū	spread
數	66	攴	15	shù	shǔ/shù/shuò	number
敹	66	攴	15	liáo	liáo	to sew
敺	66	攴	15	qū	qū	expel
敻	66	攴	15	xiòng	xiòng	long
敼	66	攴	16	yǐ	yǐ	
敽	66	攴	16	jiǎo	jiǎo	bind
敾	66	攴	16	shàn	shàn	to rule
敿	66	攴	16	jiǎo	jiǎo	bind
斀	66	攴	17	zhuó	zhuó	
斁	66	攴	17	yì	yì	dislike
斂	66	攴	17	liǎn	liǎn	draw back
斃	66	攴	17	bì	bì	kill
斄	66	攴	19	lí	lí	
斅	66	攴	20	xiào	xiào/xué	teach
斆	66	攴	20	xiào	xiào	teach
文	67	文	4	wén	wén	literature
斈	67	文	7	xué	xué	learning
斉	67	文	8	qí	qí	even
斊	67	文	10	qí	qí	
斋	67	文	10	zhāi	zhāi	vegetarian diet
斌	67	文	12	bīn	bīn	refined
斍	67	文	11	jué	jué	to perceive
斎	67	文	11	zhāi	zhāi	vegetarian diet
斏	67	文	11	láng	láng	
斐	67	文	12	fěi	fěi	graceful
斑	67	文	12	bān	bān	mottled
斒	67	文	13	bān	bān	variegated
斓	67	文	16	lán	lán	multicolored
斔	67	文	18	yǔ	yǔ	
斕	67	文	21	lán	lán	multicolored
斖	67	文	24	wěi	wěi	
斗	68	斗	4	dòu	dǒu/dòu	a dipper
斘	68	斗	7	shēng	shēng	
料	68	斗	10	liào	liào	consider
斚	68	斗	10	jiǎ	jiǎ	a small cup of stone with ears
斛	68	斗	11	hú	hú	dry measure equal to some five or ten dou (see 舒)
斜	68	斗	11	xié	xié	slanting
斝	68	斗	12	jiǎ	jiǎ	small jade wine cup
斞	68	斗	12	yǔ	yǔ	a stack of grain
斟	68	斗	13	zhēn	zhēn	to pour wine or tea into a cup
斠	68	斗	14	jiào	jiào	measure
斡	68	斗	14	wò	wò	revolve
斢	68	斗	15	tiǎo	tiǎo	
斣	68	斗	17	dòu	dòu	
斤	69	斤	4	jīn	jīn	a catty (approximately 600 g)
斥	69	斤	5	chì	chì	to scold
斦	69	斤	8	yín	yín	
斧	69	斤	8	fǔ	fǔ	axe
斨	69	斤	8	qiāng	qiāng	axe
斩	69	斤	8	zhǎn	zhǎn	cut
斪	69	斤	9	qú	qú	
斫	69	斤	9	zhuó	zhuó	cut
斬	69	斤	11	zhǎn	zhǎn	cut
断	69	斤	11	duàn	duàn	sever
斮	69	斤	12	cuò	cuò/zhuó	cut off
斯	69	斤	12	sī	sī	this
新	69	斤	13	xīn	xīn	new
斱	69	斤	12	zhuó	zhuó	
斲	69	斤	14	zhuó	zhuó	cut
斳	69	斤	15	qín	qín	
斴	69	斤	16	lín	lín	the sound of water flowing among rocks
斵	69	斤	17	zhuó	zhuó	to cut to pieces
斶	69	斤	17	chù	chù	used in personal names
斷	69	斤	18	duàn	duàn	sever
斸	69	斤	25	zhǔ	zhǔ	cut
方	70	方	4	fāng	fāng	a square
斺	70	方	8	chǎn	chǎn	
斻	70	方	8	háng	háng	
於	70	方	8	yú	yū/yú	in
施	70	方	9	shī	shī	grant
斾	70	方	9	pèi	pèi	a pennon
斿	70	方	9	yóu	yóu	to swim
旀	70	方	9	mèi	mèi	place name
旁	70	方	10	páng	páng	side
旂	70	方	10	qí	qí	flag
旃	70	方	10	zhān	zhān	silk banner with bent pole
旄	70	方	10	máo	máo	a kind of ancient flag
旅	70	方	10	lǚ	lǚ	trip
旆	70	方	10	pèi	pèi	flag ornament
旇	70	方	11	pī	pī	
旈	70	方	11	liú	liú	fringes of pearls on crowns
旉	70	方	11	fū	fū	to state to
旊	70	方	10	fǎng	fǎng	
旋	70	方	11	xuán	xuán/xuàn	revolve
旌	70	方	11	jīng	jīng	banner or flag adorned with feathers
旍	70	方	11	jīng	jīng	banner or flag adorned with feathers
旎	70	方	11	nǐ	nǐ	fluttering of flag
族	70	方	11	zú	zú	a family clan
旐	70	方	12	zhào	zhào	an embroidered pennant
旑	70	方	12	yǐ	yǐ	
旒	70	方	13	liú	liú	fringes of pearls on crowns
旓	70	方	13	shāo	shāo	serrated edges on a Chinese flag
旔	70	方	12	jiàn	jiàn	
旕	70	方	13	yú	yú	place name
旖	70	方	14	yǐ	yǐ	romantic
旗	70	方	14	qí	qí	banner
旘	70	方	16	zhì	zhì	a pennon
旙	70	方	16	fān	fān	a pennant
旚	70	方	17	piāo	piāo	
旛	70	方	18	fān	fān	a pennant
旜	70	方	19	zhān	zhān	flag
旝	70	方	19	kuài	kuài	banner
旞	70	方	18	suì	suì	
旟	70	方	19	yú	yú	an military flag or standard
无	71	无	4	wú	mó/wú	negative
旡	71	无	4	jì	jì	choke on something eaten
既	71	无	9	jì	jì	already
旣	71	无	11	jì	jì	already
旤	71	无	12	huò	huò	
日	72	日	4	rì	rì	sun
旦	72	日	5	dàn	dàn	dawn
旧	72	日	5	jiù	jiù	old
旨	72	日	6	zhǐ	zhǐ	purpose
早	72	日	6	zǎo	zǎo	early
旪	72	日	6	xié	xié	united in
旫	72	日	6	tiāo	tiāo	
旬	72	日	6	xún	xún	ten-day period
旭	72	日	6	xù	xù	rising sun
旮	72	日	6	gā	gā	nook
旯	72	日	6	lá	lá	nook
旰	72	日	7	gàn	gàn	sunset
旱	72	日	7	hàn	hàn	drought
旲	72	日	7	tái	tái	
旳	72	日	7	dì	dì	possessive
旴	72	日	7	xū	xū	dawn
旵	72	日	7	chǎn	chǎn	
时	72	日	7	shí	shí	time
旷	72	日	7	kuàng	kuàng	extensive
旸	72	日	7	yáng	yáng	rising sun
旹	72	日	8	shí	shí	time
旺	72	日	8	wàng	wàng	prosper
旻	72	日	8	mín	mín	heaven
旼	72	日	8	mín	mín	gentle and affable
旽	72	日	8	tūn	tūn	morning sun
旾	72	日	8	chūn	chūn	spring
旿	72	日	8	wǔ	wǔ	
昀	72	日	8	yún	yún	sun light
昁	72	日	8	bèi	bèi	
昂	72	日	8	áng	áng	rise
昃	72	日	8	zè	zè	afternoon
昄	72	日	8	bǎn	bǎn	big
昅	72	日	7	jié	jié	
昆	72	日	8	kūn	kūn	elder brother
昇	72	日	8	shēng	shēng	rise
昈	72	日	8	hù	hù	
昉	72	日	8	fǎng	fǎng	bright dawn
昊	72	日	8	hào	hào	summer time
昋	72	日	8	guì	guì	
昌	72	日	8	chāng	chāng	light of sun
昍	72	日	8	xuān	xuān	
明	72	日	8	míng	míng	bright
昏	72	日	8	hūn	hūn	dusk
昐	72	日	8	fēn	fēn	
昑	72	日	8	qǐn	qǐn	bright
昒	72	日	8	hū	hū	daybreak
易	72	日	8	yì	yì	change
昔	72	日	8	xī	xī	formerly
昕	72	日	8	xīn	xīn	dawn
昖	72	日	8	yán	yán	
昗	72	日	8	zè	zè	
昘	72	日	8	fǎng	fǎng	
昙	72	日	8	tán	tán	become cloudy
昚	72	日	5	shèn	shèn	to be cautious
昛	72	日	8	jù	jù	
昜	72	日	9	yáng	yáng	to open out
昝	72	日	9	zǎn	zǎn	a dual pronoun
昞	72	日	9	bǐng	bǐng	bright
星	72	日	9	xīng	xīng	a star
映	72	日	9	yìng	yìng	project
昡	72	日	9	xuàn	xuàn	long day
昢	72	日	9	pò	pò	
昣	72	日	9	zhěn	zhěn	
昤	72	日	9	líng	líng	sunshine
春	72	日	9	chūn	chūn	spring
昦	72	日	9	hào	hào	
昧	72	日	9	mèi	mèi	obscure
昨	72	日	9	zuó	zuó	yesterday
昩	72	日	9	mò	mò	
昪	72	日	9	biàn	biàn	delighted
昫	72	日	9	xù	xù	warm
昬	72	日	9	hūn	hūn	dusk
昭	72	日	9	zhāo	zhāo	bright
昮	72	日	9	zòng	zòng	
是	72	日	9	shì	shì	indeed
昰	72	日	9	shì	shì	variant of 'to be'
昱	72	日	9	yù	yù	bright light
昲	72	日	9	fèi	fèi	sun-dried
昳	72	日	9	dié	dié	the declining sun in the west
昴	72	日	9	mǎo	mǎo	18th lunar mansion
昵	72	日	9	nì	nì	intimate
昶	72	日	9	chǎng	chǎng	a long day. bright. extended. clear
昷	72	日	9	wēn	wēn	to feed a prisoner
昸	72	日	9	dōng	dōng	
昹	72	日	9	ǎi	ǎi	
昺	72	日	9	bǐng	bǐng	bright
昻	72	日	9	áng	áng	rise
昼	72	日	9	zhòu	zhòu	daytime
昽	72	日	9	lóng	lóng	vague
显	72	日	9	xiǎn	xiǎn	manifest
昿	72	日	9	kuàng	kuàng	extensive
晀	72	日	10	tiǎo	tiǎo	
晁	72	日	10	cháo	cháo	morning
時	72	日	10	shí	shí	time
晃	72	日	10	huǎng	huǎng/huàng	bright
晄	72	日	10	huǎng	huǎng	bright
晅	72	日	10	xuǎn	xuǎn	light of the sun
晆	72	日	10	kuí	kuí	
晇	72	日	10	xū	xū	
晈	72	日	10	jiǎo	jiǎo	
晉	72	日	10	jìn	jìn	advance
晊	72	日	10	zhì	zhì	
晋	72	日	10	jìn	jìn	advance
晌	72	日	10	shǎng	shǎng	noon
晍	72	日	10	tóng	tóng	
晎	72	日	10	hǒng	hǒng	
晏	72	日	10	yàn	yàn	peaceful
晐	72	日	10	gāi	gāi	
晑	72	日	10	xiǎng	xiǎng	
晒	72	日	10	shài	shài	dry in sun
晓	72	日	10	xiǎo	xiǎo	dawn
晔	72	日	10	yè	yè	bright
晕	72	日	10	yūn	yūn/yùn	halo in sky
晖	72	日	10	huī	huī	sunshine
晗	72	日	11	hán	hán	pre-dawn
晘	72	日	11	hàn	hàn	
晙	72	日	11	jùn	jùn	early
晚	72	日	11	wǎn	wǎn	night
晛	72	日	11	xiàn	xiàn	sunlight
晜	72	日	11	kūn	kūn	insect
晝	72	日	11	zhòu	zhòu	daytime
晞	72	日	11	xī	xī	dry
晟	72	日	10	chéng	chéng	clear
晠	72	日	10	shèng	shèng	
晡	72	日	11	bū	bū	late afternoon
晢	72	日	11	zhé	zhé	light of stars
晣	72	日	11	zhé	zhé	
晤	72	日	11	wù	wù	have interview with
晥	72	日	11	wǎn	wǎn	Anhui province
晦	72	日	11	huì	huì	dark
晧	72	日	11	hào	hào	daybreak
晨	72	日	11	chén	chén	early morning
晩	72	日	12	wǎn	wǎn	night
晪	72	日	12	tiǎn	tiǎn	
晫	72	日	12	zhuó	zhuó	bright
晬	72	日	12	zuì	zuì	first birthday of a child
晭	72	日	12	zhǒu	zhǒu	
普	72	日	12	pǔ	pǔ	universal
景	72	日	12	jǐng	jǐng	scenery
晰	72	日	12	xī	xī	clear
晱	72	日	12	shǎn	shǎn	
晲	72	日	12	nǐ	nǐ	
晳	72	日	12	xī	xī	fair
晴	72	日	12	qíng	qíng	clear weather
晵	72	日	12	qǐ	qǐ	
晶	72	日	12	jīng	jīng	crystal
晷	72	日	12	guǐ	guǐ	shadows of sun
晸	72	日	13	zhěng	zhěng	appearance of the sun
晹	72	日	12	yì	yì	the sun going behind and out from behind clouds
智	72	日	12	zhì	zhì	wisdom
晻	72	日	12	àn	àn/yǎn	unclear
晼	72	日	12	wǎn	wǎn	sunset
晽	72	日	12	lín	lín	
晾	72	日	12	liàng	liàng	air-dry
晿	72	日	12	chāng	chāng	
暀	72	日	12	wǎng	wǎng	
暁	72	日	12	xiǎo	xiǎo	dawn
暂	72	日	12	zàn	zàn	temporary
暃	72	日	12	fēi	fēi	
暄	72	日	13	xuān	xuān	warm
暅	72	日	13	gèng	gèng	
暆	72	日	13	yí	yí	
暇	72	日	13	xiá	xiá	leisure
暈	72	日	13	yūn	yūn	halo in sky
暉	72	日	13	huī	huī	sunshine
暊	72	日	13	xǔ	xǔ	
暋	72	日	13	mǐn	mǐn	strong
暌	72	日	13	kuí	kuí	in opposition
暍	72	日	13	yē	yē	sunstroke
暎	72	日	12	yìng	yìng	sun beginning decline
暏	72	日	12	shǔ	shǔ	(variant of 暑) summer heat
暐	72	日	13	wěi	wěi	the bright shining of the sun
暑	72	日	12	shǔ	shǔ	hot
暒	72	日	13	qíng	qíng	
暓	72	日	13	mào	mào	
暔	72	日	13	nán	nán	
暕	72	日	13	jiǎn	jiǎn	
暖	72	日	13	nuǎn	nuǎn	warm
暗	72	日	13	àn	àn	dark
暘	72	日	13	yáng	yáng	rising sun
暙	72	日	13	chūn	chūn	
暚	72	日	14	yáo	yáo	
暛	72	日	13	suǒ	suǒ	
暜	72	日	14	pǔ	pǔ	
暝	72	日	14	míng	míng	dark
暞	72	日	14	jiǎo	jiǎo	
暟	72	日	14	kǎi	kǎi	
暠	72	日	14	gǎo	gǎo/hào	daybreak
暡	72	日	14	wěng	wěng	
暢	72	日	14	chàng	chàng	smoothly
暣	72	日	14	qì	qì	
暤	72	日	14	hào	hào	
暥	72	日	14	yàn	yàn	
暦	72	日	14	lì	lì	calendar
暧	72	日	14	ài	ài	obscure
暨	72	日	14	jì	jì	and
暩	72	日	15	jì	jì	
暪	72	日	15	mèn	mèn	
暫	72	日	15	zàn	zàn	temporary
暬	72	日	15	xiè	xiè	
暭	72	日	15	hào	hào	
暮	72	日	14	mù	mù	evening
暯	72	日	15	mò	mò	
暰	72	日	15	cōng	cōng	
暱	72	日	14	nì	nì	intimate
暲	72	日	15	zhāng	zhāng	bright
暳	72	日	15	huì	huì	
暴	72	日	15	bào	bào	violent
暵	72	日	15	hàn	hàn	dry by exposing sun
暶	72	日	15	xuán	xuán	
暷	72	日	15	chuán	chuán	
暸	72	日	16	liáo	liáo	bright
暹	72	日	15	xiān	xiān	rise
暺	72	日	16	tǎn	tǎn	
暻	72	日	16	jǐng	jǐng	bright
暼	72	日	15	piē	piē	take fleeting glance at
暽	72	日	16	lín	lín	
暾	72	日	16	tūn	tūn	morning sun
暿	72	日	16	xī	xī	
曀	72	日	16	yì	yì	stormy
曁	72	日	16	jì	jì	and
曂	72	日	15	huàng	huàng	
曃	72	日	15	dài	dài	
曄	72	日	14	yè	yè	bright
曅	72	日	14	yè	yè	bright
曆	72	日	16	lì	lì	calendar
曇	72	日	16	tán	tán	become cloudy
曈	72	日	16	tóng	tóng	twilight just before sunrise
曉	72	日	16	xiǎo	xiǎo	dawn
曊	72	日	16	fèi	fèi	
曋	72	日	16	shěn	shěn	
曌	72	日	16	zhào	zhào	Wǔ Zétiān (a self-coined name)
曍	72	日	16	hào	hào	bright
曎	72	日	17	yì	yì	
曏	72	日	15	xiǎng	xiǎng	once upon time
曐	72	日	17	xīng	xīng	
曑	72	日	17	shēn	shēn	
曒	72	日	17	jiǎo	jiǎo	bright
曓	72	日	17	bào	bào	
曔	72	日	16	jìng	jìng	
曕	72	日	17	yàn	yàn	to dry or cook in the sun
曖	72	日	17	ài	ài	obscure
曗	72	日	17	yè	yè	
曘	72	日	18	rú	rú	
曙	72	日	17	shǔ	shǔ	bright
曚	72	日	17	méng	méng	twilight just before sun rises
曛	72	日	18	xūn	xūn	twilight
曜	72	日	18	yào	yào	glorious
曝	72	日	19	pù	bào/pù	sun
曞	72	日	18	lì	lì	
曟	72	日	19	chén	chén	
曠	72	日	18	kuàng	kuàng	extensive
曡	72	日	19	dié	dié	repeat
曢	72	日	19	liǎo	liǎo	
曣	72	日	20	yàn	yàn	fair weather
曤	72	日	20	huò	huò	
曥	72	日	20	lú	lú	
曦	72	日	20	xī	xī	sunlight
曧	72	日	20	róng	róng	
曨	72	日	20	lóng	lóng	vague
曩	72	日	21	nǎng	nǎng	in ancient times
曪	72	日	23	luǒ	luǒ	
曫	72	日	23	luán	luán	
曬	72	日	23	shài	shài	dry in sun
曭	72	日	24	tǎng	tǎng	overcast day
曮	72	日	23	yǎn	yǎn	
曯	72	日	25	zhú	zhú	
曰	73	曰	4	yuē	yuē	say
曱	73	曰	5	yuē	yuē	(Cant.) cockroach
曲	73	曰	6	qū	qū/qǔ	crooked
曳	73	曰	6	yè	yè	trail
更	73	曰	7	gèng	gēng/gèng	more
曵	73	曰	7	yè	yè	trail
曶	73	曰	8	hū	hū	used in personal names
曷	73	曰	9	hé	hé	why? what? where?
書	73	曰	10	shū	shū	book
曹	73	曰	11	cáo	cáo	ministry officials
曺	73	曰	10	cáo	cáo	
曻	73	曰	10	shēng	shēng	
曼	73	曰	11	màn	màn	long
曽	72	日	11	cēng	cēng	already
曾	73	曰	12	céng	céng/zēng	already
替	73	曰	12	tì	tì	change
最	13	冂	12	zuì	zuì	most
朁	73	曰	12	cǎn	cǎn	if
朂	73	曰	12	xù	xù	
會	73	曰	13	huì	huì/kuài	to assemble
朄	73	曰	14	yǐn	yǐn	
朅	73	曰	14	qiè	qiè	brave
朆	73	曰	16	fēn	fēn	(Wu) not yet
朇	73	曰	21	pí	pí	
月	74	月	4	yuè	yuè	moon
有	74	月	6	yǒu	yǒu	have
朊	74	月	8	ruǎn	ruǎn	
朋	74	月	8	péng	péng	friend
朌	74	月	8	fén	fén	distribute
服	74	月	8	fú	fú/fù	clothes
朎	74	月	9	líng	líng	
朏	74	月	9	fěi	fěi	light of crescent moon
朐	74	月	9	qú	qú	warm
朑	130	肉	9	tì	tì	
朒	74	月	10	nǜ	nǜ	new moon on the eastern horizon
朓	74	月	10	tiǎo	tiǎo	sacrifice
朔	74	月	10	shuò	shuò	first day of lunar month
朕	74	月	10	zhèn	zhèn	pronoun 'I'
朖	74	月	11	lǎng	lǎng	clear
朗	74	月	10	lǎng	lǎng	clear
朘	74	月	11	zuī	zuī	wane
朙	74	月	11	míng	míng	bright
朚	74	月	11	huāng	huāng	
望	74	月	11	wàng	wàng	to look at
朜	74	月	12	tūn	tūn	
朝	74	月	12	cháo	cháo/zhāo	dynasty
朞	74	月	12	jī	jī	full year
期	74	月	12	qī	jī/qī	period of time
朠	74	月	12	yīng	yīng	color of the moon
朡	130	肉	13	zōng	zōng	
朢	74	月	14	wàng	wàng	look at
朣	74	月	16	tóng	tóng	the rising moon
朤	74	月	16	lǎng	lǎng	
朥	130	肉	16	láo	láo	
朦	74	月	17	méng	méng	condition or appearance of moon
朧	74	月	20	lóng	lóng	condition or appearance of moon
木	75	木	4	mù	mù	tree
朩	75	木	4	děng	děng	kwukyel: rank
未	75	木	5	wèi	wèi	not yet
末	75	木	5	mò	mò	final
本	75	木	5	běn	běn	root
札	75	木	5	zhá	zhá	letter
朮	75	木	5	shù	shù	skill
术	75	木	5	shù	shù/zhú	art
朰	75	木	5	mù	mù	kwukyel
朱	75	木	6	zhū	zhū	cinnabar
朲	75	木	6	rén	rén	
朳	75	木	6	bā	bā	tree
朴	75	木	6	pǔ	piáo/pò/pǔ	simple
朵	75	木	6	duǒ	duǒ	cluster of flowers
朶	75	木	6	duǒ	duǒ	cluster of flowers
朷	75	木	6	dāo	dāo	
朸	75	木	6	lì	lì	
朹	75	木	6	guǐ	guǐ	
机	75	木	6	jī	jī	desk
朻	75	木	6	jiū	jiū	
朼	75	木	6	bǐ	bǐ	
朽	75	木	6	xiǔ	xiǔ	decayed
朾	75	木	6	chéng	chéng	to bump
朿	75	木	6	cì	cì	stab
杀	75	木	6	shā	shā	kill
杁	75	木	6	rù	rù	
杂	75	木	6	zá	zá	mixed
权	75	木	6	quán	quán	power
杄	75	木	7	qiān	qiān	
杅	75	木	7	yú	yú	tub
杆	75	木	7	gān	gān/gǎn	pole
杇	75	木	7	wū	wū	loquat
杈	75	木	7	chā	chā/chà	fork of a tree
杉	75	木	7	shān	shā/shān	various species of pine and fir
杊	75	木	7	xún	xún	
杋	75	木	7	fán	fán	
杌	75	木	7	wù	wù	the stump of a tree
杍	75	木	7	zǐ	zǐ	
李	75	木	7	lǐ	lǐ	plum
杏	75	木	7	xìng	xìng	apricot
材	75	木	7	cái	cái	material
村	75	木	7	cūn	cūn	village
杒	75	木	7	rèn	rèn	
杓	75	木	7	biāo	biāo	handle of cup
杔	75	木	7	tuō	tuō	
杕	75	木	7	dì	dì	alone
杖	75	木	7	zhàng	zhàng	cane
杗	75	木	7	máng	máng	beam
杘	75	木	7	chì	chì	
杙	75	木	7	yì	yì	a tiny wooden post
杚	75	木	7	gài	gài	
杛	75	木	7	gōng	gōng	
杜	75	木	7	dù	dù	stop
杝	75	木	7	lí	lí	tree
杞	75	木	7	qǐ	qǐ	willow
束	75	木	7	shù	shù	bind
杠	75	木	7	gàng	gàng	lever
条	75	木	7	tiáo	tiáo	clause
杢	75	木	7	jié	jié	woodworker
杣	75	木	7	mián	mián	timber forest
杤	75	木	7	wàn	wàn	type of oak
来	75	木	7	lái	lái	come
杦	75	木	7	jiǔ	jiǔ	
杧	75	木	7	máng	máng	mango (Mangifera indica)
杨	75	木	7	yáng	yáng	willow
杩	75	木	7	mà	mà	headboard
杪	75	木	8	miǎo	miǎo	tip of twig
杫	75	木	8	sì	sì	
杬	75	木	8	yuán	yuán	(archaic) a tree whose bark can be used in pickling
杭	75	木	8	háng	háng	cross stream
杮	75	木	8	fèi	fèi	wood shavings
杯	75	木	8	bēi	bēi	cup
杰	75	木	8	jié	jié	hero
東	75	木	8	dōng	dōng	east
杲	75	木	8	gǎo	gǎo	bright sun
杳	75	木	8	yǎo	yǎo	obscure
杴	75	木	8	xiān	xiān	shovel
杵	75	木	8	chǔ	chǔ	pestle
杶	75	木	8	chūn	chūn	varnish
杷	75	木	8	pá	pá	loquat
杸	75	木	8	shū	shū	to kill
杹	75	木	8	huà	huà	
杺	75	木	8	xīn	xīn	
杻	75	木	8	chǒu	chǒu/niǔ	Ligustrum sinense
杼	75	木	8	zhù	zhù	shuttle of loom
杽	75	木	8	chǒu	chǒu	
松	75	木	8	sōng	sōng	pine tree
板	75	木	8	bǎn	bǎn	plank
枀	75	木	8	sōng	sōng	
极	75	木	7	jí	jí	extreme
枂	75	木	8	wò	wò	
枃	75	木	8	jìn	jìn	
构	75	木	8	gòu	gòu	frame
枅	75	木	8	jī	jī	
枆	75	木	8	máo	máo	
枇	75	木	8	pí	pí	loquat
枈	75	木	8	bì	bì	
枉	75	木	8	wǎng	wǎng	useless
枊	75	木	8	àng	àng	
枋	75	木	8	fāng	fāng	sandalwood
枌	75	木	8	fén	fén	variety of elm with small seeds
枍	75	木	8	yì	yì	
枎	75	木	8	fú	fú	
枏	75	木	8	nán	nán	a variety of evergreen tree
析	75	木	8	xī	xī	split wood
枑	75	木	8	hù	hù	anciently
枒	75	木	8	yā	yā	the coconut tree
枓	75	木	8	dǒu	dǒu	capital
枔	75	木	8	xín	xín	
枕	75	木	8	zhěn	zhěn	pillow
枖	75	木	8	yāo	yāo	
林	75	木	8	lín	lín	forest
枘	75	木	8	ruì	ruì	the handle of tools
枙	75	木	8	ě	ě	
枚	75	木	8	méi	méi	stalk of shrub
枛	75	木	8	zhào	zhào	
果	75	木	8	guǒ	guǒ	fruit
枝	75	木	8	zhī	zhī	branches
枞	75	木	8	cōng	cōng/zōng	fir tree
枟	75	木	8	yùn	yùn	wood streaks
枠	75	木	8	huà	huà	a frame
枡	75	木	8	shēng	shēng	measuring box
枢	75	木	8	shū	shū	door hinge
枣	75	木	8	zǎo	zǎo	date tree
枤	75	木	8	dì	dì	
枥	75	木	8	lì	lì	type of oak
枦	75	木	8	lú	lú	
枧	75	木	8	jiǎn	jiǎn	bamboo tube
枨	75	木	8	chéng	chéng	door stop
枩	75	木	8	sōng	sōng	pine tree
枪	75	木	8	qiāng	qiāng	spear
枫	75	木	8	fēng	fēng	maple tree
枬	75	木	8	zhān	zhān	an even-grained
枭	75	木	8	xiāo	xiāo	an owl
枮	75	木	9	xiān	xiān	
枯	75	木	9	kū	kū	dried out
枰	75	木	9	píng	píng	smooth board
枱	75	木	9	tái	tái	a table
枲	75	木	9	xǐ	xǐ	male nettle-hemp
枳	75	木	9	zhǐ	zhǐ	trifoliate orange
枴	75	木	9	guǎi	guǎi	cane
枵	75	木	9	xiāo	xiāo	hollow stump of a tree
架	75	木	9	jià	jià	rack
枷	75	木	9	jiā	jiā	cangue scaffold
枸	75	木	9	gǒu	gōu/gǒu/jǔ	kind of aspen found in Sichuan
枹	75	木	9	bāo	bāo	drumstick
枺	75	木	9	mò	mò	
枻	75	木	9	yì	yì	long oar
枼	75	木	9	yè	yè	a table
枽	75	木	10	yè	yè	
枾	75	木	9	shì	shì	persimmon
枿	75	木	9	niè	niè	
柀	75	木	9	bǐ	bǐ	
柁	75	木	9	tuó	tuó	large tie-beams
柂	75	木	9	yí	yí	helm
柃	75	木	9	líng	líng	
柄	75	木	9	bǐng	bǐng	handle
柅	75	木	9	nǐ	nǐ	flourish
柆	75	木	9	lā	lā	
柇	75	木	9	hé	hé	
柈	75	木	9	bàn	bàn	container
柉	75	木	8	fán	fán	
柊	75	木	9	zhōng	zhōng	holly
柋	75	木	9	dài	dài	
柌	75	木	9	cí	cí	
柍	75	木	9	yǎng	yǎng	
柎	75	木	9	fū	fū	calyx of flower
柏	75	木	9	bǎi	bǎi/bó	cypress
某	75	木	9	mǒu	mǒu	certain thing or person
柑	75	木	9	gān	gān	tangerine
柒	75	木	9	qī	qī	number seven
染	75	木	9	rǎn	rǎn	dye
柔	75	木	9	róu	róu	soft
柕	75	木	9	mào	mào	
柖	75	木	9	sháo	sháo	
柗	75	木	9	sōng	sōng	
柘	75	木	9	zhè	zhè	a thorny tree
柙	75	木	9	xiá	xiá	cage
柚	75	木	9	yòu	yóu/yòu	pomelo
柛	75	木	9	shēn	shēn	
柜	75	木	8	guì	guì/jǔ	cabinet
柝	75	木	9	tuò	tuò	watchman's rattle
柞	75	木	9	zhà	zhà/zuò	oak
柟	75	木	9	nán	nán	Machilus nanmu
柠	75	木	9	níng	níng	lemon
柡	75	木	10	yǒng	yǒng	
柢	75	木	9	dǐ	dǐ	root
柣	75	木	9	zhì	zhì	sill
柤	75	木	9	zhā	zhā	hawthorn
查	75	木	9	chá	chá/zhā	investigate
柦	75	木	9	dàn	dàn	
柧	75	木	9	gū	gū	
柨	75	木	9	bù	bù	
柩	75	木	9	jiù	jiù	coffin which contains corpse
柪	75	木	9	āo	āo	
柫	75	木	9	fú	fú	
柬	75	木	9	jiǎn	jiǎn	letter
柭	75	木	9	bā	bā	
柮	75	木	9	duò	duò	flat pieces of wood
柯	75	木	9	kē	kē	axe-handle
柰	75	木	9	nài	nài	crab-apple tree
柱	75	木	9	zhù	zhù	pillar
柲	75	木	9	bì	bì	handle
柳	75	木	9	liǔ	liǔ	willow tree
柴	75	木	10	chái	chái	firewood
柵	75	木	9	shān	shān/zhà	fence
柶	75	木	9	sì	sì	ladle
柷	75	木	9	zhù	zhù	instrument
柸	75	木	9	pēi	pēi	(same as 杯 桮) cup
柹	75	木	8	shì	shì	persimmon
柺	75	木	9	guǎi	guǎi	an old man's staff
査	75	木	9	zhā	zhā	investigate
柼	75	木	9	yǎo	yǎo	
柽	75	木	9	chēng	chēng	type of willow
柾	75	木	9	jiù	jiù	straight grain
柿	75	木	9	shì	shì	persimmon
栀	75	木	9	zhī	zhī	gardenia
栁	75	木	9	liǔ	liǔ	willow
栂	75	木	9	méi	méi	a kind of evergreen tree
栃	75	木	9	lì	lì	type of oak
栄	75	木	9	róng	róng	glory
栅	75	木	9	zhà	shān/zhà	fence
栆	75	木	9	zǎo	zǎo	
标	75	木	9	biāo	biāo	mark
栈	75	木	9	zhàn	zhàn	warehouse
栉	75	木	9	zhì	zhì	comb
栊	75	木	9	lóng	lóng	cage
栋	75	木	9	dòng	dòng	main beams supporting house
栌	75	木	9	lú	lú	supporting block
栍	75	木	9	shēng	shēng	a lot
栎	75	木	9	lì	lì/yuè	chestnut-leaved oak
栏	75	木	9	lán	lán	railing
栐	75	木	9	yǒng	yǒng	
树	75	木	9	shù	shù	tree
栒	75	木	10	xún	xún	cross bar
栓	75	木	10	shuān	shuān	wooden peg
栔	75	木	10	qì	qì	carve
栕	75	木	10	zhēn	zhēn	
栖	75	木	10	qī	qī	perch
栗	75	木	10	lì	lì	chestnut tree
栘	75	木	10	yí	yí	fruit tree
栙	75	木	10	xiáng	xiáng	
栚	75	木	10	zhèn	zhèn	
栛	75	木	10	lì	lì	the lichee
栜	75	木	10	sè	sè	
栝	75	木	10	guā	guā	a builder's frame for measuring
栞	75	木	10	kān	kān	publication
栟	75	木	10	bēn	bēn	hemp palm
栠	75	木	10	rěn	rěn	
校	75	木	10	xiào	jiào/xiào	school
栢	75	木	10	bǎi	bǎi	cypress
栣	75	木	10	rěn	rěn	
栤	75	木	10	bìng	bìng	
栥	75	木	10	zī	zī	
栦	75	木	10	chóu	chóu	
栧	75	木	10	yì	yì	
栨	75	木	10	cì	cì	
栩	75	木	10	xǔ	xǔ	species of oak
株	75	木	10	zhū	zhū	numerary adjunct for trees
栫	75	木	10	jiàn	jiàn	fence
栬	75	木	10	zuì	zuì	
栭	75	木	10	ér	ér	king-post
栮	75	木	10	ěr	ěr	
栯	75	木	10	yǒu	yǒu	
栰	75	木	10	fá	fá	a bamboo raft
栱	75	木	10	gǒng	gǒng	large peg
栲	75	木	10	kǎo	kǎo	mangrove
栳	75	木	10	lǎo	lǎo	a basket
栴	75	木	10	zhān	zhān	sandalwood
栵	75	木	10	liè	liè	hedge
栶	75	木	10	yīn	yīn	
样	75	木	10	yàng	yàng	shape
核	75	木	10	hé	hé/hú	seed
根	75	木	10	gēn	gēn	root
栺	75	木	10	yì	yì	
栻	75	木	10	shì	shì	tree
格	75	木	10	gé	gé	pattern
栽	75	木	10	zāi	zāi	to cultivate
栾	75	木	10	luán	luán	name of tree
栿	75	木	10	fú	fú	a beam (archaic)
桀	75	木	10	jié	jié	chicken roost
桁	75	木	10	héng	héng	cross-beams of roof
桂	75	木	10	guì	guì	cassia or cinnamon
桃	75	木	10	táo	táo	peach
桄	75	木	10	guāng	guāng/guàng	a coir-palm
桅	75	木	10	wéi	wéi	mast of ship
框	75	木	10	kuàng	kuàng	frame
桇	75	木	10	rú	rú	
案	75	木	10	àn	àn	table
桉	75	木	10	ān	ān	eucalyptus
桊	75	木	10	juàn	juàn	a small iron ring or wooden stick worn on the nose of a bull
桋	75	木	10	yí	yí	tree
桌	75	木	10	zhuō	zhuō	table
桍	75	木	10	kū	kū	
桎	75	木	10	zhì	zhì	fetters
桏	75	木	9	qióng	qióng	
桐	75	木	10	tóng	tóng	name applied various trees
桑	75	木	10	sāng	sāng	mulberry tree
桒	75	木	9	sāng	sāng	
桓	75	木	10	huán	huán	variety of tree
桔	75	木	10	jié	jié	Chinese bellflower
桕	75	木	10	jiù	jiù	tallow tree
桖	75	木	10	xuè	xuè	
桗	75	木	10	duò	duò	
桘	75	木	10	zhuì	zhuì	
桙	75	木	10	yú	yú	
桚	75	木	10	zǎn	zǎn	press
桜	75	木	10	yīng	yīng	cherry
桝	75	木	10	jié	jié	(variant of 枡) a measuring box
桞	75	木	9	liǔ	liǔ	
桟	75	木	10	zhàn	zhàn	a crosspiece
桠	75	木	10	yā	yā	the forking branch of a tree
桡	75	木	10	ráo	ráo	bent or twisted piece of wood
桢	75	木	10	zhēn	zhēn	hardwood
档	75	木	10	dàng	dàng	shelf
桤	75	木	10	qī	qī	alder
桥	75	木	10	qiáo	qiáo	bridge
桦	75	木	10	huà	huà	type of birch
桧	75	木	10	guì	guì/huì	Chinese cypress
桨	75	木	10	jiǎng	jiǎng	oar
桩	75	木	10	zhuāng	zhuāng	stake
桪	75	木	10	xún	xún	mythical giant tree
桫	75	木	11	suō	suō	horse chestnut
桬	75	木	11	shā	shā	pear and other trees
桭	75	木	11	zhēn	zhēn	eaves
桮	75	木	11	bēi	bēi	cup
桯	75	木	11	tīng	tīng	table
桰	75	木	11	kuò	kuò	
桱	75	木	11	jìng	jìng	
桲	75	木	11	bó	bó/po	quince
桳	75	木	11	bèn	bèn	
桴	75	木	11	fú	fú	raft
桵	75	木	11	ruí	ruí	small thorny bushes
桶	75	木	11	tǒng	tǒng	pail
桷	75	木	11	jué	jué	rafter
桸	75	木	11	xī	xī	
桹	75	木	11	láng	láng	palm
桺	75	木	11	liǔ	liǔ	willow
桻	75	木	11	fēng	fēng	
桼	75	木	11	qī	qī	the varnish tree
桽	75	木	11	wěn	wěn	
桾	75	木	11	jūn	jūn	
桿	75	木	11	gǎn	gǎn	pole
梀	75	木	11	sù	sù	
梁	75	木	11	liáng	liáng	bridge
梂	75	木	11	qiú	qiú	acorn cup
梃	75	木	10	tǐng	tǐng/tìng	a club
梄	75	木	11	yǒu	yǒu	a soft wood
梅	75	木	11	méi	méi	plums
梆	75	木	10	bāng	bāng	watchman's rattle
梇	75	木	11	lòng	lòng	
梈	75	木	11	pēng	pēng	
梉	75	木	11	zhuāng	zhuāng	
梊	75	木	11	dì	dì	squeeze out of
梋	75	木	11	xuān	xuān	
梌	75	木	11	tú	tú	
梍	75	木	11	zào	zào	tree name
梎	75	木	11	āo	āo	sickle handle
梏	75	木	11	gù	gù	handcuffs
梐	75	木	11	bì	bì	fence
梑	75	木	11	dí	dí	
梒	75	木	11	hán	hán	
梓	75	木	11	zǐ	zǐ	Chinese catalpa
梔	75	木	11	zhī	zhī	gardenia
梕	75	木	11	rèn	rèn	
梖	75	木	11	bèi	bèi	a palm-tree
梗	75	木	11	gěng	gěng	stem of flower
梘	75	木	11	jiǎn	jiǎn	bamboo tube
梙	75	木	11	huàn	huàn	
梚	75	木	11	wǎn	wǎn	
梛	75	木	10	nuó	nuó	
梜	75	木	11	jiā	jiā	chopstick
條	75	木	11	tiáo	tiáo	clause
梞	75	木	11	jì	jì	
梟	75	木	11	xiāo	xiāo	an owl
梠	75	木	10	lǚ	lǚ	a small beam supporting the rafters at the eaves
梡	75	木	11	hún	hún	tray for carrying sacrificial meat
梢	75	木	11	shāo	shāo	pointed tip of something long like a branch
梣	75	木	11	chén	chén/qín	
梤	75	木	11	fén	fén	
梥	75	木	11	sōng	sōng	
梦	75	木	11	mèng	mèng	dream
梧	75	木	11	wú	wú	Chinese parasol tree
梨	75	木	11	lí	lí	pear
梩	75	木	11	lí	lí	a hod
梪	75	木	11	dòu	dòu	
梫	75	木	11	qǐn	qǐn	ancient term for cassia
梬	75	木	11	yǐng	yǐng	
梭	75	木	11	suō	suō	weaver's shuttle
梮	75	木	11	jū	jū	snowshoes
梯	75	木	11	tī	tī	ladder
械	75	木	11	xiè	xiè	weapons
梱	75	木	11	kǔn	kǔn	doorsill
梲	75	木	11	zhuó	zhuó	joist
梳	75	木	11	shū	shū	comb
梴	75	木	10	chān	chān	long
梵	75	木	11	fàn	fàn	Buddhist
梶	75	木	11	wěi	wěi	oar
梷	75	木	11	jìng	jìng	
梸	75	木	11	lí	lí	
梹	75	木	11	bīn	bīn/bīng	the areca-nut
梺	75	木	11	xià	xià	
梻	75	木	11	fó	fó	a tree whose branches are placed on Buddhist graves
梼	75	木	11	táo	táo	block of wood
梽	75	木	11	zhì	zhì	place name in Hunan
梾	75	木	11	lái	lái	
梿	75	木	11	lián	lián	a flail
检	75	木	11	jiǎn	jiǎn	check
棁	75	木	11	zhuō	zhuō	joist
棂	75	木	11	líng	líng	carved or patterned window sills
棃	75	木	12	lí	lí	a pear
棄	75	木	12	qì	qì	reject
棅	75	木	12	bǐng	bǐng	handle
棆	75	木	12	lún	lún	camphor tree
棇	75	木	12	cōng	cōng	
棈	75	木	12	qiàn	qiàn	
棉	75	木	12	mián	mián	cotton
棊	75	木	12	qí	qí	chess
棋	75	木	12	qí	qí	chess
棌	75	木	12	cài	cài	
棍	75	木	12	gùn	gùn	stick
棎	75	木	12	chán	chán	
棏	75	木	12	dé	dé	
棐	75	木	12	fěi	fěi	species of yew
棑	75	木	12	pái	pái	raft
棒	75	木	12	bàng	bàng	stick
棓	75	木	12	bèi	bèi	hit
棔	75	木	12	hūn	hūn	
棕	75	木	12	zōng	zōng	hemp palm
棖	75	木	12	chéng	chéng	door stop
棗	75	木	12	zǎo	zǎo	date tree
棘	75	木	12	jí	jí	jujube tree
棙	75	木	12	lì	lì	obstinate
棚	75	木	12	péng	péng	tent
棛	75	木	12	yù	yù	
棜	75	木	12	yù	yù	branch
棝	75	木	12	gù	gù	
棞	75	木	12	jùn	jùn	
棟	75	木	12	dòng	dòng	the main beams supporting a house
棠	75	木	12	táng	táng	crab apple tree
棡	75	木	12	gāng	gāng	(simplified form of 棡) a tall tree
棢	75	木	12	wǎng	wǎng	the felloe or rim of a wheel
棣	75	木	12	dì	dì	Kerria japonica
棤	75	木	12	cuò	cuò	
棥	75	木	12	fán	fán	a railing
棦	75	木	10	chēng	chēng	
棧	75	木	12	zhàn	zhàn	warehouse
棨	75	木	12	qǐ	qǐ	tally or wooden pass
棩	75	木	13	yuān	yuān	
棪	75	木	12	yǎn	yǎn	tree
棫	75	木	12	yù	yù	thorny shrub with yellow flowers
棬	75	木	12	quān	quān	bowl
棭	75	木	12	yì	yì	
森	75	木	12	sēn	sēn	forest
棯	75	木	12	rěn	rěn	jujube tree
棰	75	木	12	chuí	chuí	a mallet
棱	75	木	12	léng	lēng/léng/líng	squared timber
棲	75	木	12	qī	qī	perch
棳	75	木	12	zhuō	zhuō	small pillars that support the roof
棴	75	木	12	fú	fú	
棵	75	木	12	kē	kē	numerary adjunct for trees
棶	75	木	12	lái	lái	
棷	75	木	12	zōu	zōu	
棸	75	木	12	zōu	zōu	surname
棹	75	木	12	zhào	zhào	oar
棺	75	木	12	guān	guān	coffin
棻	75	木	12	fēn	fēn	kind of wood from which perfume is made
棼	75	木	12	fén	fén	beams in the roof of a house
棽	75	木	12	shēn	chēn/shēn	
棾	75	木	12	qíng	qíng	
棿	75	木	12	ní	ní	
椀	75	木	12	wǎn	wǎn	bowl
椁	75	木	12	guǒ	guǒ	outer-coffin
椂	75	木	12	lù	lù	
椃	75	木	12	háo	háo	
椄	75	木	12	jiē	jiē	to graft
椅	75	木	12	yǐ	yī/yǐ	chair
椆	75	木	12	chóu	chóu	
椇	75	木	12	jǔ	jǔ	(枳椇) Hovenia acerba
椈	75	木	12	jú	jú	cedar
椉	75	木	12	chéng	chéng/shèng	
椊	75	木	12	zuó	zuó	to fit a handle into a socket
椋	75	木	12	liáng	liáng	fruit
椌	75	木	12	qiāng	qiāng	instrument
植	75	木	12	zhí	zhí	plant
椎	75	木	12	zhuī	zhuī	hammer
椏	75	木	12	yā	yā	the forking branch of a tree
椐	75	木	12	jū	jū	
椑	75	木	12	bēi	bēi	oval
椒	75	木	12	jiāo	jiāo	pepper
椓	75	木	12	zhuó	zhuó	strike
椔	75	木	12	zī	zī	
椕	75	木	12	bīn	bīn	
椖	75	木	12	péng	péng	
椗	75	木	12	dìng	dìng	anchor
椘	75	木	11	chǔ	chǔ	
椙	75	木	12	chāng	chāng	
椚	75	木	12	mēn	mēn	a kind of oak used for charcoal
椛	75	木	11	huā	huā	type of birch
検	75	木	12	jiǎn	jiǎn	check
椝	75	木	12	guī	guī	rules
椞	75	木	12	xì	xì	
椟	75	木	12	dú	dú	cabinet
椠	75	木	12	qiàn	qiàn	wooden tablet
椡	75	木	12	dào	dào	
椢	75	木	12	guì	guì	
椣	75	木	12	diǎn	diǎn	
椤	75	木	12	luó	luó	tree
椥	75	木	12	zhī	zhī	place in Vietnam
椦	75	木	12	quān	quān	
椧	75	木	12	mìng	mìng	gutter
椨	75	木	12	fǔ	fǔ	
椩	75	木	12	gēng	gēng	
椪	75	木	12	pèng	pèng	Machilus nanmu
椫	75	木	12	shàn	shàn	coffin
椬	75	木	12	yí	yí	
椭	75	木	12	tuǒ	tuǒ	oval-shaped
椮	75	木	12	sēn	sēn	leafless
椯	75	木	13	duǒ	duǒ	
椰	75	木	12	yē	yē	palm tree
椱	75	木	13	fù	fù	
椲	75	木	13	wěi	wěi	(simplified form of 椲) a kind of wood (used as a kind of material to make basin and bowl
椳	75	木	13	wēi	wēi	the pivots
椴	75	木	13	duàn	duàn	poplar
椵	75	木	13	jiǎ	jiǎ	pompelmous
椶	75	木	13	zōng	zōng	palm tree
椷	75	木	13	jiān	jiān	box
椸	75	木	13	yí	yí	rack
椹	75	木	13	shèn	shèn	a chopping board
椺	75	木	13	xí	xí	beam of a house
椻	75	木	13	yàn	yàn	
椼	75	木	13	yǎn	yǎn	
椽	75	木	13	chuán	chuán	beams
椾	75	木	13	jiān	jiān	
椿	75	木	13	chūn	chūn	father
楀	75	木	13	yǔ	yǔ	name of tree
楁	75	木	13	hé	hé	
楂	75	木	13	zhā	zhā	a raft
楃	75	木	13	wò	wò	
楄	75	木	13	pián	pián	block
楅	75	木	13	bī	bī	wooden board
楆	75	木	13	yāo	yāo	
楇	75	木	12	huò	huò	
楈	75	木	13	xū	xū	
楉	75	木	12	ruò	ruò	
楊	75	木	13	yáng	yáng	willow
楋	75	木	13	là	là	
楌	75	木	13	yán	yán	
楍	75	木	13	běn	běn	
楎	75	木	13	huī	huī	peg
楏	75	木	13	kuí	kuí	
楐	75	木	13	jiè	jiè	
楑	75	木	13	kuí	kuí	
楒	75	木	13	sī	sī	
楓	75	木	13	fēng	fēng	maple tree
楔	75	木	13	xiē	xiē	wedge
楕	75	木	13	tuǒ	tuǒ	oval-shaped
楖	75	木	11	zhì	zhì	
楗	75	木	12	jiàn	jiàn	bar of door
楘	75	木	13	mù	mù	band
楙	75	木	13	mào	mào	name of plant
楚	75	木	13	chǔ	chǔ	name of feudal state
楛	75	木	12	hù	hù/kǔ	coarse
楜	75	木	13	hú	hú	
楝	75	木	13	liàn	liàn	Melia japonica
楞	75	木	13	léng	léng	used for Ceylon in Buddhist texts
楟	75	木	13	tíng	tíng	tree
楠	75	木	13	nán	nán	name of tree
楡	75	木	13	yú	yú	elm tree
楢	75	木	13	yóu	yóu	tinder
楣	75	木	13	méi	méi	crossbeam above or under gate
楤	75	木	13	sǒng	sǒng	
楥	75	木	13	xuàn	xuàn	a last for making shoes
楦	75	木	13	xuàn	xuàn	a last for making shoes
楧	75	木	12	yǎng	yǎng	
楨	75	木	13	zhēn	zhēn	hardwood
楩	75	木	13	pián	pián	tree
楪	75	木	13	dié	dié	small dish
楫	75	木	13	jí	jí	oar
楬	75	木	13	jié	jié	tablet
業	75	木	13	yè	yè	profession
楮	75	木	12	chǔ	chǔ	mulberry
楯	75	木	13	dùn	shǔn/dùn	shield
楰	75	木	12	yú	yú	tree
楱	75	木	13	zòu	zòu	
楲	75	木	13	wēi	wēi	
楳	75	木	13	méi	méi	plums
楴	75	木	13	tì	tì	
極	75	木	12	jí	jí	extreme
楶	75	木	13	jié	jié	
楷	75	木	13	kǎi	jiē/kǎi	model style of Chinese writing
楸	75	木	13	qiū	qiū	Mallotus japonicus
楹	75	木	13	yíng	yíng	column
楺	75	木	13	rǒu	rǒu	
楻	75	木	13	huáng	huáng	
楼	75	木	13	lóu	lóu	building of two or more stories
楽	75	木	13	lè	lè	happy
楾	75	木	13	quán	quán	
楿	75	木	13	xiāng	xiāng	
榀	75	木	13	pǐn	pǐn	classifier for roof beams
榁	75	木	13	shǐ	shǐ	
概	75	木	13	gài	gài	generally
榃	75	木	13	tán	tán	raised path between fields
榄	75	木	13	lǎn	lǎn	olive
榅	75	木	13	wēn	wēn	pillar
榆	75	木	13	yú	yú	elm tree
榇	75	木	13	chèn	chèn	coffin
榈	75	木	13	lǘ	lǘ	palm
榉	75	木	13	jǔ	jǔ	type of elm
榊	75	木	13	shén	shén	a sacred Shinto tree
榋	75	木	13	chū	chū	
榌	75	木	13	bī	bī	wooden ladder
榍	75	木	14	xiè	xiè	
榎	75	木	14	jiǎ	jiǎ	small evergreen shrub
榏	75	木	14	yì	yì	
榐	75	木	14	zhǎn	zhǎn	
榑	75	木	14	fú	fú	
榒	75	木	14	nuò	nuò	
榓	75	木	14	mì	mì	
榔	75	木	12	láng	láng	betel-nut tree
榕	75	木	14	róng	róng	banyan tree
榖	75	木	14	gǔ	gǔ	paper mulberry
榗	75	木	14	jiàn	jiàn	
榘	75	木	13	jǔ	jǔ	carpenter's square
榙	75	木	13	tā	tā	
榚	75	木	14	yǎo	yǎo	
榛	75	木	14	zhēn	zhēn	hazelnut
榜	75	木	14	bǎng	bǎng	placard
榝	75	木	14	shā	shā	
榞	75	木	14	yuán	yuán	
榟	75	木	14	zǐ	zǐ	
榠	75	木	14	míng	míng	
榡	75	木	14	sù	sù	
榢	75	木	14	jià	jià	a frame
榣	75	木	14	yáo	yáo	
榤	75	木	14	jié	jié	perch for fowls roost on
榥	75	木	14	huàng	huàng	screen
榦	75	木	14	gàn	gàn	tree trunk
榧	75	木	14	fěi	fěi	type of yew
榨	75	木	14	zhà	zhà	to press or extract juices
榩	75	木	14	qián	qián	
榪	75	木	14	mà	mà	headboard
榫	75	木	14	sǔn	sǔn	mortise and tenon
榬	75	木	14	yuán	yuán	
榭	75	木	14	xiè	xiè	kiosk
榮	75	木	14	róng	róng	glory
榯	75	木	14	shí	shí	
榰	75	木	14	zhī	zhī	
榱	75	木	14	cuī	cuī	rafter
榲	75	木	14	wēn	wēn	pillar
榳	75	木	13	tíng	tíng	
榴	75	木	14	liú	liú	pomegranate
榵	75	木	13	róng	róng	
榶	75	木	14	táng	táng	
榷	75	木	14	què	què	footbridge
榸	75	木	14	zhāi	zhāi	
榹	75	木	14	sī	sī	
榺	75	木	14	shèng	shèng	
榻	75	木	14	tà	tà	cot
榼	75	木	14	kē	kē	wine glass
榽	75	木	14	xī	xī	
榾	75	木	13	gǔ	gǔ	pieces of wood
榿	75	木	14	qī	qī	alder
槀	75	木	14	gǎo	gǎo	draft
槁	75	木	14	gǎo	gǎo	wither
槂	75	木	14	sūn	sūn	
槃	75	木	14	pán	pán	tray
槄	75	木	14	tāo	tāo	
槅	75	木	14	gé	gé	
槆	75	木	13	chūn	chūn	
槇	75	木	14	diān	diān	tip of a tree
槈	75	木	14	nòu	nòu	
槉	75	木	14	jí	jí	
槊	75	木	14	shuò	shuò	spear
構	75	木	14	gòu	gòu	frame
槌	75	木	13	chuí	chuí	hammer
槍	75	木	14	qiāng	qiāng	spear
槎	75	木	13	chá	chá	raft
槏	75	木	14	qiǎn	qiǎn	
槐	75	木	13	huái	huái	locust tree
槑	75	木	14	méi	méi	plums
槒	75	木	14	xù	xù	
槓	75	木	14	gàng	gàng	lever
槔	75	木	14	gāo	gāo	well sweep
槕	75	木	14	zhuō	zhuō	table
槖	75	木	14	tuó	tuó	a sack
槗	75	木	14	qiáo	qiáo	
様	75	木	14	yàng	yàng	shape
槙	75	木	14	diān	diān	a twig
槚	75	木	14	jiǎ	jiǎ	small evergreen shrub
槛	75	木	14	kǎn	jiàn/kǎn	threshold
槜	75	木	14	zuì	zuì	wooden rammer or pestle
槝	75	木	14	dǎo	dǎo	
槞	75	木	14	lóng	lóng	
槟	75	木	14	bīn	bīn/bīng	betel-nut
槠	75	木	14	zhū	zhū	Oak
槡	75	木	14	sāng	sāng	
槢	75	木	15	xí	xí	a hard wood
槣	75	木	15	jī	jī	
槤	75	木	14	lián	lián	a flail
槥	75	木	15	huì	huì	coffin
槦	75	木	15	yōng	yōng	
槧	75	木	15	qiàn	qiàn	wooden tablet
槨	75	木	14	guǒ	guǒ	outer-coffin
槩	75	木	15	gài	gài	generally
槪	75	木	15	gài	gài	generally
槫	75	木	15	tuán	tuán	
槬	75	木	15	huà	huà	
槭	75	木	15	qì	qì	maple
槮	75	木	15	sēn	sēn	leafless
槯	75	木	15	cuī	cuī	
槰	75	木	14	péng	péng	
槱	75	木	15	yǒu	yǒu	firewood for sacrifice
槲	75	木	15	hú	hú	type of oak
槳	75	木	15	jiǎng	jiǎng	oar
槴	75	木	15	hù	hù	
槵	75	木	15	huàn	huàn	
槶	75	木	15	guì	guì	
槷	75	木	15	niè	niè	
槸	75	木	15	yì	yì	
槹	75	木	15	gāo	gāo	spar
槺	75	木	15	kāng	kāng	(榔槺) cumbersome
槻	75	木	15	guī	guī	zelkova tree
槼	75	木	15	guī	guī	rules
槽	75	木	15	cáo	cáo	trough
槾	75	木	15	màn	màn	paste wall with dirt
槿	75	木	15	jǐn	jǐn	hibiscus
樀	75	木	15	dí	dī/dí	
樁	75	木	15	zhuāng	zhuāng	stake
樂	75	木	15	lè	lè/yuè	happy
樃	75	木	14	lǎng	lǎng	
樄	75	木	14	chén	chén	
樅	75	木	15	cōng	cōng/zōng	fir tree
樆	75	木	14	lí	lí	
樇	75	木	14	xiū	xiū	
樈	75	木	15	qíng	qíng	
樉	75	木	15	shuǎng	shuǎng	
樊	75	木	15	fán	fán	a railing
樋	75	木	14	tōng	tōng	tree name
樌	75	木	15	guàn	guàn	
樍	75	木	15	zé	zé	
樎	75	木	15	sù	sù	
樏	75	木	15	lěi	lěi	sedan
樐	75	木	15	lǔ	lǔ	a lookout turret on a city wall
樑	75	木	15	liáng	liáng	bridge
樒	75	木	15	mì	mì	a tree whose branches are placed on Buddhist graves
樓	75	木	15	lóu	lóu	building of two or more stories
樔	75	木	15	cháo	cháo	
樕	75	木	15	sù	sù	shrub
樖	75	木	15	kē	kē	(Cant.) classifier for plants or trees
樗	75	木	15	chū	chū	Ailanthus glandulosa or A. altissima
樘	75	木	15	táng	táng	a pillar
標	75	木	15	biāo	biāo	a mark
樚	75	木	15	lù	lù	a pulley
樛	75	木	15	jiū	jiū	bending branches
樜	75	木	15	zhè	zhè	
樝	75	木	15	zhā	zhā	a kind of hawthorne
樞	75	木	15	shū	shū	door hinge
樟	75	木	15	zhāng	zhāng	camphor tree
樠	75	木	15	mán	mán	elm
模	75	木	14	mó	mó/mú	model
樢	75	木	15	niǎo	niǎo	(simplified form) (same as 蔦) the convolvulus
樣	75	木	15	yàng	yàng	shape
樤	75	木	14	tiáo	tiáo	
樥	75	木	14	péng	péng	
樦	75	木	15	zhù	zhù	
樧	75	木	15	shā	shā	
樨	75	木	16	xī	xī	scrambled eggs
権	75	木	15	quán	quán	power
横	75	木	15	héng	héng/hèng	across
樫	75	木	15	jiān	jiān	evergreen oak
樬	75	木	15	cōng	cōng	
樭	75	木	15	jī	jī	
樮	75	木	15	yān	yān	
樯	75	木	15	qiáng	qiáng	mast
樰	75	木	15	xuě	xuě	
樱	75	木	15	yīng	yīng	cherry
樲	75	木	16	èr	èr	jujube
樳	75	木	16	xún	xún	tall tree
樴	75	木	16	zhí	zhí	
樵	75	木	16	qiáo	qiáo	woodcutter
樶	75	木	16	zuī	zuī	a wooden joint
樷	75	木	16	cóng	cóng	bushy
樸	75	木	16	pǔ	pǔ	simple
樹	75	木	16	shù	shù	tree
樺	75	木	14	huà	huà	type of birch
樻	75	木	16	kuì	kuì	cupboard
樼	75	木	16	zhēn	zhēn	
樽	75	木	16	zūn	zūn	goblet
樾	75	木	16	yuè	yuè	the shade of trees
樿	75	木	16	shàn	shàn	coffin
橀	75	木	16	xī	xī	
橁	75	木	16	chūn	chūn	tree
橂	75	木	16	diàn	diàn	
橃	75	木	16	fá	fá	
橄	75	木	15	gǎn	gǎn	olive
橅	75	木	16	mó	mó	a beech tree
橆	75	木	16	wǔ	wǔ	without
橇	75	木	16	qiāo	qiāo	a sledge for transportation
橈	75	木	16	ráo	ráo	bent or twisted piece of wood
橉	75	木	16	lìn	lìn	
橊	75	木	16	liú	liú	(variant of 榴) pomegranate
橋	75	木	16	qiáo	qiáo	bridge
橌	75	木	16	xiàn	xiàn	
橍	75	木	16	rùn	rùn	
橎	75	木	16	fán	fán	
橏	75	木	16	zhǎn	zhǎn	
橐	75	木	16	tuó	tuó	a sack
橑	75	木	16	liáo	liáo	
橒	75	木	16	yún	yún	wood streaks
橓	75	木	16	shùn	shùn	hibiscus
橔	75	木	16	dūn	dūn	withered
橕	75	木	16	chēng	chēng	a prop
橖	75	木	16	táng	táng	
橗	75	木	15	méng	méng	
橘	75	木	16	jú	jú	orange
橙	75	木	16	chéng	chéng	orange
橚	75	木	17	sù	sù	tall tree
橛	75	木	16	jué	jué	a post
橜	75	木	16	jué	jué	a post
橝	75	木	16	diàn	diàn	
橞	75	木	16	huì	huì	
機	75	木	16	jī	jī	machine
橠	75	木	16	nuǒ	nuǒ	
橡	75	木	15	xiàng	xiàng	chestnut oak
橢	75	木	15	tuǒ	tuǒ	oval-shaped
橣	75	木	16	nǐng	nǐng	
橤	75	木	16	ruǐ	ruǐ	stamen
橥	75	木	15	zhū	zhū	wooden peg
橦	75	木	16	tóng	tóng	tree
橧	75	木	16	zēng	zēng	hut
橨	75	木	16	fén	fén	
橩	75	木	16	qióng	qióng	
橪	75	木	16	rǎn	rǎn	
橫	75	木	16	héng	héng	across
橬	75	木	16	qián	qián	
橭	75	木	16	gū	gū	
橮	75	木	16	liǔ	liǔ	
橯	75	木	16	lào	lào	
橰	75	木	16	gāo	gāo	a spar
橱	75	木	16	chú	chú	cabinet
橲	75	木	16	xǐ	xǐ	
橳	75	木	16	shèng	shèng	
橴	75	木	16	zǐ	zǐ	place name
橵	75	木	16	zān	zān	wood placed under roof tiles
橶	75	木	16	jí	jí	
橷	75	木	16	dōu	dōu	
橸	75	木	16	jīng	jīng	
橹	75	木	16	lǔ	lǔ	oar
橺	75	木	16	xiàn	xiàn	(Cant.) a partition
橻	75	木	16	cū	cū	
橼	75	木	16	yuán	yuán	citrus
橽	75	木	16	tà	tà	
橾	75	木	17	shū	shū	the hole in the center of a wheel accommodating the axle (archaic)
橿	75	木	17	jiāng	jiāng	a kind of oak
檀	75	木	17	tán	tán	sandalwood
檁	75	木	17	lǐn	lǐn	the bole of a tree
檂	75	木	17	nóng	nóng	
檃	75	木	16	yǐn	yǐn	
檄	75	木	17	xí	xí	call arms
檅	75	木	17	huì	huì	
檆	75	木	17	shān	shān	
檇	75	木	16	zuì	zuì	wooden rammer or pestle
檈	75	木	17	xuán	xuán	
檉	75	木	17	chēng	chēng	type of willow
檊	75	木	17	gàn	gàn	
檋	75	木	17	jú	jú	
檌	75	木	17	zuì	zuì	
檍	75	木	17	yì	yì	ilex
檎	75	木	16	qín	qín	small red apple
檏	75	木	17	pǔ	pǔ	
檐	75	木	17	yán	yán	eaves of house
檑	75	木	17	léi	léi	logs rolled down to defend a city
檒	75	木	17	fēng	fēng	
檓	75	木	17	huǐ	huǐ	
檔	75	木	17	dàng	dàng	shelf
檕	75	木	17	jì	jì	
檖	75	木	16	suì	suì	wild pear tree
檗	75	木	17	bò	bò	a cork tree
檘	75	木	17	píng	píng	
檙	75	木	16	chéng	chéng	
檚	75	木	17	chǔ	chǔ	
檛	75	木	15	zhuā	zhuā	a switch
檜	75	木	17	guì	guì/huì	Chinese cypress
檝	75	木	16	jí	jí	oar
檞	75	木	17	jiě	jiě	a kind of oak
檟	75	木	17	jiǎ	jiǎ	small evergreen shrub
檠	75	木	16	qíng	qíng	stand for lamp
檡	75	木	17	zhái	zhái	
檢	75	木	17	jiǎn	jiǎn	check
檣	75	木	17	qiáng	qiáng	mast
檤	75	木	16	dào	dào	
檥	75	木	17	yǐ	yǐ	(variant of 艤) to moor a boat to the bank
檦	75	木	17	biǎo	biǎo	
檧	75	木	16	sōng	sōng	
檨	75	木	16	shē	shē	mango
檩	75	木	17	lǐn	lǐn	the bole of a tree
檪	75	木	17	lì	lì	chestnut-leaved oak
檫	75	木	18	chá	chá	sassafras tzumu
檬	75	木	17	méng	méng	type of locust tree or acacia
檭	75	木	18	yín	yín	
檮	75	木	18	táo	táo	block of wood
檯	75	木	18	tái	tái	table
檰	75	木	18	mián	mián	
檱	75	木	18	qí	qí	
檲	75	木	18	tuán	tuán	
檳	75	木	18	bīn	bīn/bīng	betel-nut
檴	75	木	17	huò	huò	tree
檵	75	木	18	jì	jì	Loropetalum chinense
檶	75	木	18	qiān	qiān	
檷	75	木	18	nǐ	nǐ	
檸	75	木	18	níng	níng	lemon
檹	75	木	18	yī	yī	
檺	75	木	18	gǎo	gǎo	
檻	75	木	18	kǎn	jiàn/kǎn	threshold
檼	75	木	18	yìn	yìn	ridge pole
檽	75	木	18	nòu	nòu	
檾	75	木	18	qǐng	qǐng	grassy plant with fibres from which cloth is made
檿	75	木	18	yǎn	yǎn	mulberry
櫀	75	木	18	qí	qí	
櫁	75	木	18	mì	mì	
櫂	75	木	18	zhào	zhào	oar
櫃	75	木	18	guì	guì	cupboard
櫄	75	木	18	chūn	chūn	
櫅	75	木	18	jī	jī	a kind of tree suitable for use to make axles for large carts
櫆	75	木	18	kuí	kuí	Polaris
櫇	75	木	18	pó	pó	
櫈	75	木	18	dèng	dèng	bench
櫉	75	木	18	chú	chú	
櫊	75	木	18	gé	gé	
櫋	75	木	19	mián	mián	
櫌	75	木	19	yōu	yōu	a kind of hoe
櫍	75	木	19	zhì	zhì	
櫎	75	木	18	huǎng	huǎng	
櫏	75	木	19	qiān	qiān	
櫐	75	木	19	lěi	lěi	
櫑	75	木	19	léi	léi	
櫒	75	木	18	sà	sà	
櫓	75	木	19	lǔ	lǔ	oar
櫔	75	木	18	lì	lì	
櫕	75	木	19	cuán	cuán	
櫖	75	木	19	lǜ	lǜ	
櫗	75	木	18	miè	miè	
櫘	75	木	19	huì	huì	
櫙	75	木	18	ōu	ōu	
櫚	75	木	18	lǘ	lǘ	palm
櫛	75	木	17	zhì	zhì	comb out
櫜	75	木	19	gāo	gāo	quiver (case for arrows)
櫝	75	木	19	dú	dú	cabinet
櫞	75	木	19	yuán	yuán	citrus
櫟	75	木	19	lì	lì/yuè	chestnut-leaved oak
櫠	75	木	19	fèi	fèi	
櫡	75	木	18	zhuó	zhuó	
櫢	75	木	19	sǒu	sǒu	
櫣	75	木	17	lián	lián	
櫤	75	木	19	jiàng	jiàng	
櫥	75	木	19	chú	chú	cabinet
櫦	75	木	19	qìng	qìng	
櫧	75	木	19	zhū	zhū	Oak
櫨	75	木	20	lú	lú	supporting block
櫩	75	木	20	yán	yán	
櫪	75	木	20	lì	lì	type of oak
櫫	75	木	19	zhū	zhū	wooden peg
櫬	75	木	20	chèn	chèn	coffin
櫭	75	木	18	jié	jié	
櫮	75	木	20	è	è	
櫯	75	木	20	sū	sū	
櫰	75	木	20	huái	huái	
櫱	75	木	20	niè	niè	stump
櫲	75	木	19	yù	yù	
櫳	75	木	20	lóng	lóng	cage
櫴	75	木	20	lài	lài	
櫵	75	木	19	qiáo	qiáo	
櫶	75	木	20	xiǎn	xiǎn	Excentrodendron hsienmu
櫷	75	木	22	guī	guī	
櫸	75	木	20	jǔ	jǔ	type of elm
櫹	75	木	20	xiāo	xiāo	
櫺	75	木	21	líng	líng	carved or patterned window sills
櫻	75	木	21	yīng	yīng	cherry
櫼	75	木	21	jiān	jiān	wedge
櫽	75	木	20	yǐn	yǐn	shape wood by use of heat
櫾	75	木	21	yóu	yóu	the pomelo
櫿	75	木	20	yíng	yíng	
欀	75	木	21	xiāng	xiāng	
欁	75	木	21	nóng	nóng	
欂	75	木	20	bó	bó	
欃	75	木	21	chán	chán	sandalwood
欄	75	木	21	lán	lán	railing
欅	75	木	21	jǔ	jǔ	zelkova
欆	75	木	22	shuāng	shuāng	
欇	75	木	22	shè	shè	
欈	75	木	22	wéi	wéi	
欉	75	木	22	cóng	cóng	
權	75	木	21	quán	quán	power
欋	75	木	22	qú	qú	to wave
欌	75	木	21	cáng	cáng	
欍	75	木	21	jiù	jiù	
欎	75	木	22	yù	yù	
欏	75	木	23	luó	luó	the horse-chestnut
欐	75	木	23	lì	lì	beam
欑	75	木	23	cuán	cuán	gather
欒	75	木	23	luán	luán	name of tree
欓	75	木	24	dǎng	dǎng	a cross-piece
欔	75	木	24	jué	jué	
欕	75	木	23	yán	yán	tree name
欖	75	木	25	lǎn	lǎn	olive
欗	75	木	24	lán	lán	
欘	75	木	25	zhú	zhú	
欙	75	木	25	léi	léi	sedan
欚	75	木	25	lǐ	lǐ	
欛	75	木	25	bà	bà	a handle
欜	75	木	26	náng	náng	
欝	75	木	25	yù	yù	luxuriant
欞	75	木	28	líng	líng	the lattice of a window a sill
欟	75	木	28	guàn	guàn	
欠	76	欠	4	qiàn	qiàn	owe
次	76	欠	6	cì	cì	order
欢	76	欠	6	huān	huān	happy
欣	76	欠	8	xīn	xīn	happy
欤	76	欠	7	yú	yú	a final particle used to express admiration
欥	76	欠	8	yì	yì	
欦	76	欠	8	qiān	qiān	
欧	76	欠	8	ōu	ōu	translit.: Europe
欨	76	欠	9	xū	xū	to blow or breathe upon
欩	76	欠	9	chāo	chāo	
欪	76	欠	9	chù	chù	
欫	76	欠	11	qì	qì	
欬	76	欠	10	kài	kài	cough
欭	76	欠	10	yì	yì	
欮	76	欠	10	jué	jué	to hiccough
欯	76	欠	10	xì	xì	
欰	76	欠	10	xù	xù	
欱	76	欠	10	hē	hē	to drink
欲	76	欠	11	yù	yù	desire
欳	76	欠	11	kuì	kuì	
欴	76	欠	10	láng	láng	
欵	76	欠	11	kuǎn	kuǎn	to treat well
欶	76	欠	11	shuò	shuò	to suck in
欷	76	欠	11	xī	xī	sob
欸	76	欠	11	ǎi	ǎi/ê̄/ế/ê̌/ề	sigh
欹	76	欠	12	qī	qī	fierce dog
欺	76	欠	12	qī	qī	cheat
欻	76	欠	12	xū	xū	sudden
欼	76	欠	12	chǐ	chǐ	drink
欽	76	欠	12	qīn	qīn	respect
款	76	欠	12	kuǎn	kuǎn	item
欿	76	欠	12	kǎn	kǎn	discontented
歀	76	欠	13	kuǎn	kuǎn	(same as 款) an item
歁	76	欠	13	kǎn	kǎn	
歂	76	欠	13	chuǎn	chuǎn	
歃	76	欠	13	shà	shà	smear one's mouth with blood of a victim when taking an oath
歄	76	欠	12	guā	guā	
歅	76	欠	13	yīn	yīn	
歆	76	欠	13	xīn	xīn	like
歇	76	欠	13	xiē	xiē	rest
歈	76	欠	13	yú	yú	songs
歉	76	欠	14	qiàn	qiàn	deficient
歊	76	欠	14	xiāo	xiāo	sigh
歋	76	欠	14	yè	yè	
歌	76	欠	14	gē	gē	song
歍	76	欠	14	wū	wū	
歎	76	欠	15	tàn	tàn	sigh
歏	76	欠	15	jìn	jìn	
歐	76	欠	15	ōu	ōu	used in transliterating non-Chinese words such as Europe
歑	76	欠	15	hū	hū	
歒	76	欠	15	tì	tì	
歓	76	欠	15	huān	huān	happy
歔	76	欠	15	xū	xū	blow through nose
歕	76	欠	16	pēn	pēn	spurt
歖	76	欠	16	xǐ	xǐ	
歗	76	欠	17	xiào	xiào	roar
歘	76	欠	16	chuā	chuā/xū	sudden
歙	76	欠	16	shè	shè	to suck
歚	76	欠	16	shàn	shàn	used in name of famous Korean painter Ceng Sen
歛	76	欠	17	hān	hān	draw back
歜	76	欠	17	chù	chù	furious
歝	76	欠	17	yì	yì	
歞	76	欠	18	è	è	
歟	76	欠	17	yú	yú	a final particle used to express admiration
歠	76	欠	19	chuò	chuò	sip
歡	76	欠	22	huān	huān	happy
止	77	止	4	zhǐ	zhǐ	stop
正	77	止	5	zhèng	zhēng/zhèng	right
此	77	止	6	cǐ	cǐ	this
步	77	止	7	bù	bù	step
武	77	止	8	wǔ	wǔ	military
歧	77	止	8	qí	qí	fork of road
歨	77	止	8	bù	bù	
歩	77	止	8	bù	bù	step
歪	77	止	9	wāi	wāi	slant
歫	77	止	8	jù	jù	
歬	77	止	10	qián	qián	
歭	77	止	10	chí	chí	
歮	77	止	12	sè	sè	
歯	77	止	12	chǐ	chǐ	teeth
歰	77	止	14	sè	sè	(Cant.) 歰氣 to argue
歱	77	止	13	zhǒng	zhǒng	to visit
歲	77	止	13	suì	suì	year
歳	77	止	13	suì	suì	year
歴	77	止	14	lì	lì	take place
歵	77	止	15	zé	zé	
歶	77	止	15	yú	yú	
歷	77	止	16	lì	lì	history
歸	77	止	18	guī	guī	return
歹	78	歹	4	dǎi	dǎi	bad
歺	78	歹	5	è	è	vicious
死	78	歹	6	sǐ	sǐ	die
歼	78	歹	7	jiān	jiān	annihilate
歽	78	歹	8	zhé	zhé	
歾	78	歹	8	mò	mò	drown
歿	78	歹	8	mò	mò	die
殀	78	歹	8	yāo	yāo	die young
殁	78	歹	8	mò	mò	die
殂	78	歹	9	cú	cú	to die
殃	78	歹	9	yāng	yāng	misfortune
殄	78	歹	9	tiǎn	tiǎn	to end
殅	78	歹	9	shēng	shēng	
殆	78	歹	9	dài	dài	dangerous
殇	78	歹	9	shāng	shāng	die young
殈	78	歹	10	xù	xù	infertile
殉	78	歹	10	xùn	xùn	die for cause
殊	78	歹	10	shū	shū	different
残	78	歹	9	cán	cán	injure
殌	78	歹	11	jué	jué	
殍	78	歹	11	piǎo	piǎo	to starve to death
殎	78	歹	11	qià	qià	
殏	78	歹	11	qiú	qiú	
殐	78	歹	11	sù	sù	
殑	78	歹	11	qíng	qíng	swoon
殒	78	歹	11	yǔn	yǔn	die
殓	78	歹	11	liàn	liàn	dress corpse for burial
殔	78	歹	12	yì	yì	
殕	78	歹	12	fǒu	fǒu	
殖	78	歹	12	zhí	shi/zhí	breed
殗	78	歹	12	yè	yè	sickness
殘	78	歹	12	cán	cán	injure
殙	78	歹	12	hūn	hūn	to die by taking poison
殚	78	歹	12	dān	dān	utmost
殛	78	歹	12	jí	jí	to put to death to imprison for life
殜	78	歹	13	dié	dié	half-sitting
殝	78	歹	14	zhēn	zhēn	
殞	78	歹	14	yǔn	yǔn	die
殟	78	歹	13	wēn	wēn	
殠	78	歹	14	chòu	chòu	
殡	78	歹	14	bìn	bìn	encoffin
殢	78	歹	15	tì	tì	be in great difficulty
殣	78	歹	15	jìn	jìn	die
殤	78	歹	15	shāng	shāng	die young
殥	78	歹	15	yín	yín	a far or distant place
殦	78	歹	15	diāo	diāo	
殧	78	歹	16	jiù	jiù	
殨	78	歹	16	huì	huì	to open as an ulcer or sore
殩	78	歹	16	cuàn	cuàn	
殪	78	歹	16	yì	yì	die
殫	78	歹	16	dān	dān	utmost
殬	78	歹	17	dù	dù	
殭	78	歹	17	jiāng	jiāng	a stiff corpse
殮	78	歹	17	liàn	liàn	dress corpse for burial
殯	78	歹	18	bìn	bìn	encoffin
殰	78	歹	19	dú	dú	an abortion
殱	78	歹	19	jiān	jiān	annihilate
殲	78	歹	21	jiān	jiān	annihilate
殳	79	殳	4	shū	shū	name of old weapon
殴	79	殳	8	ōu	ōu	beat
段	79	殳	9	duàn	duàn	section
殶	79	殳	9	zhù	zhù	
殷	79	殳	10	yīn	yān/yīn	many
殸	79	殳	11	qìng	qìng	stone chimes
殹	79	殳	11	yì	yì	an echo
殺	79	殳	10	shā	shā	kill
殻	79	殳	11	qiào	qiào	casing
殼	79	殳	12	ké	ké	casing
殽	79	殳	12	xiáo	xiáo	mixed up
殾	79	殳	12	xùn	xùn	
殿	79	殳	13	diàn	diàn	hall
毀	79	殳	13	huǐ	huǐ	destroy
毁	79	殳	13	huǐ	huǐ	destroy
毂	79	殳	13	gǔ	gǔ	hub of wheel
毃	79	殳	14	qiāo	qiāo	
毄	79	殳	14	jī	jī	
毅	79	殳	15	yì	yì	resolute
毆	79	殳	15	ōu	ōu	beat
毇	79	殳	16	huǐ	huǐ	
毈	79	殳	16	duàn	duàn	infertile eggs
毉	79	殳	18	yī	yī	medicine
毊	79	殳	23	xiāo	xiāo	
毋	80	毋	4	wú	wú	do not
毌	80	毋	4	guàn	guàn	old form of 貫
母	80	毋	5	mǔ	mǔ	mother
毎	80	毋	6	měi	měi	every
每	80	毋	7	měi	měi	every
毐	80	毋	7	ǎi	ǎi	person of reprehensible morals
毑	80	毋	8	jiě	jiě	grandmother
毒	80	毋	9	dú	dú	poison
毓	80	毋	14	yù	yù	give birth to
比	81	比	4	bǐ	bǐ	to compare
毕	81	比	6	bì	bì	end
毖	81	比	9	bì	bì	guard against
毗	81	比	9	pí	pí	help
毘	81	比	9	pí	pí	help
毙	81	比	10	bì	bì	kill
毚	81	比	17	chán	chán	cunning
毛	82	毛	4	máo	máo	hair
毜	82	毛	7	háo	háo	
毝	82	毛	7	cǎi	cǎi	
毞	82	毛	8	pí	pí	
毟	82	毛	8	liě	liě	to pluck
毠	82	毛	9	jiā	jiā	
毡	82	毛	9	zhān	zhān	felt
毢	82	毛	10	sāi	sāi	
毣	82	毛	10	mù	mù	
毤	82	毛	10	tuò	tuò	
毥	82	毛	10	xún	xún	
毦	82	毛	10	ěr	ěr	
毧	82	毛	10	róng	róng	fur
毨	82	毛	10	xiǎn	xiǎn	to moult
毩	82	毛	10	jú	jú	a leather ball for kicking
毪	82	毛	10	mú	mú	serge from Tibet
毫	82	毛	11	háo	háo	fine hair
毬	82	毛	11	qiú	qiú	ball
毭	82	毛	11	dòu	dòu	
毮	82	毛	11	shā	shā	[kokuji] to pull out hair
毯	82	毛	12	tǎn	tǎn	rug
毰	82	毛	12	péi	péi	
毱	82	毛	12	jú	jú	
毲	82	毛	12	duō	duō	
毳	82	毛	12	cuì	cuì	fine hair or fur on animals
毴	82	毛	12	bī	bī	
毵	82	毛	12	sān	sān	long feathers
毶	82	毛	12	sān	sān	
毷	82	毛	13	mào	mào	restless
毸	82	毛	13	sāi	sāi	
毹	82	毛	13	shū	shū	rug
毺	82	毛	13	shū	shū	
毻	82	毛	13	tuò	tuò	to molt
毼	82	毛	13	hé	hé	
毽	82	毛	12	jiàn	jiàn	a shuttlecock
毾	82	毛	14	tà	tà	a coarse
毿	82	毛	15	sān	sān	long feathers
氀	82	毛	15	lǘ	lǘ	
氁	82	毛	14	mú	mú	
氂	82	毛	15	máo	máo	tail
氃	82	毛	16	tóng	tóng	
氄	82	毛	16	rǒng	rǒng	down
氅	82	毛	16	chǎng	chǎng	overcoat
氆	82	毛	16	pǔ	pǔ	thick
氇	82	毛	16	lǔ	lu/lǔ	thick rough serge from Tibet
氈	82	毛	17	zhān	zhān	felt
氉	82	毛	17	sào	sào	restless
氊	82	毛	17	zhān	zhān	felt
氋	82	毛	17	méng	méng	
氌	82	毛	19	lǔ	lǔ	thick rough serge from Tibet
氍	82	毛	22	qú	qú	fine woollen cloth
氎	82	毛	26	dié	dié	fine cotton cloth
氏	83	氏	4	shì	shì/zhī	clan
氐	83	氏	5	dī	dī/dǐ	name of an ancient tribe
民	83	氏	5	mín	mín	people
氒	83	氏	6	jué	jué	
氓	83	氏	8	máng	máng	people
气	84	气	4	qì	qì	steam
氕	84	气	5	piē	piē	hydrogen-1
氖	84	气	6	nǎi	nǎi	neon (element 10
気	84	气	6	qì	qì	air
氘	84	气	6	dāo	dāo	deuterium
氙	84	气	7	xiān	xiān	xenon (element 54
氚	84	气	7	chuān	chuān	tritium
氛	84	气	8	fēn	fēn	gas
氜	84	气	8	yáng	yáng	clear
氝	84	气	8	nèi	nèi	neon (element 10
氞	84	气	9	nèi	nèi	
氟	84	气	9	fú	fú	fluorine (element 9
氠	84	气	9	shēn	shēn	
氡	84	气	9	dōng	dōng	radon (element 86
氢	84	气	9	qīng	qīng	ammonia
氣	84	气	10	qì	qì	air
氤	84	气	10	yīn	yīn	hanging fog
氥	84	气	10	xī	xī	(obsolete
氦	84	气	10	hài	hài	helium (element 2
氧	84	气	10	yǎng	yǎng	oxygen (element 8
氨	84	气	10	ān	ān	ammonia
氩	84	气	10	yà	yà	argon (element 18
氪	84	气	11	kè	kè	krypton (element 36
氫	84	气	11	qīng	qīng	hydrogen (element 1
氬	84	气	12	yà	yà	argon (element 18
氭	84	气	12	dōng	dōng	(obsolete
氮	84	气	12	dàn	dàn	nitrogen (element 7
氯	84	气	12	lǜ	lǜ	chlorine (element 17
氰	84	气	12	qíng	qíng	cyanogen
氱	84	气	13	yǎng	yǎng	
氲	84	气	13	yūn	yūn	life giving influences of nature
氳	84	气	14	yūn	yūn	life giving influences of nature
水	85	水	4	shuǐ	shuǐ	water
氵	85	水	3	shuǐ	shuǐ	water
氶	85	水	5	zhěng	zhěng	name of a river in Shandong
氷	85	水	5	bīng	bīng	ice
永	85	水	5	yǒng	yǒng	long
氹	85	水	5	dàng	dàng	ditch
氺	85	水	5	shuǐ	shuǐ	
氻	85	水	5	lè	lè	
氼	85	水	6	nì	nì	to sink
氽	11	入	6	tǔn	tǔn	to float
氾	85	水	5	fán	fán	overflow
氿	85	水	5	jiǔ	jiǔ	spring
汀	85	水	5	tīng	tīng	sandbar
汁	85	水	5	zhī	zhī	juice
求	85	水	7	qiú	qiú	seek
汃	85	水	5	bīn	bīn	
汄	85	水	5	zè	zè	
汅	85	水	5	miǎn	miǎn	
汆	85	水	6	cuān	cuān	to parboil
汇	85	水	5	huì	huì	concourse
汈	85	水	5	diāo	diāo	a lake in Húběi
汉	85	水	5	hàn	hàn	Chinese people
汊	85	水	6	chà	chà	a branching stream
汋	85	水	6	zhuó	zhuó	to pour
汌	85	水	6	chuàn	chuàn	
汍	85	水	6	wán	wán	weep
汎	85	水	6	fàn	fàn	float
汏	85	水	6	dà	dà	
汐	85	水	6	xī	xī	night tides
汑	85	水	6	tuō	tuō	
汒	85	水	6	máng	máng	
汓	85	水	6	qiú	qiú	
汔	85	水	6	qì	qì	close
汕	85	水	6	shàn	shàn	basket for catching fish
汖	85	水	7	pìn	pìn	
汗	85	水	6	hàn	hán/hàn	perspiration
汘	85	水	6	qiān	qiān	
汙	85	水	6	wū	wū	filthy
汚	85	水	6	wū	wū	filthy
汛	85	水	6	xùn	xùn	high water
汜	85	水	6	sì	sì	a stream which leaves the main branch then later returns
汝	85	水	6	rǔ	rǔ	you
汞	85	水	7	gǒng	gǒng	mercury (element 80
江	85	水	6	jiāng	jiāng	large river
池	85	水	6	chí	chí	pool
污	85	水	6	wū	wū	filthy
汢	85	水	6	tu	tu	
汣	85	水	6	jiǔ	jiǔ	
汤	85	水	6	tāng	tāng	hot water
汥	85	水	7	zhī	zhī	
汦	85	水	7	zhǐ	zhǐ	
汧	85	水	7	qiān	qiān	name of a river in Shangdong
汨	85	水	7	mì	mì	Mi(luo) river in Hunan province where Qu Yuan drowned himself
汩	85	水	7	gǔ	gǔ	run swiftly
汪	85	水	7	wāng	wāng	vast
汫	85	水	7	jǐng	jǐng	a pit
汬	85	水	8	jǐng	jǐng	
汭	85	水	7	ruì	ruì	confluence of two streams
汮	85	水	7	jūn	jūn	
汯	85	水	7	hóng	hóng	
汰	85	水	7	tài	tài	excessive
汱	85	水	7	quǎn	quǎn	
汲	85	水	6	jí	jí	draw water from well
汳	85	水	7	biàn	biàn	
汴	85	水	7	biàn	biàn	name of a river in Henan
汵	85	水	7	gàn	gàn	
汶	85	水	7	wèn	wèn	a river in Shandong province
汷	85	水	6	zhōng	zhōng	
汸	85	水	7	fāng	fāng	
汹	85	水	7	xiōng	xiōng	turbulent
決	85	水	7	jué	jué	decide
汻	85	水	7	hǔ	hǔ	
汼	85	水	7	niú	niú	
汽	85	水	7	qì	qì	steam
汾	85	水	7	fén	fén	river in Shanxi province
汿	85	水	7	xù	xù	
沀	85	水	8	xù	xù	
沁	85	水	7	qìn	qìn	soak into
沂	85	水	7	yí	yí	river in southeast Shandong
沃	85	水	7	wò	wò	water
沄	85	水	7	yún	yún	billows
沅	85	水	7	yuán	yuán	name of a river in western Hunan that flows into Dongting lake
沆	85	水	7	hàng	hàng	a ferry
沇	85	水	7	yǎn	yǎn	flowing and engulfing
沈	85	水	7	shěn	shěn	sink
沉	85	水	7	chén	chén	sink
沊	85	水	8	dàn	dàn	(Cant.) onomatopoetic
沋	85	水	7	yóu	yóu	
沌	85	水	7	dùn	dùn/zhuàn	chaotic
沍	85	水	7	hù	hù	freezing
沎	85	水	7	huò	huò	
沏	85	水	7	qī	qī	infuse
沐	85	水	7	mù	mù	bathe
沑	85	水	7	nǜ	nǜ	
沒	85	水	7	méi	méi	not
沓	85	水	8	dá	dá/tà	connected
沔	85	水	7	miǎn	miǎn	flood
沕	85	水	7	mì	mì	deep
沖	85	水	7	chōng	chōng	pour
沗	85	水	9	pāng	pāng	
沘	85	水	7	bǐ	bǐ	name of a river
沙	85	水	7	shā	shā/shà	sand
沚	85	水	7	zhǐ	zhǐ	islet in stream
沛	85	水	7	pèi	pèi	abundant
沜	85	水	7	pàn	pàn	
沝	85	水	8	zhuǐ	zhuǐ	
沞	85	水	7	zā	zā	
沟	85	水	7	gōu	gōu	ditch
沠	85	水	7	liú	liú	
没	85	水	7	méi	méi/mò	not
沢	85	水	7	zé	zé	marsh
沣	85	水	7	fēng	fēng	river in Shanxi province
沤	85	水	7	òu	òu	soak
沥	85	水	7	lì	lì	trickle
沦	85	水	7	lún	lún	be lost
沧	85	水	7	cāng	cāng	blue
沨	85	水	7	fēng	fēng	pleasant sound
沩	85	水	7	wéi	wéi	name of a river in Hunan
沪	85	水	7	hù	hù	Shanghai
沫	85	水	8	mò	mò	froth
沬	85	水	8	mèi	mèi	dusk
沭	85	水	8	shù	shù	river in Shantung
沮	85	水	8	jǔ	jǔ	stop
沯	85	水	9	zá	zá	
沰	85	水	8	tuō	tuō	to let drop
沱	85	水	8	tuó	tuó	rivers
沲	85	水	8	tuó	tuó	float
河	85	水	8	hé	hé	river
沴	85	水	8	lì	lì	foul and poisonous in confusion
沵	85	水	8	mǐ	mǐ	
沶	85	水	8	yí	yí	
沷	85	水	8	fā	fā	to remove evil
沸	85	水	8	fèi	fèi	boil
油	85	水	8	yóu	yóu	oil
沺	85	水	8	tián	tián	turbulent
治	85	水	8	zhì	zhì	govern
沼	85	水	8	zhǎo	zhǎo	lake
沽	85	水	8	gū	gū	buy and sell
沾	85	水	8	zhān	zhān	moisten
沿	85	水	8	yán	yán	follow a course
泀	85	水	8	sī	sī	
況	85	水	8	kuàng	kuàng	condition
泂	85	水	8	jiǒng	jiǒng	clear and deep (of water)
泃	85	水	8	jū	jū	river in Henan
泄	85	水	8	xiè	xiè	leak
泅	85	水	8	qiú	qiú	swim
泆	85	水	8	yì	yì	licentious
泇	85	水	8	jiā	jiā	
泈	85	水	8	zhōng	zhōng	
泉	85	水	9	quán	quán	spring
泊	85	水	8	pō	bó/pō	anchor vessel
泋	85	水	8	huì	huì	
泌	85	水	8	mì	bì/mì	to seep out
泍	85	水	8	bēn	bēn	
泎	85	水	8	zé	zé	
泏	85	水	8	zhú	zhú	
泐	85	水	7	lè	lè	to write
泑	85	水	8	yōu	yōu	the vitreous glaze on china
泒	85	水	8	gū	gū	a river in Hubei province
泓	85	水	8	hóng	hóng	clear
泔	85	水	8	gān	gān	water from washing rice to boil thick
法	85	水	8	fǎ	fǎ	law
泖	85	水	8	mǎo	mǎo	still waters
泗	85	水	8	sì	sì	mucous
泘	85	水	8	hū	hū	
泙	85	水	8	píng	píng	roar
泚	85	水	9	cǐ	cǐ	clear
泛	85	水	7	fàn	fàn	to drift
泜	85	水	8	zhī	zhī	a river in Hebei province
泝	85	水	8	sù	sù	go upstream
泞	85	水	8	nìng	nìng	mud
泟	85	水	8	chēng	chēng	
泠	85	水	8	líng	líng	nice and cool
泡	85	水	8	pào	pāo/pào	bubbles
波	85	水	8	bō	bō	waves
泣	85	水	8	qì	qì	cry
泤	85	水	7	sì	sì	
泥	85	水	8	ní	ní/nì	mud
泦	85	水	8	jú	jú	
泧	85	水	8	sà	sà	
注	85	水	8	zhù	zhù	concentrate
泩	85	水	8	shēng	shēng	
泪	85	水	8	lèi	lèi	tears
泫	85	水	8	xuàn	xuàn	weep
泬	85	水	8	jué	jué	
泭	85	水	8	fú	fú	a raft
泮	85	水	8	pàn	pàn	Zhou dynasty school
泯	85	水	8	mǐn	mǐn	destroy
泰	85	水	10	tài	tài	great
泱	85	水	8	yāng	yāng	great
泲	85	水	7	jǐ	jǐ	kind of white wine
泳	85	水	8	yǒng	yǒng	dive
泴	85	水	9	guàn	guàn	
泵	112	石	9	bèng	bèng	pump (English loan word)
泶	85	水	9	xué	xué	
泷	85	水	8	lóng	lóng/shuāng	raining
泸	85	水	8	lú	lú	river in Jiangxi province
泹	85	水	8	dàn	dàn	
泺	85	水	8	luò	luò	river in Shandong province
泻	85	水	8	xiè	xiè	drain off
泼	85	水	8	pō	pō	pour
泽	85	水	8	zé	zé	marsh
泾	85	水	8	jīng	jīng	name of a river
泿	85	水	9	yín	yín	
洀	85	水	9	pán	pán	
洁	85	水	9	jié	jié	clean
洂	85	水	9	yè	yè	
洃	85	水	9	huī	huī	
洄	85	水	9	huí	huí	a back-water
洅	85	水	9	zài	zài	
洆	85	水	9	chéng	chéng	
洇	85	水	9	yīn	yīn	to soak paper
洈	85	水	9	wéi	wéi	
洉	85	水	9	hòu	hòu	
洊	85	水	9	jiàn	jiàn	flowing water
洋	85	水	9	yáng	yáng	ocean
洌	85	水	9	liè	liè	clear
洍	85	水	10	sì	sì	
洎	85	水	9	jì	jì	until
洏	85	水	9	ér	ér	tears
洐	85	水	9	xíng	xíng	
洑	85	水	9	fú	fú	whirlpool
洒	85	水	9	sǎ	sǎ	sprinkle
洓	85	水	9	qì	qì	
洔	85	水	9	zhǐ	zhǐ	
洕	85	水	9	yìn	yìn	
洖	85	水	10	wú	wú	
洗	85	水	9	xǐ	xǐ/xiǎn	wash
洘	85	水	9	kǎo	kǎo	
洙	85	水	9	zhū	zhū	name of a river in Shandong
洚	85	水	9	jiàng	jiàng	a flood
洛	85	水	9	luò	luò	river in Shanxi province
洜	85	水	10	luò	luò	
洝	85	水	9	àn	àn	
洞	85	水	9	dòng	dòng/tóng	cave
洟	85	水	9	tì	tì	snivel
洠	85	水	9	móu	móu	
洡	85	水	9	lèi	lèi	
洢	85	水	9	yī	yī	
洣	85	水	9	mǐ	mǐ	Mi river in Hunan
洤	85	水	9	quán	quán	a fountain or spring
津	85	水	9	jīn	jīn	ferry
洦	85	水	9	pò	pò	
洧	85	水	9	wěi	wěi	name of a river in Honan
洨	85	水	9	xiáo	xiáo	river in Hebei province
洩	85	水	9	xiè	xiè	leak
洪	85	水	9	hóng	hóng	vast
洫	85	水	9	xù	xù	to ditch
洬	85	水	9	sù	sù	
洭	85	水	9	kuāng	kuāng	river in Guangdong
洮	85	水	9	táo	táo	cleanse
洯	85	水	10	qiè	qiè	
洰	85	水	7	jù	jù	
洱	85	水	9	ěr	ěr	a lake in Yunnan
洲	85	水	9	zhōu	zhōu	continent
洳	85	水	9	rù	rù	damp
洴	85	水	9	píng	píng	sound
洵	85	水	9	xún	xún	true
洶	85	水	9	xiōng	xiōng	the rush of water
洷	85	水	9	zhì	zhì	
洸	85	水	9	guāng	guāng	sparkle
洹	85	水	9	huán	huán	river in Henan province
洺	85	水	9	míng	míng	river in Hebei province
活	85	水	9	huó	huó	live
洼	85	水	9	wā	wā	hollow
洽	85	水	9	qià	qià	to blend with
派	85	水	9	pài	pài	school of thought
洿	85	水	9	wū	wū	stagnant water
浀	85	水	9	qū	qū	
流	85	水	10	liú	liú	flow
浂	85	水	9	yì	yì	
浃	85	水	9	jiā	jiā	saturate
浄	85	水	9	jìng	jìng	pure
浅	85	水	8	qiǎn	qiǎn	shallow
浆	85	水	10	jiāng	jiāng/jiàng	any thick fluid
浇	85	水	9	jiāo	jiāo	spray
浈	85	水	9	zhēn	zhēn	river in Guangdong province
浉	85	水	9	shī	shī	river in Henan province
浊	85	水	9	zhuó	zhuó	muddy
测	85	水	9	cè	cè	measure
浌	85	水	9	fá	fá	
浍	85	水	9	huì	huì	irrigation ditch
济	85	水	9	jì	jǐ/jì	help
浏	85	水	9	liú	liú	clear
浐	85	水	9	chǎn	chǎn	a river in Shaanxi
浑	85	水	9	hún	hún	muddy
浒	85	水	9	hǔ	hǔ/xǔ	riverbank
浓	85	水	9	nóng	nóng	thick
浔	85	水	9	xún	xún	steep bank by stream
浕	85	水	9	jìn	jìn	river in Hubei province
浖	85	水	10	liè	liè	(Cant.) intensifier
浗	85	水	10	qiú	qiú	
浘	85	水	10	wěi	wěi	
浙	85	水	10	zhè	zhè	Zhejiang province
浚	85	水	10	jùn	jùn/xùn	dredge
浛	85	水	10	hán	hán	place in Yingde
浜	85	水	10	bāng	bāng	creek
浝	85	水	10	máng	máng	
浞	85	水	10	zhuó	zhuó	to soak
浟	85	水	10	yóu	yóu	
浠	85	水	10	xī	xī	a river in Húběi
浡	85	水	10	bó	bó	burst forth
浢	85	水	10	dòu	dòu	
浣	85	水	10	huàn	huàn	to wash
浤	85	水	10	hóng	hóng	beating of ocean
浥	85	水	10	yì	yì	moist
浦	85	水	10	pǔ	pǔ	bank of river
浧	85	水	10	yǐng	yǐng	
浨	85	水	10	lǎn	lǎn	
浩	85	水	10	hào	hào	great
浪	85	水	10	làng	làng	wave
浫	85	水	10	hǎn	hǎn	
浬	85	水	10	lǐ	lǐ	nautical mile
浭	85	水	10	gēng	gēng	river in Hebei province
浮	85	水	10	fú	fú	to float
浯	85	水	10	wú	wú	name of a river in Shandong
浰	85	水	10	liàn	lì/liàn	
浱	85	水	10	chún	chún	
浲	85	水	10	féng	féng	
浳	85	水	10	yì	yì	
浴	85	水	10	yù	yù	bathe
浵	85	水	10	tóng	tóng	
浶	85	水	10	láo	láo	
海	85	水	10	hǎi	hǎi	sea
浸	85	水	10	jìn	jìn	soak
浹	85	水	10	jiā	jiā	saturate
浺	85	水	10	chōng	chōng	
浻	85	水	10	jiǒng	jiǒng	
浼	85	水	10	měi	měi	to request
浽	85	水	10	suī	suī	
浾	85	水	10	chēng	chēng	
浿	85	水	10	pèi	pèi	
涀	85	水	10	xiàn	xiàn	
涁	85	水	10	shèn	shèn	
涂	85	水	10	tú	tú	surname
涃	85	水	10	kùn	kùn	
涄	85	水	10	pīng	pīng	
涅	85	水	10	niè	niè	blacken
涆	85	水	10	hàn	hàn	
涇	85	水	10	jīng	jīng	name of a river
消	85	水	10	xiāo	xiāo	vanish
涉	85	水	10	shè	shè	ford stream
涊	85	水	10	niǎn	niǎn	dirt
涋	85	水	10	tū	tū	
涌	85	水	10	yǒng	chōng/yǒng	surge up
涍	85	水	10	xiào	xiào	
涎	85	水	9	xián	xián	saliva
涏	85	水	9	tǐng	tǐng	
涐	85	水	10	é	é	
涑	85	水	10	sù	sù	river in Shansi province
涒	85	水	10	tūn	tūn	meander
涓	85	水	10	juān	juān	brook
涔	85	水	10	cén	cén	river in Shaanxi
涕	85	水	10	tì	tì	tear
涖	85	水	10	lì	lì	river in Hebei province
涗	85	水	10	shuì	shuì	
涘	85	水	10	sì	sì	river bank
涙	85	水	10	lèi	lèi	tears
涚	85	水	10	shuì	shuì	
涛	85	水	10	tāo	tāo	large waves
涜	85	水	10	dú	dú	ditch
涝	85	水	10	lào	lào	inundate
涞	85	水	10	lái	lái	river in Hebei province
涟	85	水	10	lián	lián	flowing water
涠	85	水	10	wéi	wéi	still water
涡	85	水	10	wō	guō/wō	swirl
涢	85	水	10	yún	yún	river in Hubei
涣	85	水	10	huàn	huàn	scatter
涤	85	水	10	dí	dí	wash
涥	85	水	10	hēng	hēng	
润	85	水	10	rùn	rùn	soft
涧	85	水	10	jiàn	jiàn	brook
涨	85	水	10	zhǎng	zhǎng/zhàng	rise in price
涩	85	水	10	sè	sè	astringent
涪	85	水	11	fú	fú	river in Sichuan province
涫	85	水	11	guàn	guàn	
涬	85	水	11	xìng	xìng	watery expanse
涭	85	水	11	shòu	shòu	
涮	85	水	11	shuàn	shuàn	rinse
涯	85	水	11	yá	yá	shore
涰	85	水	11	chuò	chuò	
涱	85	水	11	zhàng	zhàng	
液	85	水	11	yè	yè	sap
涳	85	水	11	kōng	kōng	
涴	85	水	11	wò	yuān/wò	daub
涵	85	水	11	hán	hán	soak
涶	85	水	11	tuō	tuō	to spit
涷	85	水	11	dōng	dōng	rainstorm
涸	85	水	11	hé	hé	dried up
涹	85	水	11	wō	wō	
涺	85	水	11	jū	jū	
涻	85	水	11	shè	shè	
涼	85	水	11	liáng	liáng/liàng	cool
涽	85	水	11	hūn	hūn	
涾	85	水	11	tà	tà	
涿	85	水	11	zhuō	zhuō	drip
淀	85	水	11	diàn	diàn	shallow water
淁	85	水	11	qiè	qiè	
淂	85	水	11	dé	dé	
淃	85	水	11	juàn	juàn	
淄	85	水	11	zī	zī	river in Shandong province
淅	85	水	11	xī	xī	water used wash rice
淆	85	水	11	xiáo	xiáo	confused
淇	85	水	11	qí	qí	river in Henan province
淈	85	水	11	gǔ	gǔ	
淉	85	水	11	guǒ	guǒ	
淊	85	水	11	yān	yān	to immerse (in water)
淋	85	水	11	lín	lín/lìn	drip
淌	85	水	11	tǎng	tǎng	trickle
淍	85	水	11	zhōu	zhōu	
淎	85	水	11	pěng	pěng	
淏	85	水	11	hào	hào	
淐	85	水	11	chāng	chāng	
淑	85	水	11	shū	shū	good
淒	85	水	11	qī	qī	bitter cold
淓	85	水	10	fāng	fāng	
淔	85	水	11	zhí	zhí	
淕	85	水	11	lù	lù	
淖	85	水	11	nào	nào	slush
淗	85	水	11	jú	jú	
淘	85	水	11	táo	táo	wash in a sieve
淙	85	水	11	cóng	cóng	gurgling sound of water
淚	85	水	11	lèi	lèi	tears
淛	85	水	11	zhè	zhè	
淜	85	水	11	péng	péng	roar of dashing waves
淝	85	水	11	féi	féi	name of an affluent of the Poyang Lake
淞	85	水	11	sōng	sōng	name of a river in Jiangsu
淟	85	水	11	tiǎn	tiǎn	turbid
淠	85	水	11	pì	pì	name of a river in Anhui
淡	85	水	11	dàn	dàn	weak
淢	85	水	11	yù	yù	ditch
淣	85	水	11	ní	ní	
淤	85	水	11	yū	yū	mud
淥	85	水	11	lù	lù	strain
淦	85	水	11	gàn	gàn	river in Jiangxi province
淧	85	水	11	mì	mì	
淨	85	水	11	jìng	jìng	pure
淩	85	水	11	líng	líng	pass over
淪	85	水	11	lún	lún	be lost
淫	85	水	11	yín	yín	obscene
淬	85	水	11	cuì	cuì	temper
淭	85	水	11	qú	qú	
淮	85	水	11	huái	huái	river in Anhui province
淯	85	水	11	yù	yù	name of river
淰	85	水	11	niǎn	niǎn	fish
深	85	水	11	shēn	shēn	deep
淲	85	水	11	biāo	biāo	
淳	85	水	11	chún	chún	honest
淴	85	水	11	hū	hū	to wash
淵	85	水	12	yuān	yuān	gulf
淶	85	水	11	lái	lái	river in Hebei province
混	85	水	11	hùn	hùn	to mix
淸	85	水	11	qīng	qīng	clear
淹	85	水	11	yān	yān	drown
淺	85	水	11	qiǎn	jiān/qiǎn	shallow
添	85	水	11	tiān	tiān	append
淼	85	水	12	miǎo	miǎo	a wide expanse of water
淽	85	水	10	zhǐ	zhǐ	
淾	85	水	12	yǐn	yǐn	
淿	85	水	11	bó	bó	
渀	85	水	11	bèn	bèn	
渁	85	水	11	yuān	yuān	
渂	85	水	11	wèn	wèn	
渃	85	水	11	ruò	ruò	
渄	85	水	11	fēi	fēi	
清	85	水	11	qīng	qīng	clear
渆	85	水	11	yuān	yuān	
渇	85	水	11	kě	kě	thirsty
済	85	水	11	jì	jì	help
渉	85	水	11	shè	shè	ford stream
渊	85	水	11	yuān	yuān	surge up
渋	85	水	11	sè	sè	astringent
渌	85	水	11	lù	lù	strain
渍	85	水	11	zì	zì	soak
渎	85	水	11	dú	dú	ditch
渏	85	水	11	yī	yī	
渐	85	水	11	jiàn	jiàn	gradually
渑	85	水	11	miǎn	miǎn	name of a river in Shandong
渒	85	水	11	pài	pài	
渓	85	水	11	xī	xī	mountain stream
渔	85	水	11	yú	yú	to fish
渕	85	水	11	yuān	yuān	surge up
渖	85	水	11	shěn	shěn	juice
渗	85	水	11	shèn	shèn	soak through
渘	85	水	12	róu	róu	
渙	85	水	12	huàn	huàn	scatter
渚	85	水	11	zhǔ	zhǔ	small sand bank
減	85	水	12	jiǎn	jiǎn	decrease
渜	85	水	12	nuǎn	nuǎn	
渝	85	水	12	yú	yú	change
渞	85	水	12	qiú	qiú	
渟	85	水	12	tíng	tíng	(of water) not flowing
渠	85	水	11	qú	qú	ditch
渡	85	水	12	dù	dù	cross
渢	85	水	12	fán	fán	pleasant sound
渣	85	水	12	zhā	zhā	refuse
渤	85	水	12	bó	bó	swelling
渥	85	水	12	wò	wò	moisten
渦	85	水	11	wō	guō/wō	swirl
渧	85	水	12	dì	dì	to drop
渨	85	水	12	wēi	wēi	a cove
温	85	水	12	wēn	wēn	lukewarm
渪	85	水	12	rú	rú	
渫	85	水	12	xiè	xiè	beating of ocean
測	85	水	12	cè	cè	measure
渭	85	水	12	wèi	wèi	name of a river in Shanxi
渮	85	水	11	hé	hé	river in Shandong province
港	85	水	12	gǎng	gǎng	port
渰	85	水	12	yǎn	yǎn	(of cloud) forming or rising
渱	85	水	12	hóng	hóng	
渲	85	水	12	xuàn	xuàn	add repeated washes of color
渳	85	水	12	mǐ	mǐ	
渴	85	水	12	kě	kě	thirsty
渵	85	水	11	máo	máo	
渶	85	水	11	yīng	yīng	
渷	85	水	12	yǎn	yǎn	
游	85	水	12	yóu	yóu	to swim
渹	85	水	12	hōng	hōng	roar
渺	85	水	12	miǎo	miǎo	endlessly long
渻	85	水	12	shěng	shěng	
渼	85	水	12	měi	měi	ripples
渽	85	水	12	zāi	zāi	
渾	85	水	12	hún	hún	muddy
渿	85	水	12	nài	nài	
湀	85	水	12	guǐ	guǐ	
湁	85	水	12	chì	chì	
湂	85	水	12	è	è	
湃	85	水	12	pài	pài	sound of waves
湄	85	水	12	méi	méi	water's edge
湅	85	水	12	liàn	liàn	boil silk
湆	85	水	12	qì	qì	(Cant.) sticky
湇	85	水	12	qì	qì	
湈	85	水	12	méi	méi	
湉	85	水	12	tián	tián	gentle flow
湊	85	水	12	còu	còu	piece together
湋	85	水	12	wéi	wéi	river in Shanxi province
湌	85	水	12	cān	cān	to eat
湍	85	水	12	tuān	tuān	rapid water current
湎	85	水	12	miǎn	miǎn	flushed with drink
湏	85	水	12	huì	huì	wash face
湐	85	水	12	mò	mò	
湑	85	水	12	xū	xù/xū	to strain spirits
湒	85	水	12	jí	jí	
湓	85	水	12	pén	pén	a river in Jiangxi province
湔	85	水	12	jiān	jiān	wash
湕	85	水	11	jiǎn	jiǎn	
湖	85	水	12	hú	hú	a lake
湗	85	水	12	fèng	fèng	
湘	85	水	12	xiāng	xiāng	alternate name for Hunan
湙	85	水	12	yì	yì	
湚	85	水	12	yìn	yìn	
湛	85	水	12	zhàn	zhàn	deep
湜	85	水	12	shí	shí	transparent
湝	85	水	12	jiē	jiē	flow
湞	85	水	12	chēng	chēng	river in Guangdong province
湟	85	水	12	huáng	huáng	river in Qinghai province
湠	85	水	12	tàn	tàn	
湡	85	水	12	yú	yú	
湢	85	水	12	bì	bì	bathroom
湣	85	水	12	mǐn	mǐn	mixed
湤	85	水	12	shī	shī	
湥	85	水	12	tū	tū	
湦	85	水	12	shēng	shēng	
湧	85	水	12	yǒng	yǒng	well up
湨	85	水	12	jú	jú	river in Henan
湩	85	水	12	dòng	dòng	muddy
湪	85	水	12	tuàn	tuàn	
湫	85	水	12	jiǎo	jiǎo/qiū	a small pond
湬	85	水	13	jiǎo	jiǎo	
湭	85	水	12	qiú	qiú	
湮	85	水	12	yān	yān	bury
湯	85	水	12	tāng	shāng/tāng	hot water
湰	85	水	12	lóng	lóng	
湱	85	水	12	huò	huò	sound of water
湲	85	水	12	yuán	yuán	flow
湳	85	水	12	nǎn	nǎn	
湴	85	水	11	bàn	bàn	(Cant.) mud
湵	85	水	12	yǒu	yǒu	
湶	85	水	12	quán	quán	
湷	85	水	12	zhuāng	zhuāng	
湸	85	水	12	liàng	liàng	
湹	85	水	12	chán	chán	
湺	85	水	12	xián	xián	
湻	85	水	12	chún	chún	pure
湼	85	水	12	niè	niè	black mud
湽	85	水	12	zī	zī	
湾	85	水	12	wān	wān	bay
湿	85	水	12	shī	shī	wet
満	85	水	12	mǎn	mǎn	fullness
溁	85	水	12	yíng	yíng	a stream
溂	85	水	12	là	là	
溃	85	水	12	kuì	huì/kuì	flooding river
溄	85	水	12	féng	féng	
溅	85	水	12	jiàn	jiàn	sprinkle
溆	85	水	12	xù	xù	river in Húnán
溇	85	水	12	lóu	lóu	river in Hubei province
溈	85	水	12	wéi	wéi	name of a river in Hunan
溉	85	水	12	gài	gài	water
溊	85	水	12	bō	bō	
溋	85	水	12	yíng	yíng	
溌	85	水	12	pō	pō	pour
溍	85	水	13	jìn	jìn	water
溎	85	水	13	yàn	yàn	river in Guangxi province
溏	85	水	13	táng	táng	pool
源	85	水	13	yuán	yuán	spring
溑	85	水	13	suǒ	suǒ	
溒	85	水	13	yuán	yuán	
溓	85	水	13	lián	lián	sticky
溔	85	水	13	yǎo	yǎo	
溕	85	水	13	méng	méng	
準	85	水	13	zhǔn	zhǔn	rule
溗	85	水	13	chéng	chéng	
溘	85	水	13	kè	kè	abruptly
溙	85	水	13	tài	tài	
溚	85	水	12	dá	dá	(Cant.) to get wet by rain
溛	85	水	13	wā	wā	
溜	85	水	13	liū	liū/liù	slide
溝	85	水	13	gōu	gōu	ditch
溞	85	水	12	sāo	sāo	
溟	85	水	13	míng	míng	drizzling rain
溠	85	水	12	zhà	zhà	river in Hubei province
溡	85	水	13	shí	shí	
溢	85	水	13	yì	yì	overflow
溣	85	水	13	lùn	lùn	
溤	85	水	13	mǎ	mǎ	
溥	85	水	13	pǔ	pǔ	big
溦	85	水	13	wēi	wēi	drizzle
溧	85	水	13	lì	lì	river in Anhui and Jiangsu provinces
溨	85	水	13	zāi	zāi	
溩	85	水	13	wù	wù	
溪	85	水	13	xī	xī	mountain stream
溫	85	水	13	wēn	wēn	lukewarm
溬	85	水	12	qiāng	qiāng	
溭	85	水	13	zé	zé	
溮	85	水	13	shī	shī	river in Henan province
溯	85	水	13	sù	sù	go upstream
溰	85	水	13	ái	ái	
溱	85	水	13	qín	qín	river in Henan
溲	85	水	12	sōu	sōu	urinate
溳	85	水	13	yún	yún	river in Hubei
溴	85	水	13	xiù	xiù	bromine (element 35
溵	85	水	13	yīn	yīn	name of a place in Tianjin
溶	85	水	13	róng	róng	to melt
溷	85	水	13	hùn	hùn	privy
溸	85	水	13	sù	sù	
溹	85	水	13	suǒ	suǒ	
溺	85	水	13	nì	nì	drown
溻	85	水	13	tā	tā	wet
溼	85	水	13	shī	shī	damp
溽	85	水	13	rù	rù	moist
溾	85	水	12	āi	āi	
溿	85	水	13	pàn	pàn	
滀	85	水	13	chù	chù/xù	a body of water
滁	85	水	12	chú	chú	district in Anhui province
滂	85	水	13	pāng	pāng	torrential
滃	85	水	13	wēng	wēng	swelling
滄	85	水	13	cāng	cāng	blue
滅	85	水	13	miè	miè	extinguish
滆	85	水	13	gé	gé	a lake in Jiangxu
滇	85	水	13	diān	diān	Yunnan province
滈	85	水	13	hào	hào	downpour
滉	85	水	13	huàng	huàng	deep
滊	85	水	13	xì	xì	a river name
滋	85	水	12	zī	zī	grow
滌	85	水	13	dí	dí	wash
滍	85	水	13	zhì	zhì	place in Henan
滎	85	水	14	xíng	xíng/yíng	county in Henan
滏	85	水	13	fǔ	fǔ	river in Hebei
滐	85	水	13	jié	jié	(Cant.) dense
滑	85	水	12	huá	huá	slip
滒	85	水	13	gē	gē	
滓	85	水	13	zǐ	zǐ	sediment
滔	85	水	13	tāo	tāo	overflow
滕	85	水	15	téng	téng	an ancient state in Shandong province
滖	85	水	13	suī	suī	
滗	85	水	13	bì	bì	drain
滘	85	水	13	jiào	jiào	a branching river (used in place names)
滙	85	水	13	huì	huì	waters converging to one spot
滚	85	水	13	gǔn	gǔn	turn
滛	85	水	13	yín	yín	
滜	85	水	13	gāo	gāo	
滝	85	水	13	lóng	lóng	onomatopoeic for the sound of falling rain
滞	85	水	12	zhì	zhì	block up
滟	85	水	13	yàn	yàn	overflowing
滠	85	水	13	shè	shè	river in Hubei province
满	85	水	13	mǎn	mǎn	fill
滢	85	水	13	yíng	yíng	clear
滣	85	水	13	chún	chún	
滤	85	水	13	lǜ	lǜ	strain out
滥	85	水	13	làn	làn	flood
滦	85	水	13	luán	luán	river and county in Hebei province
滧	85	水	13	yáo	xiào/yáo	
滨	85	水	13	bīn	bīn	beach
滩	85	水	13	tān	tān	bank
滪	85	水	13	yù	yù	place in Sichuan
滫	85	水	13	xiǔ	xiǔ	water in which rice has been boiled
滬	85	水	14	hù	hù	Shanghai
滭	85	水	13	bì	bì	
滮	85	水	14	biāo	biāo	flow
滯	85	水	14	zhì	zhì	block up
滰	85	水	14	jiàng	jiàng	
滱	85	水	14	kòu	kòu	
滲	85	水	14	shèn	shèn	soak through
滳	85	水	14	shāng	shāng	
滴	85	水	14	dī	dī	drip
滵	85	水	14	mì	mì	
滶	85	水	13	áo	áo	
滷	85	水	14	lǔ	lǔ	thick gravy
滸	85	水	14	hǔ	hǔ	riverbank
滹	85	水	14	hū	hū	the bank of a steam
滺	85	水	14	yōu	yōu	flow
滻	85	水	14	chǎn	chǎn	a river in Shaanxi
滼	85	水	14	fàn	fàn	
滽	85	水	14	yōng	yōng	strong or thick (liquid)
滾	85	水	14	gǔn	gǔn	turn
滿	85	水	14	mǎn	mǎn	fill
漀	85	水	15	qǐng	qǐng	
漁	85	水	14	yú	yú	to fish
漂	85	水	14	piào	piāo/piǎo/piào	float
漃	85	水	14	jì	jì	
漄	85	水	14	yá	yá	
漅	85	水	14	cháo	cháo	
漆	85	水	14	qī	qī	varnish
漇	85	水	14	xǐ	xǐ	(Cant.) waste
漈	85	水	14	jì	jì	shore
漉	85	水	14	lù	lù	filter
漊	85	水	14	lóu	lóu	river in Hubei province
漋	85	水	14	lóng	lóng	
漌	85	水	14	jǐn	jǐn	
漍	85	水	14	guó	guó	a river
漎	85	水	14	cóng	cóng	a place where small streams flow into a large one
漏	85	水	14	lòu	lòu	leak
漐	85	水	15	zhí	zhí	
漑	85	水	14	gài	gài	water
漒	85	水	15	qiáng	qiáng	
漓	85	水	13	lí	lí	river in Guangxi province
演	85	水	14	yǎn	yǎn	perform
漕	85	水	14	cáo	cáo	transport by water
漖	85	水	14	jiào	jiào	(Cant.) a branching river (used in toponyms)
漗	85	水	14	cōng	cōng	
漘	85	水	14	chún	chún	bank
漙	85	水	14	tuán	tuán	dewy
漚	85	水	14	ōu	ōu/òu	soak
漛	85	水	14	téng	téng	
漜	85	水	14	yě	yě	
漝	85	水	14	xí	xí	
漞	85	水	14	mì	mì	
漟	85	水	14	táng	táng	
漠	85	水	13	mò	mò	desert
漡	85	水	14	shāng	shāng	
漢	85	水	14	hàn	hàn	the Chinese people
漣	85	水	13	lián	lián	flowing water
漤	85	水	14	lǎn	lǎn	marinate in salt
漥	85	水	14	wā	wā	puddle
漦	85	水	15	chí	chí	saliva
漧	85	水	14	gān	gān	
漨	85	水	13	féng	féng	
漩	85	水	14	xuán	xuán	eddy
漪	85	水	14	yī	yī	ripples on water
漫	85	水	14	màn	màn	overflow of water
漬	85	水	14	zì	zì	soak
漭	85	水	13	mǎng	mǎng	vast
漮	85	水	14	kāng	kāng	
漯	85	水	14	luò	luò	river in northern Shandong
漰	85	水	14	pēng	pēng	roar
漱	85	水	14	shù	shù	gargle
漲	85	水	14	zhǎng	zhǎng/zhàng	rise in price
漳	85	水	14	zhāng	zhāng	name of a river in Henan
漴	85	水	14	chóng	chóng/shuāng	
漵	85	水	14	xù	xù	river in Húnán
漶	85	水	14	huàn	huàn	indecipherable
漷	85	水	13	huǒ	huǒ	river in Hebei province
漸	85	水	14	jiàn	jiàn	gradually
漹	85	水	14	yān	yān	
漺	85	水	14	shuǎng	shuǎng	
漻	85	水	14	liáo	liáo	
漼	85	水	14	cuǐ	cuǐ	having the appearance of depth
漽	85	水	15	tí	tí	
漾	85	水	14	yàng	yàng	overflow
漿	85	水	15	jiāng	jiāng	any thick fluid
潀	85	水	14	cóng	cóng	gather
潁	85	水	15	yǐng	yǐng	river in Anhui
潂	85	水	14	hóng	hóng	
潃	85	水	13	xiǔ	xiǔ	
潄	85	水	14	shù	shù	
潅	85	水	14	guàn	guàn	pour
潆	85	水	14	yíng	yíng	tiny stream
潇	85	水	14	xiāo	xiāo	sound of beating wind and rain
潈	85	水	14	zōng	zōng	confluence of a small river with a large one
潉	85	水	14	kūn	kūn	
潊	85	水	14	xù	xù	
潋	85	水	14	liàn	liàn	waves
潌	85	水	14	zhì	zhì	
潍	85	水	14	wéi	wéi	county in Shandong province
潎	85	水	14	pì	pì	rippling
潏	85	水	15	yù	yù	reclaimed land
潐	85	水	15	jiào	jiào	
潑	85	水	15	pō	pō	pour
潒	85	水	14	dàng	dàng	
潓	85	水	15	huì	huì	
潔	85	水	15	jié	jié	clean
潕	85	水	15	wǔ	wǔ	river in Hunan
潖	85	水	15	pá	pá	name of a place in Guangdong
潗	85	水	15	jí	jí	friendly
潘	85	水	15	pān	pān	surname
潙	85	水	15	wéi	wéi	river in Shanxi
潚	85	水	16	sù	sù	gay
潛	85	水	15	qián	qián	hide
潜	85	水	15	qián	qián	hide
潝	85	水	15	xī	xī	agree
潞	85	水	16	lù	lù	a county in Yunnan
潟	85	水	15	xì	xì	land impregnated with salt from the tide
潠	85	水	15	xùn	xùn	to blow out
潡	85	水	15	dùn	dùn	
潢	85	水	14	huáng	huáng	expanse of water
潣	85	水	15	mǐn	mǐn	to pollute
潤	85	水	15	rùn	rùn	soft
潥	85	水	15	sù	sù	
潦	85	水	15	liáo	liáo	to flood
潧	85	水	15	zhēn	zhēn	
潨	85	水	15	cóng	cóng	gather
潩	85	水	14	yì	yì	
潪	85	水	15	zhè	zhè	
潫	85	水	15	wān	wān	
潬	85	水	15	shàn	shàn	a rapid
潭	85	水	15	tán	tán	deep pool
潮	85	水	15	cháo	cháo	tide
潯	85	水	15	xún	xún	steep bank by stream
潰	85	水	15	kuì	kuì	flooding river
潱	85	水	15	yē	yē	
潲	85	水	15	shào	shào	driving rain
潳	85	水	14	tú	tú	
潴	85	水	14	zhū	zhū	pond
潵	85	水	15	sǎ	sǎ	a place in Hebei
潶	85	水	15	hēi	hēi	
潷	85	水	15	bì	bì	drain
潸	85	水	15	shān	shān	weep
潹	85	水	15	chán	chán	
潺	85	水	15	chán	chán	sound of flowing water
潻	85	水	15	shǔ	shǔ	
潼	85	水	15	tóng	tóng	high
潽	85	水	15	pū	pū	
潾	85	水	15	lín	lín	clear water
潿	85	水	15	wéi	wéi	still water
澀	85	水	17	sè	sè	astringent
澁	85	水	15	sè	sè	astringent
澂	85	水	15	chéng	chéng	clear and still water
澃	85	水	16	jiǒng	jiǒng	
澄	85	水	15	chéng	chéng/dèng	purify water by allowing sediment to settle
澅	85	水	15	huà	huà	
澆	85	水	15	jiāo	jiāo	spray
澇	85	水	15	lào	lào	inundate
澈	85	水	15	chè	chè	thoroughly
澉	85	水	14	gǎn	gǎn	to wash name of a place
澊	85	水	15	cūn	cūn	
澋	85	水	15	hòng	hòng	
澌	85	水	15	sī	sī	to exhaust
澍	85	水	15	shù	shù	timely rain
澎	85	水	15	péng	péng	splatter
澏	85	水	15	hán	hán	
澐	85	水	15	yún	yún	billows
澑	85	水	15	liù	liù	slide
澒	85	水	15	hòng	hòng	vast
澓	85	水	15	fú	fú	
澔	85	水	15	hào	hào	radiance of gems
澕	85	水	13	hé	hé	
澖	85	水	15	xián	xián	
澗	85	水	15	jiàn	jiàn	brook
澘	85	水	15	shān	shān	
澙	85	水	15	xì	xì	
澚	85	水	14	ào	ào	
澛	85	水	15	lǔ	lǔ	
澜	85	水	15	lán	lán	overflowing
澝	85	水	15	nìng	nìng	mud
澞	85	水	16	yú	yú	
澟	85	水	16	lǐn	lǐn	
澠	85	水	16	miǎn	miǎn/shéng	name of a river in Shandong
澡	85	水	16	zǎo	zǎo	wash
澢	85	水	16	dāng	dāng	
澣	85	水	16	huàn	huàn	cleanse
澤	85	水	16	zé	zé	marsh
澥	85	水	16	xiè	xiè	a blocked stream
澦	85	水	16	yù	yù	place in Sichuan
澧	85	水	16	lǐ	lǐ	river in northern Hunan province
澨	85	水	16	shì	shì	shore
澩	85	水	17	xué	xué	
澪	85	水	16	líng	líng	
澫	85	水	15	wàn	wàn	
澬	85	水	16	zī	zī	
澭	85	水	16	yōng	yōng	
澮	85	水	16	huì	huì/kuài	irrigation ditch
澯	85	水	16	càn	càn	
澰	85	水	16	liàn	liàn	overflowing
澱	85	水	16	diàn	diàn	sediment
澲	85	水	16	yè	yè	
澳	85	水	15	ào	ào	inlet
澴	85	水	16	huán	huán	river in Hubei province
澵	85	水	16	zhēn	zhēn	
澶	85	水	16	chán	chán	still water
澷	85	水	16	màn	màn	water overflowing diffused
澸	85	水	16	dǎn	dǎn	
澹	85	水	16	dàn	dàn/tán	calm
澺	85	水	16	yì	yì	
澻	85	水	15	suì	suì	
澼	85	水	16	pì	pì	bleach
澽	85	水	16	jù	jù	a river in Shaanxi
澾	85	水	15	tà	tà	slippery
澿	85	水	16	qín	qín	
激	85	水	16	jī	jī	arouse
濁	85	水	16	zhuó	zhuó	muddy
濂	85	水	16	lián	lián	a waterfall
濃	85	水	16	nóng	nóng	thick
濄	85	水	14	guō	guō	(simplified form of 濄) (same as 渦) name of a river
濅	85	水	16	jìn	jìn	
濆	85	水	15	fén	fén	river bank
濇	85	水	16	sè	sè	astringent
濈	85	水	15	jí	jí	many
濉	85	水	16	suī	suī	a river in Anui
濊	85	水	16	huì	huì	vast
濋	85	水	16	chǔ	chǔ	
濌	85	水	17	tà	tà	
濍	85	水	15	sōng	sōng	
濎	85	水	15	dǐng	dǐng	
濏	85	水	16	sè	sè	
濐	85	水	15	zhǔ	zhǔ	
濑	85	水	16	lài	lài	swift current
濒	85	水	16	bīn	bīn	approach
濓	85	水	16	lián	lián	
濔	85	水	17	mǐ	mǐ	many
濕	85	水	17	shī	shī	wet
濖	85	水	16	shù	shù	
濗	85	水	16	mì	mì	
濘	85	水	17	nìng	nìng	mud
濙	85	水	17	yíng	yíng	to revolve
濚	85	水	17	yíng	yíng	a stream
濛	85	水	16	méng	méng	drizzling
濜	85	水	17	jìn	jìn	river in Hubei province
濝	85	水	17	qí	qí	
濞	85	水	17	bì	bì	a county in Yunnan
濟	85	水	17	jì	jǐ/jì	to help
濠	85	水	17	háo	háo	moat
濡	85	水	17	rú	rú	immerse
濢	85	水	17	cuì	cuì	
濣	85	水	17	wò	wò	
濤	85	水	17	tāo	tāo	large waves
濥	85	水	17	yǐn	yǐn	
濦	85	水	17	yǐn	yǐn	
濧	85	水	17	duì	duì	to soak or be soaked
濨	85	水	16	cí	cí	
濩	85	水	17	huò	huò	pour down
濪	85	水	17	qìng	qìng	
濫	85	水	17	làn	làn	flood
濬	85	水	17	jùn	jùn/xùn	dredge
濭	85	水	16	ǎi	ǎi	
濮	85	水	17	pú	pú	county in Henan province
濯	85	水	17	zhuó	zhuó	wash out
濰	85	水	17	wéi	wéi	county in Shandong province
濱	85	水	17	bīn	bīn	beach
濲	85	水	17	gǔ	gǔ	
濳	85	水	19	qián	qián	hide
濴	85	水	17	yíng	yíng	
濵	85	水	17	bīn	bīn	a bank
濶	85	水	17	kuò	kuò	broad
濷	85	水	18	fèi	fèi	
濸	85	水	16	cāng	cāng	
濹	85	水	17	mè	mè	
濺	85	水	18	jiàn	jiàn	sprinkle
濻	85	水	17	wěi	wěi	
濼	85	水	18	luò	luò	river in Shandong province
濽	85	水	18	zàn	zàn	
濾	85	水	18	lǜ	lǜ	strain out
濿	85	水	17	lì	lì	cross on stepping-stones
瀀	85	水	18	yōu	yōu	
瀁	85	水	17	yàng	yàng	waves
瀂	85	水	18	lǔ	lǔ	
瀃	85	水	18	sì	sì	
瀄	85	水	16	zhì	zhì	(Cant.) to squeeze
瀅	85	水	18	yíng	yíng	clear
瀆	85	水	18	dú	dú	ditch
瀇	85	水	17	wǎng	wǎng	extensive body of water
瀈	85	水	18	huī	huī	
瀉	85	水	18	xiè	xiè	drain off
瀊	85	水	18	pán	pán	
瀋	85	水	18	shěn	shěn	juice
瀌	85	水	18	biāo	biāo	plenty
瀍	85	水	18	chán	chán	river in Henan province
瀎	85	水	17	mò	mò	
瀏	85	水	18	liú	liú	clear
瀐	85	水	18	jiān	jiān	
瀑	85	水	18	pù	bào/pù	waterfall
瀒	85	水	18	sè	sè	coarse
瀓	85	水	18	chéng	chéng	
瀔	85	水	18	gǔ	gǔ	river name in Henan province
瀕	85	水	19	bīn	bīn	approach
瀖	85	水	19	huò	huò	
瀗	85	水	19	xiàn	xiàn	
瀘	85	水	19	lú	lú	river in Jiangxi province
瀙	85	水	19	qìn	qìn	
瀚	85	水	19	hàn	hàn	vast
瀛	85	水	19	yíng	yíng	sea
瀜	85	水	19	róng	róng	
瀝	85	水	19	lì	lì	trickle
瀞	85	水	17	jìng	jìng	pool in a river
瀟	85	水	19	xiāo	xiāo	sound of beating wind and rain
瀠	85	水	19	yíng	yíng	tiny stream
瀡	85	水	17	suǐ	suǐ	slippery
瀢	85	水	18	wěi	wěi	
瀣	85	水	19	xiè	xiè	sea mist
瀤	85	水	19	huái	huái	
瀥	85	水	19	xuè	xuè	
瀦	85	水	18	zhū	zhū	pond
瀧	85	水	19	lóng	lóng/shuāng	raining
瀨	85	水	19	lài	lài	swift current
瀩	85	水	19	duì	duì	
瀪	85	水	20	fán	fán	
瀫	85	水	19	hú	hú	
瀬	85	水	19	lài	lài	swift current
瀭	85	水	19	shū	shū	
瀮	85	水	19	lián	lián	
瀯	85	水	19	yíng	yíng	
瀰	85	水	20	mí	mí	overflow
瀱	85	水	20	jì	jì	
瀲	85	水	20	liàn	liàn	waves
瀳	85	水	19	jiàn	jiàn	
瀴	85	水	20	yíng	yíng	
瀵	85	水	20	fèn	fèn	
瀶	85	水	20	lín	lín	
瀷	85	水	20	yì	yì	
瀸	85	水	20	jiān	jiān	moisten
瀹	85	水	20	yuè	yuè	to boil
瀺	85	水	20	chán	chán	sound
瀻	85	水	20	dài	dài	
瀼	85	水	20	ráng	ráng/ràng	river in Henan province
瀽	85	水	20	jiǎn	jiǎn	splash (water)
瀾	85	水	20	lán	lán	overflowing
瀿	85	水	20	fán	fán	
灀	85	水	20	shuàng	shuàng	
灁	85	水	20	yuān	yuān	
灂	85	水	20	zhuó	zhuó	
灃	85	水	21	fēng	fēng	river in Shanxi province
灄	85	水	21	shè	shè	river in Hubei province
灅	85	水	21	lěi	lěi	
灆	85	水	20	lán	lán	
灇	85	水	21	cóng	cóng	
灈	85	水	21	qú	qú	
灉	85	水	21	yōng	yōng	a river in Shandong province
灊	85	水	21	qián	qián	
灋	85	水	21	fǎ	fǎ	law
灌	85	水	20	guàn	guàn	pour
灍	85	水	21	jué	jué	
灎	85	水	26	yàn	yàn	movement of water
灏	85	水	21	hào	hào	vast
灐	85	水	21	yíng	yíng	
灑	85	水	22	sǎ	sǎ	sprinkle
灒	85	水	22	zàn	zàn	to spatter
灓	85	水	23	luán	luán	
灔	85	水	22	yàn	yàn	waves
灕	85	水	21	lí	lí	short name for Guangxi province
灖	85	水	22	mǐ	mǐ	
灗	85	水	22	shàn	shàn	
灘	85	水	22	tān	tān	bank
灙	85	水	23	dǎng	dǎng	
灚	85	水	23	jiǎo	jiǎo	
灛	85	水	23	chǎn	chǎn	
灜	85	水	23	yíng	yíng	
灝	85	水	24	hào	hào	vast
灞	85	水	24	bà	bà	river in Shanxi province
灟	85	水	24	zhú	zhú	
灠	85	水	24	lǎn	lǎn	marinate in salt
灡	85	水	23	lán	lán	
灢	85	水	25	nǎng	nǎng	muddy
灣	85	水	25	wān	wān	a bay
灤	85	水	26	luán	luán	river and county in Hebei province
灥	85	水	27	xún	xún	a group of springs
灦	85	水	26	xiǎn	xiǎn	
灧	85	水	27	yàn	yàn	overflowing
灨	85	水	27	gàn	gàn	the River Gan in Jiangxi
灩	85	水	31	yàn	yàn	overflowing
灪	85	水	32	yù	yù	
火	86	火	4	huǒ	huǒ	fire
灬	86	火	4	biāo	biāo	fire
灭	86	火	5	miè	miè	extinguish
灮	86	火	6	guāng	guāng	
灯	86	火	6	dēng	dēng	lantern
灰	86	火	6	huī	huī	ashes
灱	86	火	6	xiāo	xiāo	
灲	86	火	6	xiāo	xiāo	
灳	86	火	6	huī	huī	
灴	86	火	7	hōng	hōng	to bake
灵	86	火	7	líng	líng	spirit
灶	86	火	7	zào	zào	kitchen stove
灷	86	火	7	zhuàn	zhuàn	
灸	86	火	7	jiǔ	jiǔ	cauterize with moxa
灹	86	火	7	zhà	zhà	
灺	86	火	7	xiè	xiè	candle-end
灻	86	火	7	chì	chì	
灼	86	火	7	zhuó	zhuó	burn
災	86	火	7	zāi	zāi	calamity
灾	86	火	7	zāi	zāi	calamity
灿	86	火	7	càn	càn	vivid
炀	86	火	7	yáng	yáng	roast
炁	86	火	8	qì	qì	breath
炂	86	火	8	zhōng	zhōng	
炃	86	火	8	fén	fén	
炄	86	火	8	niǔ	niǔ	
炅	86	火	8	jiǒng	guì/jiǒng	brilliance
炆	86	火	8	wén	wén	(Cant.) to simmer
炇	86	火	8	pū	pū	
炈	86	火	8	yì	yì	
炉	86	火	8	lú	lú	fireplace
炊	86	火	8	chuī	chuī	cook
炋	86	火	8	pī	pī	
炌	86	火	8	kài	kài	
炍	86	火	8	pàn	pàn	
炎	86	火	8	yán	yán	flame
炏	86	火	8	kài	kài	
炐	86	火	8	pàng	pàng	
炑	86	火	8	mù	mù	
炒	86	火	8	chǎo	chǎo	fry
炓	86	火	8	liào	liào	
炔	86	火	8	quē	quē	an alkyne (e.g.
炕	86	火	8	kàng	kàng	the brick-bed in northern China
炖	86	火	8	dùn	dùn	heat with fire
炗	86	火	8	guāng	guāng	
炘	86	火	8	xīn	xīn	brilliant
炙	86	火	8	zhì	zhì	roast
炚	86	火	8	guāng	guāng	
炛	86	火	8	guāng	guāng	
炜	86	火	8	wěi	wěi	brilliant red
炝	86	火	8	qiàng	qiàng	stir-fry or boil in water or oil then cook with a sauce
炞	86	火	8	biān	biān	
炟	86	火	9	dá	dá	
炠	86	火	9	xiá	xiá	(Cant.) to cook in boiling water
炡	86	火	9	zhēng	zhēng	
炢	86	火	9	zhú	zhú	
炣	86	火	9	kě	kě	
炤	86	火	9	zhào	zhào	illumine
炥	86	火	9	fú	fú	
炦	86	火	9	bá	bá	
炧	86	火	9	xiè	xiè	ashes
炨	86	火	9	xiè	xiè	
炩	86	火	9	lìng	lìng	
炪	86	火	9	zhuō	zhuō	
炫	86	火	9	xuàn	xuàn	shine
炬	86	火	8	jù	jù	torch
炭	86	火	9	tàn	tàn	charcoal
炮	86	火	9	pào	bāo/páo/pào	large gun
炯	86	火	9	jiǒng	jiǒng	bright
炰	86	火	9	páo	páo	roast
炱	86	火	9	tái	tái	soot
炲	86	火	9	tái	tái	
炳	86	火	9	bǐng	bǐng	bright
炴	86	火	9	yǎng	yǎng	
炵	86	火	9	tōng	tōng	
炶	86	火	9	shǎn	shǎn	
炷	86	火	9	zhù	zhù	candle wick
炸	86	火	9	zhà	zhá/zhà	to fry in oil
点	86	火	9	diǎn	diǎn	dot
為	86	火	9	wèi	wéi/wèi	do
炻	86	火	9	shí	shí	a kind of china
炼	86	火	9	liàn	liàn	smelt
炽	86	火	9	chì	chì	burning-hot
炾	86	火	9	huǎng	huǎng	
炿	86	火	9	zhōu	zhōu	
烀	86	火	9	hū	hū	simmer
烁	86	火	9	shuò	shuò	shine
烂	86	火	9	làn	làn	rotten
烃	86	火	9	tīng	tīng	hydrocarbon
烄	86	火	10	jiǎo	jiǎo	
烅	86	火	10	xù	xù	
烆	86	火	10	héng	héng	
烇	86	火	10	quǎn	quǎn	
烈	86	火	10	liè	liè	fiery
烉	86	火	10	huàn	huàn	shining
烊	86	火	10	yáng	yáng/yàng	to smelt
烋	86	火	10	xiū	xiū	boast
烌	86	火	10	xiū	xiū	
烍	86	火	10	xiǎn	xiǎn	
烎	86	火	8	yín	yín	
烏	86	火	10	wū	wū/wù	crow
烐	86	火	10	zhōu	zhōu	
烑	86	火	10	yáo	yáo	
烒	86	火	10	shì	shì	
烓	86	火	10	wēi	wēi	stove
烔	86	火	10	tóng	tóng	heat
烕	86	火	10	miè	miè	to destroy
烖	86	火	10	zāi	zāi	calamities from Heaven
烗	86	火	10	kài	kài	
烘	86	火	10	hōng	hōng	bake
烙	86	火	10	lào	lào/luò	brand
烚	86	火	10	xiá	xiá	(Cant.) hot
烛	86	火	10	zhú	zhú	candle
烜	86	火	10	xuǎn	xuǎn	light of the sun
烝	86	火	10	zhēng	zhēng	rise
烞	86	火	10	pò	pò	
烟	86	火	10	yān	yān	smoke
烠	86	火	10	huí	huí	
烡	86	火	10	guāng	guāng	
烢	86	火	10	chè	chè	
烣	86	火	10	huī	huī	
烤	86	火	10	kǎo	kǎo	bake
烥	86	火	10	jù	jù	
烦	86	火	10	fán	fán	bother
烧	86	火	10	shāo	shāo	burn
烨	86	火	10	yè	yè	bright
烩	86	火	10	huì	huì	ragout
烫	86	火	10	tàng	tàng	scald
烬	86	火	10	jìn	jìn	cinders
热	86	火	10	rè	rè	hot
烮	86	火	10	liè	liè	
烯	86	火	11	xī	xī	alkene
烰	86	火	11	fú	fú	
烱	86	火	11	jiǒng	jiǒng	bright
烲	86	火	11	xiè	xiè	
烳	86	火	11	pǔ	pǔ	
烴	86	火	11	tīng	tīng	hydrocarbon
烵	86	火	10	zhuó	zhuó	
烶	86	火	10	tǐng	tǐng	
烷	86	火	11	wán	wán	alkane
烸	86	火	11	hǎi	hǎi	
烹	86	火	11	pēng	pēng	boil
烺	86	火	11	lǎng	lǎng	(said of fire) bright
烻	86	火	10	yàn	shān/yàn	
烼	86	火	11	xù	xù	
烽	86	火	11	fēng	fēng	signal fire
烾	86	火	11	chì	chì	
烿	86	火	11	róng	róng	
焀	86	火	11	hú	hú	
焁	86	火	11	xī	xī	
焂	86	火	11	shū	shū	
焃	86	火	11	hè	hè	
焄	86	火	11	xūn	xūn	rising flames or fumes
焅	86	火	11	kù	kù	(Cant.) to roast
焆	86	火	11	juān	juān	
焇	86	火	11	xiāo	xiāo	
焈	86	火	11	xī	xī	
焉	86	火	11	yān	yān	thereupon
焊	86	火	11	hàn	hàn	weld
焋	86	火	11	zhuàng	zhuàng	
焌	86	火	11	jùn	jùn/qū	to light
焍	86	火	11	dì	dì	
焎	86	火	11	xiè	xiè	
焏	86	火	11	jí	jí	
焐	86	火	11	wù	wù	to warm something cold by touching it with something hot
焑	86	火	11	yān	yān	
焒	86	火	10	lǚ	lǚ	
焓	86	火	11	hán	hán	(Cant.) onomatopoetic
焔	86	火	11	yàn	yàn	flame
焕	86	火	11	huàn	huàn	shining
焖	86	火	11	mèn	mèn	simmer
焗	86	火	11	jú	jú	(Cant.) to roast
焘	86	火	11	tāo	tāo	shine
焙	86	火	12	bèi	bèi	dry over slow fire
焚	86	火	12	fén	fén	burn
焛	86	火	12	lìn	lìn	
焜	86	火	12	kūn	kūn	fire
焝	86	火	12	hùn	hùn	
焞	86	火	12	tūn	tūn	dim
焟	86	火	12	xī	xī	
焠	86	火	12	cuì	cuì	temper
無	86	火	12	wú	mó/wú	negative
焢	86	火	12	hōng	hōng	
焣	86	火	12	chǎo	chǎo	
焤	86	火	12	fǔ	fǔ	
焥	86	火	12	wò	wò	
焦	86	火	12	jiāo	jiāo	burned
焧	86	火	12	cōng	cōng	
焨	86	火	12	fèng	fèng	
焩	86	火	12	píng	píng	
焪	86	火	12	qióng	qióng	
焫	86	火	11	ruò	ruò	(Cant.) hot
焬	86	火	12	xī	xī	
焭	86	火	12	qióng	qióng	orphan
焮	86	火	12	xìn	xìn	heat
焯	86	火	12	chāo	chāo	boil vegetables for a very short time
焰	86	火	12	yàn	yàn	flame
焱	86	火	12	yàn	yàn	flames
焲	86	火	12	yì	yì	
焳	86	火	12	jué	jué	
焴	86	火	12	yù	yù	bright
焵	86	火	12	gàng	gàng	to temper steel
然	86	火	12	rán	rán	yes
焷	86	火	12	pí	pí	
焸	86	火	12	xiòng	xiòng	
焹	86	火	12	gàng	gàng	
焺	86	火	12	shēng	shēng	
焻	86	火	12	chàng	chàng	breath
焼	86	火	12	shāo	shāo	burn
焽	86	火	12	xiǒng	xiǒng	
焾	86	火	12	niǎn	niǎn	(Cant.) soft
焿	86	火	12	gēng	gēng	name of a place in northeastern Taiwan
煀	86	火	12	qū	qū	(Cant.) to smoke
煁	86	火	13	chén	chén	hearth
煂	86	火	13	hè	hè	
煃	86	火	13	kuǐ	kuǐ	remove
煄	86	火	13	zhǒng	zhǒng	
煅	86	火	13	duàn	duàn	forge metal
煆	86	火	13	xiā	xiā	raging fire
煇	86	火	13	huī	huī	weld
煈	86	火	13	fèng	fèng	
煉	86	火	13	liàn	liàn	smelt
煊	86	火	13	xuān	xuān	warm
煋	86	火	13	xīng	xīng	
煌	86	火	13	huáng	huáng	bright
煍	86	火	13	jiǎo	jiǎo	to color by smoke
煎	86	火	13	jiān	jiān	fry in fat or oil
煏	86	火	13	bì	bì	dry by fire
煐	86	火	12	yīng	yīng	
煑	86	火	12	zhǔ	zhǔ	cook
煒	86	火	13	wěi	wěi	brilliant red
煓	86	火	13	tuān	tuān	
煔	86	火	13	shǎn	shǎn	
煕	86	火	14	xī	xī	bright
煖	86	火	13	nuǎn	nuǎn/xuān	warm
煗	86	火	13	nuǎn	nuǎn	warm
煘	86	火	13	chán	chán	
煙	86	火	13	yān	yān	smoke
煚	86	火	12	jiǒng	jiǒng	fire
煛	86	火	14	jiǒng	jiǒng	
煜	86	火	13	yù	yù	bright
煝	86	火	13	mèi	mèi	twisted paper for lighting cigarettes
煞	86	火	13	shā	shā/shà	malignant deity
煟	86	火	13	wèi	wèi	bright room
煠	86	火	13	zhá	zhá	to fry in fat or oil. to scald
煡	86	火	12	jìn	jìn	
煢	86	火	13	qióng	qióng	alone
煣	86	火	13	róu	róu	to use a fire to bend wood
煤	86	火	13	méi	méi	coal
煥	86	火	13	huàn	huàn	shining
煦	86	火	13	xù	xù	kind
照	86	火	13	zhào	zhào	shine
煨	86	火	13	wēi	wēi	to stew
煩	86	火	13	fán	fán	bother
煪	86	火	13	qiú	qiú	
煫	86	火	13	suì	suì	
煬	86	火	13	yáng	yáng	roast
煭	86	火	13	liè	liè	
煮	86	火	12	zhǔ	zhǔ	cook
煯	86	火	13	jiē	jiē	
煰	86	火	13	zào	zào	
煱	86	火	12	guā	guā	(Cant.) 火煱
煲	86	火	13	bāo	bāo	to heat
煳	86	火	13	hú	hú	be burned
煴	86	火	13	yūn	yūn	sultriness
煵	86	火	13	nǎn	nǎn	
煶	86	火	13	shì	shì	
煷	86	火	13	huǒ	huǒ	
煸	86	火	13	biān	biān	to stir-fry before broiling or stewing
煹	86	火	14	gòu	gòu	
煺	86	火	13	tuì	tuì	to scald meat in order to remove hair or feathers
煻	86	火	14	táng	táng	to warm
煼	86	火	14	chǎo	chǎo	to fry
煽	86	火	14	shān	shān	stir up
煾	86	火	14	ēn	ēn	
煿	86	火	14	bó	bó	
熀	86	火	14	huǎng	huǎng	the blaze of fire
熁	86	火	14	xié	xié	
熂	86	火	14	xì	xì	
熃	86	火	14	wù	wù	
熄	86	火	14	xī	xī	put out
熅	86	火	14	yùn	yùn	smooth out
熆	86	火	14	hé	hé	
熇	86	火	14	hè	hè	bake
熈	86	火	14	xī	xī	bright
熉	86	火	14	yún	yún	yellow color
熊	86	火	14	xióng	xióng	a bear
熋	86	火	14	nái	nái	
熌	86	火	14	shǎn	shǎn	
熍	86	火	13	qióng	qióng	
熎	86	火	14	yào	yào	
熏	86	火	14	xūn	xūn	smoke
熐	86	火	14	mì	mì	
熑	86	火	14	lián	lián	
熒	86	火	14	yíng	yíng	shine
熓	86	火	14	wǔ	wǔ	to bank a fire
熔	86	火	14	róng	róng	melt
熕	86	火	14	gōng	gōng	
熖	86	火	14	yàn	yàn	(same as 燄) flame
熗	86	火	14	qiàng	qiàng	stir-fry or boil in water or oil then cook with a sauce
熘	86	火	14	liū	liū	to steam
熙	86	火	14	xī	xī	bright
熚	86	火	14	bì	bì	
熛	86	火	15	biāo	biāo	blaze
熜	86	火	15	cōng	cōng	
熝	86	火	15	lù	lù	(Cant.) to scald with steam
熞	86	火	15	jiān	jiān	
熟	86	火	15	shú	shóu/shú	well-cooked
熠	86	火	15	yì	yì	bright and sparkling
熡	86	火	15	lóu	lóu	
熢	86	火	14	péng	péng	
熣	86	火	15	suī	suī	
熤	86	火	15	yì	yì	
熥	86	火	14	tēng	tēng	heat up by steaming
熦	86	火	15	jué	jué	
熧	86	火	15	zōng	zōng	
熨	86	火	15	yùn	yù/yùn	iron
熩	86	火	15	hù	hù	
熪	86	火	15	yí	yí	
熫	86	火	15	zhì	zhì	
熬	86	火	14	áo	āo/áo	cook down
熭	86	火	15	wèi	wèi	
熮	86	火	15	liǔ	liǔ	
熯	86	火	15	hàn	hàn	by fire
熰	86	火	15	ōu	ōu	great drought
熱	86	火	15	rè	rè	hot
熲	86	火	15	jiǒng	jiǒng	bright
熳	86	火	15	màn	màn	confused
熴	86	火	15	kūn	kūn	
熵	86	火	15	shāng	shāng	entropy
熶	86	火	16	cuàn	cuàn	
熷	86	火	16	zēng	zēng	
熸	86	火	16	jiān	jiān	put out
熹	86	火	16	xī	xī	dim light
熺	86	火	16	xī	xī	dim light
熻	86	火	16	xī	xī	to heat
熼	86	火	15	yì	yì	
熽	86	火	17	xiào	xiào	
熾	86	火	16	chì	chì	burning-hot
熿	86	火	15	huáng	huáng	
燀	86	火	16	chǎn	chǎn	to make a fire
燁	86	火	14	yè	yè	bright
燂	86	火	16	tán	tán	smoke
燃	86	火	16	rán	rán	burn
燄	86	火	16	yàn	yàn	flame
燅	86	火	16	xún	xún	
燆	86	火	16	qiāo	qiāo	
燇	86	火	16	jùn	jùn	
燈	86	火	16	dēng	dēng	lantern
燉	86	火	16	dùn	dùn	heat with fire
燊	86	火	16	shēn	shēn	luxuriant
燋	86	火	16	jiāo	jiāo	scorch
燌	86	火	16	fén	fén	
燍	86	火	16	sī	sī	
燎	86	火	16	liáo	liáo/liǎo	to burn
燏	86	火	16	yù	yù	blaze
燐	86	火	16	lín	lín	phosphorus (element 15
燑	86	火	16	tóng	tóng	
燒	86	火	16	shāo	shāo	burn
燓	86	火	16	fén	fén	
燔	86	火	16	fán	fán	to roast
燕	86	火	16	yàn	yān/yàn	swallow (bird)
燖	86	火	16	xún	xún	reheat food
燗	86	火	16	làn	làn	warming sake
燘	86	火	16	měi	měi	(Cant.) to suck or chew without using the teeth
燙	86	火	16	tàng	tàng	scald
燚	86	火	16	yì	yì	used in people's names
燛	86	火	16	jiǒng	jiǒng	
燜	86	火	16	mèn	mèn	simmer
燝	86	火	16	zhǔ	zhǔ	
燞	86	火	16	jiǎo	jiǎo	
營	86	火	17	yíng	yíng	encampment
燠	86	火	16	yù	yù	warm
燡	86	火	17	yì	yì	bright
燢	86	火	17	xué	xué	
燣	86	火	17	lán	lán	disappointed
燤	86	火	16	tài	tài	
燥	86	火	17	zào	zào	dry
燦	86	火	17	càn	càn	vivid
燧	86	火	16	suì	suì	flintstone
燨	86	火	17	xī	xī	
燩	86	火	17	què	què	
燪	86	火	16	zǒng	zǒng	
燫	86	火	17	lián	lián	
燬	86	火	17	huǐ	huǐ	burn down
燭	86	火	17	zhú	zhú	candle
燮	86	火	17	xiè	xiè	harmonize
燯	86	火	17	líng	líng	
燰	86	火	17	wēi	wēi	
燱	86	火	17	yì	yì	
燲	86	火	17	xié	xié	
燳	86	火	17	zhào	zhào	
燴	86	火	17	huì	huì	ragout
燵	86	火	16	dá	dá	a foot-warmer
燶	86	火	17	nóng	nóng	(Cant.) to scorch
燷	86	火	17	lán	lán	disappointed
燸	86	火	18	rú	rú	
燹	86	火	18	xiǎn	xiǎn	fire
燺	86	火	18	hè	hè	the dry at the fire to roast
燻	86	火	18	xūn	xūn	smoke
燼	86	火	18	jìn	jìn	cinders
燽	86	火	18	chóu	chóu	
燾	86	火	18	dào	dào/tāo	shine
燿	86	火	18	yào	yào	shine
爀	86	火	18	hè	hè	
爁	86	火	18	làn	làn	
爂	86	火	19	biāo	biāo	
爃	86	火	18	róng	róng	
爄	86	火	18	lì	lì	
爅	86	火	19	mò	mò	
爆	86	火	19	bào	bào	crackle
爇	86	火	19	ruò	ruò	burn
爈	86	火	19	lǜ	lǜ	
爉	86	火	19	là	là	
爊	86	火	19	āo	āo	to stew
爋	86	火	20	xūn	xūn	
爌	86	火	18	kuàng	kuàng	
爍	86	火	19	shuò	shuò	shine
爎	86	火	19	liáo	liáo	
爏	86	火	20	lì	lì	
爐	86	火	20	lú	lú	fireplace
爑	86	火	19	jué	jué	
爒	86	火	20	liǎo	liǎo	
爓	86	火	20	yàn	yàn	flame
爔	86	火	20	xī	xī	sunlight
爕	86	火	19	xiè	xiè	
爖	86	火	20	lóng	lóng	fire
爗	86	火	18	yè	yè	bright
爘	86	火	20	cān	cān	
爙	86	火	21	rǎng	rǎng	
爚	86	火	21	yuè	yuè	bright
爛	86	火	21	làn	làn	rotten
爜	86	火	22	cóng	cóng	
爝	86	火	21	jué	jué	torch
爞	86	火	22	chóng	chóng	
爟	86	火	21	guàn	guàn	fire
爠	86	火	22	qú	qú	
爡	86	火	22	chè	chè	
爢	86	火	23	mí	mí	
爣	86	火	24	tǎng	tǎng	
爤	86	火	24	làn	làn	
爥	86	火	25	zhú	zhú	simmer
爦	86	火	25	lǎn	lǎn	
爧	86	火	28	líng	líng	
爨	86	火	30	cuàn	cuàn	oven
爩	86	火	33	yù	yù	(Cant.) to smoke
爪	87	爪	4	zhǎo	zhǎo/zhuǎ	claw
爫	87	爪	4	zhǎo	zhǎo	radical 87
爬	87	爪	8	pá	pá	crawl
爭	87	爪	8	zhēng	zhēng	to dispute
爮	87	爪	9	páo	páo	
爯	87	爪	9	chēng	chēng	
爰	87	爪	9	yuán	yuán	lead on to
爱	87	爪	10	ài	ài	love
爲	87	爪	12	wèi	wéi/wèi	do
爳	87	爪	14	han	han	
爴	87	爪	15	jué	jué	
爵	87	爪	17	jué	jué	feudal title or rank
父	88	父	4	fù	fù	father
爷	88	父	6	yé	yé	father
爸	88	父	8	bà	bà	father
爹	88	父	10	diē	diē	father
爺	88	父	13	yé	yé	father
爻	89	爻	4	yáo	yáo	diagrams for divination
爼	89	爻	9	zǔ	zǔ	a small table or tiered stand filled with meat offerings
爽	89	爻	11	shuǎng	shuǎng	happy
爾	89	爻	14	ěr	ěr	you
爿	90	爿	4	pán	pán	half of tree trunk
牀	90	爿	8	chuáng	chuáng	bed
牁	90	爿	9	kē	kē	mooring stake
牂	90	爿	10	zāng	zāng	female sheep
牃	90	爿	13	dié	dié	
牄	90	爿	14	qiāng	qiāng	to walk rapidly
牅	90	爿	15	yōng	yōng	
牆	90	爿	17	qiáng	qiáng	wall
片	91	片	4	piàn	piān/piàn	slice
版	91	片	8	bǎn	bǎn	printing blocks
牉	91	片	9	pàn	pàn	to split something into two
牊	91	片	9	cháo	cháo	
牋	91	片	12	jiān	jiān	memorandum
牌	91	片	12	pái	pái	signboard
牍	91	片	12	dú	dú	writing tablet
牎	91	片	13	chuāng	chuāng	window
牏	91	片	13	yú	yú	privy hole
牐	91	片	13	zhá	zhá	sluice
牑	91	片	13	biān	biān	
牒	91	片	13	dié	dié	documents
牓	91	片	14	bǎng	bǎng	tablet
牔	91	片	14	bó	bó	gable
牕	91	片	15	chuāng	chuāng	window
牖	91	片	15	yǒu	yǒu	window
牗	91	片	15	yǒu	yǒu	
牘	91	片	19	dú	dú	writing tablet
牙	92	牙	4	yá	yá	tooth
牚	92	牙	12	chèng	chèng	
牛	93	牛	4	niú	niú	cow
牜	93	牛	4	niú	niú	an ox
牝	93	牛	6	pìn	pìn	female of species
牞	93	牛	6	jiū	jiū	
牟	93	牛	6	móu	móu/mù	make
牠	93	牛	7	tā	tā	it
牡	93	牛	7	mǔ	mǔ	male of animals
牢	93	牛	7	láo	láo	prison
牣	93	牛	7	rèn	rèn	fill
牤	93	牛	7	māng	māng	a bull
牥	93	牛	8	fāng	fāng	
牦	93	牛	8	máo	máo	tail
牧	93	牛	8	mù	mù	tend cattle
牨	93	牛	8	gāng	gāng	
物	93	牛	8	wù	wù	thing
牪	93	牛	8	yàn	yàn	
牫	93	牛	8	gē	gē	
牬	93	牛	8	bèi	bèi	
牭	93	牛	9	sì	sì	
牮	93	牛	9	jiàn	jiàn	a prop
牯	93	牛	9	gǔ	gǔ	cow
牰	93	牛	9	yòu	yòu	
牱	93	牛	9	gē	gē	
牲	93	牛	9	shēng	shēng	sacrificial animal
牳	93	牛	9	mǔ	mǔ	
牴	93	牛	9	dǐ	dǐ	gore
牵	93	牛	9	qiān	qiān	drag
牶	93	牛	10	quàn	quàn	a nose-ring for an animal
牷	93	牛	10	quán	quán	cow or ox of one color
牸	93	牛	10	zì	zì	the female of certain animals
特	93	牛	10	tè	tè	special
牺	93	牛	10	xī	xī	sacrifice
牻	93	牛	11	máng	máng	cattle with a mixture of black and white hair
牼	93	牛	11	kēng	kēng	ox shank
牽	93	牛	11	qiān	qiān	drag
牾	93	牛	11	wǔ	wǔ	to oppose
牿	93	牛	11	gù	gù	shed
犀	93	牛	12	xī	xī	rhinoceros
犁	93	牛	11	lí	lí	plow
犂	93	牛	12	lí	lí	plow
犃	93	牛	12	pǒu	pǒu	
犄	93	牛	12	jī	jī	animal horns
犅	93	牛	12	gāng	gāng	
犆	93	牛	12	zhí	zhí	special
犇	93	牛	12	bēn	bēn	run fast
犈	93	牛	12	quán	quán	
犉	93	牛	12	chún	chún	an ox with yellow hair and black lips
犊	93	牛	12	dú	dú	calf
犋	93	牛	12	jù	jù	a unit of animal power
犌	93	牛	13	jiā	jiā	
犍	93	牛	12	jiān	jiān/qián	a bullock
犎	93	牛	13	fēng	fēng	the zebu
犏	93	牛	13	piān	piān	yak-ox
犐	93	牛	13	kē	kē	
犑	93	牛	13	jú	jú	
犒	93	牛	14	kào	kào	entertain victorious soldiers
犓	93	牛	14	chú	chú	
犔	93	牛	14	xì	xì	
犕	93	牛	14	bèi	bèi	
犖	93	牛	14	luò	luò	brindled ox
犗	93	牛	14	jiè	jiè	castrated bull
犘	93	牛	15	má	má	
犙	93	牛	15	sān	sān	
犚	93	牛	15	wèi	wèi	
犛	93	牛	15	máo	lí/máo	a black ox
犜	93	牛	16	dūn	dūn	
犝	93	牛	16	tóng	tóng	
犞	93	牛	16	qiáo	qiáo	
犟	93	牛	16	jiàng	jiàng	stubborn
犠	93	牛	17	xī	xī	sacrifice
犡	93	牛	18	lì	lì	
犢	93	牛	19	dú	dú	calf
犣	93	牛	19	liè	liè	
犤	93	牛	19	pái	pái	
犥	93	牛	19	piāo	piāo	
犦	93	牛	19	bó	bó	
犧	93	牛	20	xī	xī	sacrifice
犨	93	牛	20	chōu	chōu	panting of cow
犩	93	牛	21	wéi	wéi	
犪	93	牛	25	kuí	kuí	
犫	93	牛	27	chōu	chōu	protrude
犬	94	犬	4	quǎn	quǎn	dog
犭	94	犬	3	quǎn	quǎn	dog
犮	94	犬	5	bá	bá	to pull up
犯	94	犬	5	fàn	fàn	commit crime
犰	94	犬	5	qiú	qiú	armadillo
犱	94	犬	6	jǐ	jǐ	
犲	94	犬	6	chái	chái	wolf
犳	94	犬	6	zhuó	zhuó	
犴	94	犬	6	àn	àn/hān	a wild dog
犵	94	犬	6	gē	gē	resolute
状	94	犬	7	zhuàng	zhuàng	form
犷	94	犬	6	guǎng	guǎng	fierce
犸	94	犬	6	mǎ	mǎ	mammoth
犹	94	犬	7	yóu	yóu	like
犺	94	犬	7	kàng	kàng	animal
犻	94	犬	7	bó	bó	
犼	94	犬	7	hǒu	hǒu	a fierce Mongolian wolf dragon's head on roofs
犽	94	犬	7	yà	yà	
犾	94	犬	7	yín	yín	
犿	94	犬	7	huān	huān	
狀	94	犬	8	zhuàng	zhuàng	form
狁	94	犬	7	yǔn	yǔn	a tribe of Scythian nomads
狂	94	犬	7	kuáng	kuáng	insane
狃	94	犬	7	niǔ	niǔ	to covet
狄	94	犬	7	dí	dí	tribe from northern China
狅	94	犬	7	kuáng	kuáng	
狆	94	犬	7	zhòng	zhòng	Pekinese dog
狇	94	犬	7	mù	mù	
狈	94	犬	7	bèi	bèi	a legendary animal with short forelegs which rode a wolf
狉	94	犬	8	pī	pī	fox-cub
狊	94	犬	9	jú	jú	
狋	94	犬	8	yí	yí	
狌	94	犬	8	shēng	shēng	livestock
狍	94	犬	8	páo	páo	species of deer found in north China
狎	94	犬	8	xiá	xiá	be familiar with
狏	94	犬	8	tuó	tuó	
狐	94	犬	8	hú	hú	fox
狑	94	犬	8	líng	líng	
狒	94	犬	8	fèi	fèi	baboon
狓	94	犬	8	pí	pí	
狔	94	犬	8	nǐ	nǐ	
狕	94	犬	8	yǎo	yǎo	
狖	94	犬	8	yòu	yòu	a gibbon with a long tail and prominent nose
狗	94	犬	8	gǒu	gǒu	dog
狘	94	犬	8	xuè	xuè	jump
狙	94	犬	8	jū	jū	an ape
狚	94	犬	8	dàn	dàn	
狛	94	犬	8	bó	bó	lion-dog shrine guardians
狜	94	犬	8	kǔ	kǔ	mother cattle
狝	94	犬	8	xiǎn	xiǎn	hunt
狞	94	犬	8	níng	níng	ferocious appearance
狟	94	犬	9	huán	huán	
狠	94	犬	9	hěn	hěn	vicious
狡	94	犬	9	jiǎo	jiǎo	cunning
狢	94	犬	9	hé	hé	animal name
狣	94	犬	9	zhào	zhào	
狤	94	犬	9	jí	jí	
狥	94	犬	9	xùn	xùn	follow
狦	94	犬	9	shān	shān	
狧	94	犬	9	tà	tà	
狨	94	犬	9	róng	róng	monkey with gold-colored hair
狩	94	犬	9	shòu	shòu	winter hunting
狪	94	犬	9	tóng	tóng	
狫	94	犬	9	lǎo	lǎo	
独	94	犬	9	dú	dú	alone
狭	94	犬	9	xiá	xiá	narrow
狮	94	犬	9	shī	shī	lion
狯	94	犬	9	kuài	kuài	sly
狰	94	犬	9	zhēng	zhēng	fierce-looking
狱	94	犬	9	yù	yù	prison
狲	94	犬	9	sūn	sūn	monkey
狳	94	犬	10	yú	yú	armadillo
狴	94	犬	10	bì	bì	a kind of tapir
狵	94	犬	10	máng	máng	blend
狶	94	犬	10	xī	xī	
狷	94	犬	10	juàn	juàn	rash
狸	94	犬	10	lí	lí	fox
狹	94	犬	10	xiá	xiá	narrow
狺	94	犬	10	yín	yín	the snarling of dogs
狻	94	犬	10	suān	suān	a fabulous beast
狼	94	犬	10	láng	láng	wolf
狽	94	犬	10	bèi	bèi	a legendary animal with short forelegs which rode a wolf
狾	94	犬	10	zhì	zhì	
狿	94	犬	9	yán	yán	
猀	94	犬	10	shā	shā	
猁	94	犬	10	lì	lì	a kind of monkey
猂	94	犬	10	hàn	hàn	
猃	94	犬	10	xiǎn	xiǎn	dog
猄	94	犬	11	jīng	jīng	a kind of deer
猅	94	犬	11	pái	pái	
猆	94	犬	12	fēi	fēi	
猇	94	犬	11	xiāo	xiāo	the scream or roar of a tiger
猈	94	犬	11	bài	bài	
猉	94	犬	11	qí	qí	
猊	94	犬	11	ní	ní	lion
猋	94	犬	12	biāo	biāo	wind
猌	94	犬	12	yìn	yìn	
猍	94	犬	11	lái	lái	
猎	94	犬	11	liè	liè	hunt
猏	94	犬	11	jiān	jiān	
猐	94	犬	10	qiāng	qiāng	
猑	94	犬	11	kūn	kūn	
猒	94	犬	12	yàn	yàn	
猓	94	犬	11	guǒ	guǒ	monkey
猔	94	犬	11	zòng	zòng	name of an ancient tribe
猕	94	犬	11	mí	mí	macacus monkey
猖	94	犬	11	chāng	chāng	mad
猗	94	犬	11	yī	yī	exclamation of admiration
猘	94	犬	11	zhì	zhì	fierce dog
猙	94	犬	11	zhēng	zhēng	fierce-looking
猚	94	犬	11	yá	yá	
猛	94	犬	11	měng	měng	violent
猜	94	犬	11	cāi	cāi	guess
猝	94	犬	11	cù	cù	abruptly
猞	94	犬	11	shē	shē	a wild cat
猟	94	犬	11	liè	liè	hunt
猠	94	犬	11	diǎn	diǎn	
猡	94	犬	11	luó	luó	pig
猢	94	犬	12	hú	hú	a kind of monkey found in western China
猣	94	犬	12	zōng	zōng	
猤	94	犬	12	guì	guì	
猥	94	犬	12	wěi	wěi	vulgar
猦	94	犬	12	fēng	fēng	
猧	94	犬	11	wō	wō	
猨	94	犬	12	yuán	yuán	ape
猩	94	犬	12	xīng	xīng	species of orangutan
猪	94	犬	11	zhū	zhū	pig
猫	94	犬	11	māo	māo	cat
猬	94	犬	12	wèi	wèi	vulgar
猭	94	犬	12	chuān	chuān	
献	94	犬	13	xiàn	xiàn	offer
猯	94	犬	12	tuān	tuān	
猰	94	犬	12	yà	yà	a legendary man-eating animal
猱	94	犬	12	náo	náo	a monkey with yellow hair
猲	94	犬	12	xiē	xiē	smoke or flames from fire
猳	94	犬	12	jiā	jiā	
猴	94	犬	12	hóu	hóu	monkey
猵	94	犬	12	biān	biān	
猶	94	犬	12	yóu	yóu	like
猷	94	犬	13	yóu	yóu	plan
猸	94	犬	12	méi	méi	a ferret-badger (genus Melogale)
猹	94	犬	12	chá	chá	wild animal mentioned in short story by Lu Xun
猺	94	犬	13	yáo	yáo	jackal
猻	94	犬	13	sūn	sūn	monkey
猼	94	犬	13	bó	bó	
猽	94	犬	13	míng	míng	
猾	94	犬	12	huá	huá	crafty
猿	94	犬	13	yuán	yuán	ape
獀	94	犬	12	sōu	sōu	to gather
獁	94	犬	13	mà	mà	mammoth
獂	94	犬	13	yuán	yuán	
獃	94	犬	14	dāi	dāi	dull
獄	94	犬	14	yù	yù	prison
獅	94	犬	13	shī	shī	lion
獆	94	犬	13	háo	háo	
獇	94	犬	12	qiāng	qiāng	
獈	94	犬	13	yì	yì	
獉	94	犬	13	zhēn	zhēn	jungle
獊	94	犬	13	cāng	cāng	
獋	94	犬	15	háo	háo	roar
獌	94	犬	14	màn	màn	
獍	94	犬	14	jìng	jìng	a mythical animal that eats its mother when it is born
獎	94	犬	15	jiǎng	jiǎng	prize
獏	94	犬	13	mò	mò	the panther
獐	94	犬	14	zhāng	zhāng	roebuck
獑	94	犬	14	chán	chán	
獒	94	犬	14	áo	áo	mastiff
獓	94	犬	13	áo	áo	
獔	94	犬	14	háo	háo	
獕	94	犬	14	cuī	cuī	
獖	94	犬	15	bèn	bèn	
獗	94	犬	15	jué	jué	unruly
獘	94	犬	15	bì	bì	collapse
獙	94	犬	14	bì	bì	
獚	94	犬	14	huáng	huáng	
獛	94	犬	15	pú	pú	
獜	94	犬	15	lín	lín	
獝	94	犬	15	xù	xù	devil
獞	94	犬	15	tóng	tóng	name of a variety of dog
獟	94	犬	15	yào	yào	
獠	94	犬	15	liáo	liáo	to hunt at night by torches
獡	94	犬	14	shuò	shuò	
獢	94	犬	15	xiāo	xiāo	dog
獣	94	犬	16	shòu	shòu	beast
獤	94	犬	15	dūn	dūn	
獥	94	犬	16	jiào	jiào	
獦	94	犬	15	gé	gé	
獧	94	犬	16	juàn	juàn	rash
獨	94	犬	16	dú	dú	alone
獩	94	犬	16	huì	huì	
獪	94	犬	16	kuài	kuài	sly
獫	94	犬	16	xiǎn	xiǎn	dog
獬	94	犬	16	xiè	xiè	a fabulous monster
獭	94	犬	16	tǎ	tǎ	otter
獮	94	犬	17	xiǎn	xiǎn	hunt
獯	94	犬	17	xūn	xūn	a tribe of Scythians which invaded China during the Xia dynasty
獰	94	犬	17	níng	níng	ferocious appearance
獱	94	犬	17	biān	biān	a kind of otter
獲	94	犬	17	huò	huò	obtain
獳	94	犬	17	nòu	nòu	looking like a fierce dog
獴	94	犬	16	měng	měng	mongoose
獵	94	犬	18	liè	liè	hunt
獶	94	犬	18	nǎo	nǎo	
獷	94	犬	17	guǎng	guǎng	fierce
獸	94	犬	19	shòu	shòu	beast
獹	94	犬	19	lú	lú	a hound
獺	94	犬	19	tǎ	tǎ	otter
獻	94	犬	20	xiàn	xiàn	offer
獼	94	犬	20	mí	mí	macacus monkey
獽	94	犬	20	ráng	ráng	
獾	94	犬	20	huān	huān	the badger
獿	94	犬	22	nǎo	nǎo	
玀	94	犬	22	luó	luó	pig
玁	94	犬	22	xiǎn	xiǎn	a dog with a long snout or muzzle
玂	94	犬	22	qí	qí	
玃	94	犬	23	jué	jué	a large ape found in western China
玄	95	玄	5	xuán	xuán	deep
玅	95	玄	9	miào	miào	mysterious
玆	95	玄	10	zī	zī	now
率	95	玄	11	lǜ	lǜ/shuài	to lead
玈	95	玄	11	lú	lú	black
玉	96	玉	5	yù	yù	jade
玊	96	玉	5	sù	sù	
王	96	玉	4	wáng	wáng	king
玌	96	玉	5	qiú	qiú	
玍	96	玉	5	gǎ	gǎ	ill tempered
玎	96	玉	6	dīng	dīng	jingling
玏	96	玉	6	lè	lè	
玐	96	玉	6	bā	bā	
玑	96	玉	6	jī	jī	pearl that is not quite round
玒	96	玉	7	hóng	hóng	
玓	96	玉	7	dì	dì	pearly
玔	96	玉	7	chuàn	chuàn	green jade
玕	96	玉	7	gān	gān	inferior variety of gem
玖	96	玉	7	jiǔ	jiǔ	black-colored jade
玗	96	玉	7	yú	yú	a jade-like stone
玘	96	玉	7	qǐ	qǐ	court-dress jewels
玙	96	玉	7	yú	yú	beautiful jade
玚	96	玉	7	yáng	yáng	a kind of jade
玛	96	玉	7	mǎ	mǎ	agate
玜	96	玉	8	hóng	hóng	
玝	96	玉	8	wǔ	wǔ	
玞	96	玉	8	fū	fū	an inferior agate
玟	96	玉	8	wén	wén	streaks in jade
玠	96	玉	8	jiè	jiè	large jade tablet used by officials at court to indicate their ranks
玡	96	玉	8	yá	yá	name of a mountain in Shandong
玢	96	玉	8	bīn	bīn/fēn	(archaic) a kind of jade
玣	96	玉	8	biàn	biàn	
玤	96	玉	8	bàng	bàng	a kind of gem inferior to jade
玥	96	玉	8	yuè	yuè	mysterious gem
玦	96	玉	8	jué	jué	broken piece of jade
玧	96	玉	8	mén	mén	reddish
玨	96	玉	8	jué	jué	two pieces of jade joined together
玩	96	玉	8	wán	wán	play with
玪	96	玉	8	jiān	jiān	
玫	96	玉	8	méi	méi	rose
玬	96	玉	8	dǎn	dǎn	
玭	96	玉	8	pín	pín	a pearl
玮	96	玉	8	wěi	wěi	type of jade
环	96	玉	8	huán	huán	jade ring or bracelet
现	96	玉	8	xiàn	xiàn	appear
玱	96	玉	8	qiāng	qiāng	tinkling sound tinkling of pendant gems
玲	96	玉	9	líng	líng	tinkling of jade
玳	96	玉	9	dài	dài	tortoise shell
玴	96	玉	9	yì	yì	
玵	96	玉	9	án	án	
玶	96	玉	9	píng	píng	name of one kind of jade
玷	96	玉	9	diàn	diàn	flaw in gem
玸	96	玉	9	fú	fú	
玹	96	玉	9	xuán	xuán	jadelike precious stone
玺	96	玉	10	xǐ	xǐ	imperial signet
玻	96	玉	9	bō	bō	glass
玼	96	玉	10	cǐ	cǐ	beautiful color of gem
玽	96	玉	9	gǒu	gǒu	
玾	96	玉	9	jiǎ	jiǎ	
玿	96	玉	9	sháo	sháo	
珀	96	玉	9	pò	pò	amber
珁	96	玉	8	cí	cí	
珂	96	玉	9	kē	kē	inferior kind of jade
珃	96	玉	9	rǎn	rǎn	
珄	96	玉	9	shēng	shēng	
珅	96	玉	9	shēn	shēn	a kind of jade
珆	96	玉	9	yí	yí	
珇	96	玉	9	zǔ	zǔ	
珈	96	玉	9	jiā	jiā	an ornament attached to a woman's hairpin
珉	96	玉	9	mín	mín	stone resembling jade
珊	96	玉	9	shān	shān	coral
珋	96	玉	9	liǔ	liǔ	
珌	96	玉	9	bì	bì	ornament
珍	96	玉	9	zhēn	zhēn	precious
珎	96	玉	9	zhēn	zhēn	precious
珏	96	玉	9	jué	jué	two pieces of jade joined together
珐	96	玉	9	fà	fà	enamel
珑	96	玉	9	lóng	lóng	a gem cut like dragon
珒	96	玉	10	jīn	jīn	
珓	96	玉	10	jiào	jiào	two hemispherical objects used in divination
珔	96	玉	10	jiàn	jiàn	
珕	96	玉	10	lì	lì	
珖	96	玉	10	guāng	guāng	carat
珗	96	玉	10	xiān	xiān	
珘	96	玉	10	zhōu	zhōu	
珙	96	玉	10	gǒng	gǒng	precious stone
珚	96	玉	10	yān	yān	
珛	96	玉	10	xiù	xiù	
珜	96	玉	10	yáng	yáng	
珝	96	玉	10	xǔ	xǔ	
珞	96	玉	10	luò	luò	kind of necklace
珟	96	玉	10	sù	sù	
珠	96	玉	10	zhū	zhū	precious stone
珡	96	玉	10	qín	qín	(variant of 琴) guqin or zither
珢	96	玉	10	yín	yín	precious stone
珣	96	玉	10	xún	xún	name of a kind of jade
珤	96	玉	10	bǎo	bǎo	treasure
珥	96	玉	10	ěr	ěr	ear ornament
珦	96	玉	10	xiàng	xiàng	a kind of jade
珧	96	玉	10	yáo	yáo	mother-of-pearl
珨	96	玉	10	xiá	xiá	
珩	96	玉	10	héng	héng	the top gem of a pendant
珪	96	玉	10	guī	guī	a jade table conferred upon feudal princes by the emperor as a symbol of dignity and authority
珫	96	玉	10	chōng	chōng	
珬	96	玉	10	xù	xù	
班	96	玉	10	bān	bān	class
珮	96	玉	10	pèi	pèi	jade ornament
珯	96	玉	10	lǎo	lǎo	
珰	96	玉	10	dāng	dāng	pendant ornaments
珱	96	玉	10	yīng	yīng	a necklace made of precious stones
珲	96	玉	10	hún	hún	bright
珳	96	玉	11	wén	wén	
珴	96	玉	11	é	é	
珵	96	玉	11	chéng	chéng	
珶	96	玉	11	dì	dì	
珷	96	玉	12	wǔ	wǔ	an inferior gem
珸	96	玉	11	wú	wú	
珹	96	玉	10	chéng	chéng	type of jade
珺	96	玉	11	jùn	jùn	beautiful jade
珻	96	玉	11	méi	méi	
珼	96	玉	11	bèi	bèi	
珽	96	玉	10	tǐng	tǐng	jade tablet
現	96	玉	11	xiàn	xiàn	appear
珿	96	玉	11	chù	chù	
琀	96	玉	11	hán	hán	gems of pearls formerly put into the mouth of a corpse
琁	96	玉	11	xuán	xuán	beautiful jade
琂	96	玉	11	yán	yán	
球	96	玉	11	qiú	qiú	ball
琄	96	玉	11	xuàn	xuàn	scabbard
琅	96	玉	11	láng	láng	a variety of white carnelian
理	96	玉	11	lǐ	lǐ	reason
琇	96	玉	11	xiù	xiù	coarse variety of jasper or jade
琈	96	玉	11	fú	fú	
琉	96	玉	11	liú	liú	sparkling stone
琊	96	玉	10	yá	yá	a place in eastern Shandong
琋	96	玉	11	xī	xī	
琌	96	玉	11	líng	líng	
琍	96	玉	11	lí	lí	
琎	96	玉	11	jìn	jìn	a stone that looks like jade
琏	96	玉	11	liǎn	liǎn	vessel used to hold grain offerings
琐	96	玉	11	suǒ	suǒ	trifling
琑	96	玉	11	suǒ	suǒ	
琒	96	玉	11	fēng	fēng	
琓	96	玉	11	wán	wán	
琔	96	玉	12	diàn	diàn	
琕	96	玉	12	pín	pín	type of pearl
琖	96	玉	12	zhǎn	zhǎn	carved jade wine cup
琗	96	玉	12	sè	sè	
琘	96	玉	12	mín	mín	
琙	96	玉	12	yù	yù	
琚	96	玉	12	jū	jū	girdle ornaments
琛	96	玉	12	chēn	chēn	treasure
琜	96	玉	12	lái	lái	
琝	96	玉	12	mín	mín	
琞	96	玉	13	shèng	shèng	
琟	96	玉	12	wéi	wéi	
琠	96	玉	12	tiǎn	tiǎn	a gem used as ear plug
琡	96	玉	12	chù	chù	
琢	96	玉	12	zuó	zhuó/zuó	polish jade
琣	96	玉	12	běng	běng	
琤	96	玉	10	chēng	chēng	jade of jade being
琥	96	玉	12	hǔ	hǔ	jewel in shape of tiger
琦	96	玉	12	qí	qí	gem
琧	96	玉	13	è	è	
琨	96	玉	12	kūn	kūn	beautiful jade
琩	96	玉	12	chāng	chāng	
琪	96	玉	12	qí	qí	type of jade
琫	96	玉	12	běng	běng	ornament
琬	96	玉	12	wǎn	wǎn	the virtue of a gentleman
琭	96	玉	12	lù	lù	jade like stone
琮	96	玉	12	cóng	cóng	octagonal piece of jade with hole in middle
琯	96	玉	12	guǎn	guǎn	a jade tube used as an instrument
琰	96	玉	12	yǎn	yǎn	jewel
琱	96	玉	12	diāo	diāo	engrave
琲	96	玉	12	bèi	bèi	necklace
琳	96	玉	12	lín	lín	beautiful jade
琴	96	玉	12	qín	qín	Chinese lute or guitar
琵	96	玉	12	pí	pí	guitar-like instrument
琶	96	玉	12	pá	pá	guitar-like instrument
琷	96	玉	11	què	què	
琸	96	玉	12	zhuó	zhuó	
琹	96	玉	12	qín	qín	
琺	96	玉	12	fà	fà	enamel
琻	96	玉	12	jīn	jīn	
琼	96	玉	12	qióng	qióng	jade
琽	96	玉	12	dǔ	dǔ	
琾	96	玉	13	jiè	jiè	
琿	96	玉	13	hún	hún	bright
瑀	96	玉	13	yǔ	yǔ	stone resembling jade
瑁	96	玉	13	mào	mào	fine piece of jade
瑂	96	玉	13	méi	méi	
瑃	96	玉	13	chūn	chūn	
瑄	96	玉	13	xuān	xuān	an ornamental piece of jade several inches across with a hole in the center
瑅	96	玉	13	tí	tí	
瑆	96	玉	13	xīng	xīng	
瑇	96	玉	13	dài	dài	tortoise shell
瑈	96	玉	13	róu	róu	
瑉	96	玉	13	mín	mín	
瑊	96	玉	13	jiān	jiān	a kind of jade-like stone
瑋	96	玉	13	wěi	wěi	type of jade
瑌	96	玉	13	ruǎn	ruǎn	a white opaque quartz used for ornaments
瑍	96	玉	13	huàn	huàn	
瑎	96	玉	13	xié	xié	
瑏	96	玉	13	chuān	chuān	
瑐	96	玉	13	jiǎn	jiǎn	
瑑	96	玉	13	zhuàn	zhuàn	carve
瑒	96	玉	13	chàng	chàng/yáng	a kind of jade
瑓	96	玉	13	liàn	liàn	
瑔	96	玉	13	quán	quán	
瑕	96	玉	13	xiá	xiá	flaw in gem
瑖	96	玉	13	duàn	duàn	
瑗	96	玉	13	yuàn	yuàn	large ring of fine jade
瑘	96	玉	12	yá	yá	peace
瑙	96	玉	13	nǎo	nǎo	agate
瑚	96	玉	13	hú	hú	coral
瑛	96	玉	12	yīng	yīng	luster of gem
瑜	96	玉	13	yú	yú	flawless gem or jewel
瑝	96	玉	13	huáng	huáng	
瑞	96	玉	13	ruì	ruì	felicitous omen
瑟	96	玉	13	sè	sè	large stringed musical instrument
瑠	96	玉	14	liú	liú	precious stone
瑡	96	玉	14	shī	shī	
瑢	96	玉	14	róng	róng	gem ornaments for belts
瑣	96	玉	14	suǒ	suǒ	fragments
瑤	96	玉	14	yáo	yáo	precious jade
瑥	96	玉	13	wēn	wēn	
瑦	96	玉	14	wǔ	wǔ	
瑧	96	玉	14	zhēn	zhēn	
瑨	96	玉	14	jìn	jìn	jade look alike stone
瑩	96	玉	15	yíng	yíng	lustre of gems
瑪	96	玉	14	mǎ	mǎ	agate
瑫	96	玉	14	tāo	tāo	
瑬	96	玉	15	liú	liú	
瑭	96	玉	14	táng	táng	a kind of jade
瑮	96	玉	14	lì	lì	
瑯	96	玉	12	láng	láng	kind of white cornelian
瑰	96	玉	13	guī	guī	extraordinary
瑱	96	玉	14	tiàn	tiàn	a gem used as ear plug
瑲	96	玉	14	qiāng	qiāng	tinkling sound tinkling of pendant gems
瑳	96	玉	13	cuō	cuō	luster of gem
瑴	96	玉	14	jué	jué	twin gems
瑵	96	玉	13	zhǎo	zhǎo	
瑶	96	玉	14	yáo	yáo	precious jade
瑷	96	玉	14	ài	ài	fine quality jade
瑸	96	玉	14	bīn	bīn	jade's streaks
瑹	96	玉	14	shū	shū	
瑺	96	玉	15	cháng	cháng	
瑻	96	玉	15	kūn	kūn	
瑼	96	玉	15	zhuān	zhuān	
瑽	96	玉	15	cōng	cōng	tinkling of jade pendants
瑾	96	玉	15	jǐn	jǐn	brilliance of gems
瑿	96	玉	16	yī	yī	a black stone like jade
璀	96	玉	15	cuǐ	cuǐ	lustre of gems
璁	96	玉	15	cōng	cōng	turquoise
璂	96	玉	15	qí	qí	jade ornament
璃	96	玉	14	lí	lí	glass
璄	96	玉	15	jǐng	jǐng	
璅	96	玉	15	suǒ	suǒ	gem
璆	96	玉	15	qiú	qiú	beautiful jade
璇	96	玉	15	xuán	xuán	beautiful jade
璈	96	玉	14	áo	áo	ancient musical instrument
璉	96	玉	14	liǎn	liǎn	a vessel used hold grain offerings
璊	96	玉	15	mén	mén	reddish
璋	96	玉	15	zhāng	zhāng	jade plaything
璌	96	玉	15	yín	yín	
璍	96	玉	14	yè	yè	
璎	96	玉	15	yīng	yīng	a necklace made of precious stones
璏	96	玉	16	wèi	wèi	
璐	96	玉	17	lù	lù	beautiful variety of jade
璑	96	玉	16	wú	wú	
璒	96	玉	16	dēng	dēng	
璓	96	玉	14	xiù	xiù	
璔	96	玉	16	zēng	zēng	
璕	96	玉	16	xún	xún	
璖	96	玉	15	qú	qú	
璗	96	玉	17	dàng	dàng	yellow gold
璘	96	玉	16	lín	lín	luster of jade
璙	96	玉	16	liáo	liáo	
璚	96	玉	16	qióng	qióng	splendid
璛	96	玉	17	sù	sù	
璜	96	玉	15	huáng	huáng	a semicircular jade ornament used as a pendant
璝	96	玉	16	guī	guī	
璞	96	玉	16	pú	pú	unpolished gem
璟	96	玉	16	jǐng	jǐng	luster of gem
璠	96	玉	16	fán	fán	a piece of precious jade
璡	96	玉	15	jìn	jìn	a stone that looks like jade
璢	96	玉	16	liú	liú	precious stone
璣	96	玉	16	jī	jī	pearl that is not quite round
璤	96	玉	16	huì	huì	
璥	96	玉	16	jǐng	jǐng	a kind of jade
璦	96	玉	17	ài	ài	fine quality jade
璧	96	玉	18	bì	bì	piece of jade with hole in it
璨	96	玉	17	càn	càn	gems
璩	96	玉	17	qú	qú	jade ring
璪	96	玉	17	zǎo	zǎo	pearl pendants on coronet
璫	96	玉	17	dāng	dāng	pendant ornaments
璬	96	玉	17	jiǎo	jiǎo	
璭	96	玉	16	gùn	gùn	
璮	96	玉	17	tǎn	tǎn	
璯	96	玉	17	huì	huì	(simplified form of 璯) jade decorated cap
環	96	玉	17	huán	huán	jade ring or bracelet
璱	96	玉	17	sè	sè	
璲	96	玉	16	suì	suì	pendant girdle ornament
璳	96	玉	17	tián	tián	
璴	96	玉	17	chǔ	chǔ	
璵	96	玉	17	yú	yú	beautiful jade
璶	96	玉	18	jìn	jìn	
璷	96	玉	19	lú	lú	
璸	96	玉	18	bīn	bīn	jade's streaks
璹	96	玉	18	shú	shú	
璺	96	玉	20	wèn	wèn	a crack
璻	96	玉	18	zuǐ	zuǐ	
璼	96	玉	18	lán	lán	
璽	96	玉	19	xǐ	xǐ	imperial signet
璾	96	玉	18	zī	zī	
璿	96	玉	18	xuán	xuán	fine jade
瓀	96	玉	18	ruǎn	ruǎn	gem
瓁	96	玉	17	wò	wò	
瓂	96	玉	17	gài	gài	
瓃	96	玉	19	léi	léi	
瓄	96	玉	19	dú	dú	
瓅	96	玉	19	lì	lì	
瓆	96	玉	19	zhì	zhì	
瓇	96	玉	19	róu	róu	
瓈	96	玉	19	lí	lí	glass
瓉	96	玉	19	zàn	zàn	
瓊	96	玉	19	qióng	qióng	jade
瓋	96	玉	18	tì	tì	
瓌	96	玉	20	guī	guī	extraordinary
瓍	96	玉	18	suí	suí	
瓎	96	玉	20	là	là	
瓏	96	玉	20	lóng	lóng	a gem cut like dragon
瓐	96	玉	20	lú	lú	
瓑	96	玉	20	lì	lì	
瓒	96	玉	20	zàn	zàn	ceremonial libation cup
瓓	96	玉	21	làn	làn	
瓔	96	玉	21	yīng	yīng	a necklace made of precious stones
瓕	96	玉	22	mí	mí	
瓖	96	玉	21	xiāng	xiāng	inlay
瓗	96	玉	22	qióng	qióng	
瓘	96	玉	21	guàn	guàn	jade
瓙	96	玉	22	dào	dào	
瓚	96	玉	23	zàn	zàn	ceremonial libation cup
瓛	96	玉	24	huán	huán	sceptre
瓜	97	瓜	5	guā	guā	melon
瓝	97	瓜	8	bó	bó	
瓞	97	瓜	10	dié	dié	young melons just forming
瓟	97	瓜	10	bó	bó	the bottle-gourd
瓠	97	瓜	11	hù	hù	bottle gourd
瓡	97	瓜	13	zhí	zhí	
瓢	97	瓜	16	piáo	piáo	ladle made from dried gourd
瓣	97	瓜	19	bàn	bàn	petal
瓤	97	瓜	22	ráng	ráng	flesh
瓥	97	瓜	24	lì	lì	
瓦	98	瓦	4	wǎ	wǎ/wà	tile
瓨	98	瓦	7	xiáng	xiáng	
瓩	98	瓦	7	qiān	qiān	kilowatt
瓪	98	瓦	8	bǎn	bǎn	
瓫	98	瓦	8	pén	pén	
瓬	98	瓦	8	fǎng	fǎng	
瓭	98	瓦	8	dǎn	dǎn	
瓮	98	瓦	8	wèng	wèng	earthen jar
瓯	98	瓦	8	ōu	ōu	bowl
瓲	98	瓦	8	túnwǎ	túnwǎ	ton
瓳	98	瓦	9	hú	hú	
瓴	98	瓦	9	líng	líng	concave channels of tiling a long-necked jar
瓵	98	瓦	9	yí	yí	
瓶	98	瓦	10	píng	píng	jug
瓷	98	瓦	10	cí	cí	crockery
瓸	98	瓦	11	bǎi	bǎi	hectogram
瓹	98	瓦	11	juān	juān	(Cant.) to hide quickly
瓺	98	瓦	11	cháng	cháng	
瓻	98	瓦	11	chī	chī	jar
瓽	98	瓦	12	dàng	dàng	
瓾	98	瓦	12	měng	měng	
瓿	98	瓦	12	bù	bù	jar
甀	98	瓦	12	zhuì	zhuì	jar
甁	98	瓦	12	píng	píng	jug
甂	98	瓦	13	biān	biān	(Cant.) 打甂爐
甃	98	瓦	13	zhòu	zhòu	brick wall of a well
甄	98	瓦	13	zhēn	zhēn	to examine
甆	98	瓦	13	cí	cí	crockery
甇	98	瓦	14	yīng	yīng	jar
甈	98	瓦	14	qì	qì	
甉	98	瓦	14	xián	xián	
甊	98	瓦	15	lǒu	lǒu	
甋	98	瓦	15	dì	dì	a jar without ears
甌	98	瓦	15	ōu	ōu	bowl
甍	98	瓦	14	méng	méng	rafters supporting roof tiles
甎	98	瓦	15	zhuān	zhuān	brick
甏	98	瓦	16	bèng	bèng	a squat jar for holding wine
甐	98	瓦	16	lìn	lìn	
甑	98	瓦	16	zèng	zèng	boiler for steaming rice
甒	98	瓦	16	wǔ	wǔ	jar
甓	98	瓦	17	pì	pì	glazed tiles
甔	98	瓦	17	dān	dān	big jar
甕	98	瓦	17	wèng	wèng	earthen jar
甖	98	瓦	19	yīng	yīng	a pot
甗	98	瓦	20	yǎn	yǎn	earthenware vessel in two parts
甘	99	甘	5	gān	gān	sweetness
甙	99	甘	8	dài	dài	sugar product
甚	99	甘	9	shèn	shèn	great extent
甛	99	甘	11	tián	tián	sweet
甜	99	甘	11	tián	tián	sweet
甝	99	甘	13	hán	hán	
甞	99	甘	13	cháng	cháng	taste
生	100	生	5	shēng	shēng	life
甠	100	生	9	qíng	qíng	
甡	100	生	10	shēn	shēn	abundant
產	100	生	11	chǎn	chǎn	give birth
産	100	生	11	chǎn	chǎn	give birth
甤	100	生	12	ruí	ruí	drooping leaves
甥	100	生	12	shēng	shēng	niece
甦	100	生	12	sū	sū	be reborn
甧	100	生	14	shēn	shēn	
用	101	用	5	yòng	yòng	use
甩	101	用	5	shuǎi	shuǎi	throw away
甪	101	用	6	lù	lù	to loose
甫	101	用	7	fǔ	fǔ	begin
甬	101	用	7	yǒng	yǒng	path
甭	101	用	9	béng	béng	there is no need
甮	101	用	9	fèng	fèng	unnecessary
甯	101	用	12	níng	nìng/níng	peaceful
田	102	田	5	tián	tián	field
由	102	田	5	yóu	yóu	cause
甲	102	田	5	jiǎ	jiǎ	armor
申	102	田	5	shēn	shēn	to state to a superior
甴	102	田	5	zhá	zhá	(Cant.) cockroach
电	102	田	5	diàn	diàn	electricity
甶	102	田	6	fú	fú	
男	102	田	7	nán	nán	male
甸	102	田	7	diàn	diàn	suburbs of capital
甹	102	田	7	pīng	pīng	
町	102	田	7	tǐng	dīng/tǐng	raised path between fields
画	102	田	8	huà	huà	a painting
甼	102	田	7	tǐng	tǐng	raised path between fields
甽	102	田	8	zhèn	zhèn	drain between fields
甾	102	田	8	zāi	zāi	ground that has been under cultivation for one year
甿	102	田	8	méng	méng	farming population
畀	102	田	8	bì	bì	to give
畁	102	田	8	bì	bì	to give to
畂	102	田	8	liù	liù	
畃	102	田	8	xún	xún	
畄	102	田	8	liú	liú	stop
畅	102	田	8	chàng	chàng	smoothly
畆	102	田	9	mǔ	mǔ	Chinese land measure
畇	102	田	9	yún	yún	land
畈	102	田	9	fàn	fàn	field
畉	102	田	9	fú	fú	
畊	102	田	9	gēng	gēng	plow
畋	102	田	9	tián	tián	till land
界	102	田	9	jiè	jiè	boundary
畍	102	田	9	jiè	jiè	
畎	102	田	9	quǎn	quǎn	a drain between fields
畏	102	田	9	wèi	wèi	fear
畐	102	田	9	fú	fú	to fill
畑	102	田	9	tián	tián	dry (as opposed to rice) field
畒	102	田	9	mǔ	mǔ	Chinese land measure
畓	102	田	9	duō	duō	rice field
畔	102	田	10	pàn	pàn	boundary path dividing fields
畕	102	田	10	jiāng	jiāng	
畖	102	田	10	wā	wā	
畗	102	田	10	dá	dá	
畘	102	田	10	nán	nán	
留	102	田	10	liú	liú	stop
畚	102	田	10	běn	běn	straw basket
畛	102	田	10	zhěn	zhěn	border
畜	102	田	10	chù	chù/xù	livestock
畝	102	田	10	mǔ	mǔ	Chinese land measure
畞	102	田	10	mǔ	mǔ	
畟	102	田	10	cè	cè	plough
畠	106	白	10	tián	tián	garden
畡	102	田	11	gāi	gāi	
畢	102	田	11	bì	bì	end
畣	102	田	11	dá	dá	
畤	102	田	11	zhì	zhì	place for worshipping heaven
略	102	田	11	lüè	lüè	approximately
畦	102	田	11	qí	qí	sections in vegetable farm
畧	102	田	11	lüè	lüè	approximately
畨	119	米	11	pān	pān	foreign
畩	102	田	11	yī	yī	
番	102	田	12	fān	fān/pān	to take turns
畫	102	田	12	huà	huà	delineate
畬	102	田	12	shē	yú/shē	reclaimed field
畭	102	田	12	yú	yú	
畮	102	田	12	mǔ	mǔ	
畯	102	田	12	jùn	jùn	rustic
異	102	田	11	yì	yì	different
畱	102	田	12	liú	liú	to detain
畲	102	田	12	shē	shē	to cultivate land by first setting fire to it
畳	102	田	12	dié	dié	repeat
畴	102	田	12	chóu	chóu	farmland
畵	102	田	13	huà	huà	delineate
當	102	田	13	dāng	dāng/dàng	bear
畷	102	田	13	zhuì	zhuì	raised path between fields
畸	102	田	13	jī	jī	odd
畹	102	田	13	wǎn	wǎn	a unit of area
畺	102	田	13	jiāng	jiāng	boundary
畻	102	田	14	chéng	chéng	
畼	102	田	14	chàng	chàng	
畽	102	田	14	tǔn	tǔn	ground
畾	102	田	15	léi	léi	fields divided by dikes
畿	102	田	15	jī	jī	imperial domain
疀	102	田	16	chā	chā	
疁	102	田	16	liú	liú	
疂	102	田	16	dié	dié	repeat
疃	102	田	17	tuǎn	tuǎn	hamlet
疄	102	田	17	lìn	lìn	
疅	102	田	18	jiāng	jiāng	
疆	102	田	19	jiāng	jiāng	boundary
疇	102	田	19	chóu	chóu	farmland
疈	102	田	20	pì	pì	
疉	102	田	20	dié	dié	repeat
疊	102	田	22	dié	dié	repeat
疋	103	疋	5	pǐ	pǐ/yǎ	roll
疌	103	疋	8	jié	jié	
疍	103	疋	10	dàn	dàn	eggs
疎	103	疋	12	shū	shū	neglect
疏	103	疋	12	shū	shū	neglect
疐	103	疋	14	zhì	zhì	fall
疑	103	疋	14	yí	yí	doubt
疒	104	疒	5	nè	nè	sick
疓	104	疒	7	nǎi	nǎi	fatigued
疔	104	疒	7	dīng	dīng	carbuncle
疕	104	疒	7	bǐ	bǐ	head sores
疖	104	疒	7	jiē	jiē	pimple
疗	104	疒	7	liáo	liáo	be healed
疘	104	疒	8	gāng	gāng	
疙	104	疒	8	gē	gē	pimple
疚	104	疒	8	jiù	jiù	chronic disease
疛	104	疒	8	zhǒu	zhǒu	
疜	104	疒	8	xià	xià	
疝	104	疒	8	shàn	shàn	hernia
疞	104	疒	8	xū	xū	
疟	104	疒	8	nüè	nüè/yào	intermittent fever
疠	104	疒	8	lì	lì	a sore
疡	104	疒	8	yáng	yáng	ulcers
疢	104	疒	9	chèn	chèn	aching of limbs
疣	104	疒	9	yóu	yóu	wart
疤	104	疒	9	bā	bā	scar
疥	104	疒	9	jiè	jiè	scabies
疦	104	疒	9	jué	jué	
疧	104	疒	9	qí	qí	sick
疨	104	疒	9	xiā	xiā	
疩	104	疒	9	cuì	cuì	
疪	104	疒	9	bì	bì	
疫	104	疒	9	yì	yì	epidemic
疬	104	疒	9	lì	lì	scrofulous lumps or swellings
疭	104	疒	9	zòng	zòng	spasms or convulsions in young children
疮	104	疒	9	chuāng	chuāng	tumor
疯	104	疒	9	fēng	fēng	crazy
疰	104	疒	10	zhù	zhù	summer-time disease
疱	104	疒	10	pào	pào	acne
疲	104	疒	10	pí	pí	feel tired
疳	104	疒	10	gān	gān	childhood diseases
疴	104	疒	10	kē	kē	illness
疵	104	疒	11	cī	cī	flaw
疶	104	疒	10	xuē	xuē	
疷	104	疒	10	zhī	zhī	
疸	104	疒	10	dǎn	dǎn	jaundice
疹	104	疒	10	zhěn	zhěn	measles
疺	104	疒	9	fá	fá	
疻	104	疒	10	zhǐ	zhǐ	injury caused by being struck
疼	104	疒	10	téng	téng	aches
疽	104	疒	10	jū	jū	ulcer
疾	104	疒	10	jí	jí	illness
疿	104	疒	10	fèi	fèi	prickly heat
痀	104	疒	10	jū	jū	to crouch
痁	104	疒	10	shān	shān	chronic malaria
痂	104	疒	10	jiā	jiā	scab
痃	104	疒	10	xuán	xuán	indigestion
痄	104	疒	10	zhà	zhà	scrofulous swellings and sores
病	104	疒	10	bìng	bìng	illness
痆	104	疒	10	niè	niè	
症	104	疒	10	zhèng	zhēng/zhèng	disease
痈	104	疒	10	yōng	yōng	carbuncle
痉	104	疒	10	jìng	jìng	convulsions
痊	104	疒	11	quán	quán	be healed
痋	104	疒	11	téng	téng	
痌	104	疒	11	tōng	tōng	ache
痍	104	疒	11	yí	yí	wound
痎	104	疒	11	jiē	jiē	two-days' fever or chills from malaria
痏	104	疒	11	wěi	wěi	a bruise or contusion
痐	104	疒	11	huí	huí	whirlwind
痑	104	疒	11	tān	tān	a disease of horses
痒	104	疒	11	yǎng	yǎng	itch
痓	104	疒	11	chì	chì	
痔	104	疒	11	zhì	zhì	hemorrhoids
痕	104	疒	11	hén	hén	scar
痖	104	疒	11	yǎ	yǎ	dumb
痗	104	疒	12	mèi	mèi	ill
痘	104	疒	12	dòu	dòu	smallpox
痙	104	疒	12	jìng	jìng	convulsions
痚	104	疒	12	xiāo	xiāo	asthma
痛	104	疒	12	tòng	tòng	pain
痜	104	疒	12	tū	tū	a scabby bald head
痝	104	疒	12	máng	máng	
痞	104	疒	12	pǐ	pǐ	dyspepsia
痟	104	疒	12	xiāo	xiāo	
痠	104	疒	12	suān	suān	aching of limbs
痡	104	疒	12	fū	fū	a disease
痢	104	疒	12	lì	lì	dysentery
痣	104	疒	12	zhì	zhì	spots
痤	104	疒	12	cuó	cuó	a swelling of the lymph nodes
痥	104	疒	12	duó	duó	
痦	104	疒	12	wù	wù	a sudden outbreak of spots
痧	104	疒	12	shā	shā	cholera
痨	104	疒	12	láo	láo	consumption
痩	104	疒	12	shòu	shòu	thin
痪	104	疒	12	huàn	huàn	paralysis
痫	104	疒	12	xián	xián	epilepsy
痬	104	疒	13	yì	yì	
痭	104	疒	13	bēng	bēng	menorrhagia
痮	104	疒	13	zhàng	zhàng	a swelled belly
痯	104	疒	13	guǎn	guǎn	sick
痰	104	疒	13	tán	tán	phlegm
痱	104	疒	13	fèi	fèi	heat rash
痲	104	疒	13	má	má	pock-marked
痳	104	疒	13	lín	má/lín	pock-marked
痴	104	疒	13	chī	chī	foolish
痵	104	疒	13	jì	jì	a heart symptom
痶	104	疒	13	tiǎn	tiǎn	
痷	104	疒	13	ān	ān	
痸	104	疒	13	chì	chì	
痹	104	疒	13	bì	bì	paralysis
痺	104	疒	13	bì	bì	paralysis
痻	104	疒	13	mín	mín	suffer
痼	104	疒	13	gù	gù	chronic disease
痽	104	疒	13	duī	duī	
痾	104	疒	12	ē	ē	chronic illness
痿	104	疒	13	wěi	wěi	paralysis
瘀	104	疒	13	yū	yū	a hematoma
瘁	104	疒	13	cuì	cuì	feel tired
瘂	104	疒	13	yǎ	yǎ	dumb
瘃	104	疒	13	zhú	zhú	sores from cold
瘄	104	疒	13	cù	cù	
瘅	104	疒	13	dān	dān/dàn	to hate bitterly
瘆	104	疒	13	shèn	shèn	to shiver
瘇	104	疒	14	zhǒng	zhǒng	dropsy of the leg
瘈	104	疒	14	chì	chì/zhì	prolonged fever
瘉	104	疒	14	yù	yù	get well
瘊	104	疒	14	hóu	hóu	warts
瘋	104	疒	14	fēng	fēng	crazy
瘌	104	疒	14	là	là	severe
瘍	104	疒	14	yáng	yáng	ulcers
瘎	104	疒	14	chén	chén	
瘏	104	疒	13	tú	tú	ill
瘐	104	疒	13	yǔ	yǔ	to die in prison from cold and hunger
瘑	104	疒	13	guō	guō	
瘒	104	疒	14	wén	wén	
瘓	104	疒	14	huàn	huàn	paralysis
瘔	104	疒	13	kù	kù	
瘕	104	疒	14	jiǎ	jiǎ	asthma
瘖	104	疒	14	yīn	yīn	dumb
瘗	104	疒	14	yì	yì	bury
瘘	104	疒	14	lòu	lòu	fistula
瘙	104	疒	14	sào	sào	itch
瘚	104	疒	15	jué	jué	to hiccough
瘛	104	疒	15	chì	chì	childhood disease
瘜	104	疒	15	xī	xī	a polyp
瘝	104	疒	15	guān	guān	illness
瘞	104	疒	15	yì	yì	bury
瘟	104	疒	14	wēn	wēn	epidemic
瘠	104	疒	15	jí	jí	thin
瘡	104	疒	15	chuāng	chuāng	tumor
瘢	104	疒	15	bān	bān	scar
瘣	104	疒	14	huì	huì	
瘤	104	疒	15	liú	liú	tumor
瘥	104	疒	14	chài	chài	to recover from any disease
瘦	104	疒	14	shòu	shòu	thin
瘧	104	疒	14	nüè	nüè/yào	intermittent fever
瘨	104	疒	15	diān	diān	mad
瘩	104	疒	14	da	dá/da	pimples
瘪	104	疒	15	biě	biē/biě	shrivelled up
瘫	104	疒	15	tān	tān	paralysis
瘬	104	疒	16	zhàng	zhàng	
瘭	104	疒	16	biāo	biāo	a whitlow
瘮	104	疒	16	shèn	shèn	to shiver
瘯	104	疒	16	cù	cù	itch
瘰	104	疒	16	luǒ	luǒ	scrofula
瘱	104	疒	16	yì	yì	
瘲	104	疒	16	zòng	zòng	spasms or convulsions in young children
瘳	104	疒	16	chōu	chōu	to be healed
瘴	104	疒	16	zhàng	zhàng	malaria pestilential vapors
瘵	104	疒	16	zhài	zhài	a wasting disease
瘶	104	疒	16	sòu	sòu	to cough
瘷	104	疒	16	sè	sè	
瘸	104	疒	16	qué	qué	lameness
瘹	104	疒	16	diào	diào	
瘺	104	疒	16	lòu	lòu	anal fistula
瘻	104	疒	16	lòu	lòu	fistula
瘼	104	疒	15	mò	mò	sickness
瘽	104	疒	16	qín	qín	
瘾	104	疒	16	yǐn	yǐn	rash
瘿	104	疒	16	yǐng	yǐng	swelling
癀	104	疒	16	huáng	huáng	jaundice
癁	104	疒	17	fú	fú	
療	104	疒	17	liáo	liáo	be healed
癃	104	疒	16	lóng	lóng	weakness
癄	104	疒	17	qiáo	qiáo	
癅	104	疒	17	liú	liú	a swelling
癆	104	疒	17	láo	láo	consumption
癇	104	疒	17	xián	xián	epilepsy
癈	104	疒	17	fèi	fèi	abrogate
癉	104	疒	17	dān	dān/dàn	to hate bitterly
癊	104	疒	15	yìn	yìn	a disease of the heart
癋	104	疒	17	hè	hè	
癌	104	疒	17	ái	ái	cancer
癍	104	疒	17	bān	bān	unhealthy marks on the skin
癎	104	疒	17	xián	xián	epilepsy
癏	104	疒	18	guān	guān	
癐	104	疒	18	guì	guì	(Cant.) tired
癑	104	疒	18	nòng	nòng	
癒	104	疒	18	yù	yù	get well
癓	104	疒	18	wéi	wéi	
癔	104	疒	18	yì	yì	hysterical
癕	104	疒	18	yōng	yōng	loss of the sense of smell
癖	104	疒	18	pǐ	pǐ	craving
癗	104	疒	18	lěi	lěi	
癘	104	疒	17	lì	lì	a sore
癙	104	疒	18	shǔ	shǔ	ill
癚	104	疒	18	dàn	dàn	
癛	104	疒	18	lǐn	lǐn	
癜	104	疒	18	diàn	diàn	erythema
癝	104	疒	18	lǐn	lǐn	
癞	104	疒	18	lài	lài	leprosy
癟	104	疒	19	biě	biē/biě	shrivelled up
癠	104	疒	19	jì	jì	sick
癡	104	疒	19	chī	chī	silly
癢	104	疒	19	yǎng	yǎng	itch
癣	104	疒	19	xuǎn	xuǎn	ringworms
癤	104	疒	18	jiē	jiē	pimple
癥	104	疒	20	zhēng	zhēng	obstruction of bowels
癦	104	疒	20	mèng	mèng	(Cant.) a mole (on the skin)
癧	104	疒	21	lì	lì	scrofulous lumps or swellings
癨	104	疒	21	huò	huò	quickly
癩	104	疒	21	lài	lài	leprosy
癪	104	疒	21	jī	jī	spasms
癫	104	疒	21	diān	diān	crazy
癬	104	疒	22	xuǎn	xuǎn	ringworms
癭	104	疒	22	yǐng	yǐng	swelling
癮	104	疒	21	yǐn	yǐn	rash
癯	104	疒	23	qú	qú	thin
癰	104	疒	23	yōng	yōng	carbuncle
癱	104	疒	24	tān	tān	paralysis
癲	104	疒	24	diān	diān	crazy
癳	104	疒	26	luǒ	luǒ	
癴	104	疒	28	luán	luán	
癵	104	疒	30	luán	luán	
癶	105	癶	5	bō	bō	legs
癷	105	癶	8	bō	bō	
癸	105	癶	9	guǐ	guǐ	10th heavenly stem
癹	105	癶	9	bá	bá	
発	105	癶	9	fā	fā	issue
登	105	癶	12	dēng	dēng	rise
發	105	癶	12	fā	fā	issue
白	106	白	5	bái	bái	white
百	106	白	6	bǎi	bǎi	one hundred
癿	106	白	6	bié	bié	
皀	106	白	7	jí	jí	kernel
皁	106	白	7	zào	zào	black
皂	106	白	7	zào	zào	soap
皃	106	白	7	mào	mào	countenance
的	106	白	8	de	de/dī/dí/dì	possessive
皅	106	白	9	pā	pā	
皆	106	白	9	jiē	jiē	all
皇	106	白	9	huáng	huáng	royal
皈	106	白	9	guī	guī	follow
皉	106	白	11	cǐ	cǐ	
皊	106	白	10	líng	líng	
皋	106	白	10	gāo	gāo	the high land along a river
皌	106	白	10	mò	mò	
皍	106	白	9	jí	jí	
皎	106	白	11	jiǎo	jiǎo	white
皏	106	白	11	pěng	pěng	
皐	106	白	11	gāo	gāo	the high land along a river
皑	106	白	11	ái	ái	brilliant white
皒	106	白	12	é	é	
皓	106	白	12	hào	hào	bright
皔	106	白	12	hàn	hàn	
皕	106	白	12	bì	bì	two hundred
皖	106	白	12	wǎn	wǎn	Anhui province
皗	106	白	13	chóu	chóu	
皘	106	白	13	qiàn	qiàn	
皙	106	白	13	xī	xī	white
皚	106	白	15	ái	ái	brilliant white
皛	106	白	15	xiǎo	xiǎo	
皜	106	白	15	hào	hào	white
皝	106	白	15	huàng	huàng	luminous
皞	106	白	15	hào	hào	bright
皟	106	白	16	zé	zé	
皠	106	白	16	cuǐ	cuǐ	
皡	106	白	16	hào	hào	bright
皢	106	白	17	xiǎo	xiǎo	
皣	106	白	15	yè	yè	
皤	106	白	17	pó	pó	white
皥	106	白	17	hào	hào	bright
皦	106	白	18	jiǎo	jiǎo	bright white
皧	106	白	18	ài	ài	
皨	106	白	18	xīng	xīng	
皩	106	白	19	huàng	huàng	
皪	106	白	20	lì	lì	
皫	106	白	20	piǎo	piǎo	white
皬	106	白	21	hé	hé	
皭	106	白	22	jiào	jiào	white
皮	107	皮	5	pí	pí	skin
皯	107	皮	8	gǎn	gǎn	
皰	107	皮	10	pào	pào	pimples
皱	107	皮	10	zhòu	zhòu	wrinkles
皲	107	皮	11	jūn	jūn	crack
皳	107	皮	12	qiú	qiú	
皴	107	皮	12	cūn	cūn	chapped
皵	107	皮	13	què	què	
皶	107	皮	14	zhā	zhā	rough skin
皷	107	皮	14	gǔ	gǔ	drum
皸	107	皮	14	jūn	jūn	crack
皹	107	皮	14	jūn	jūn	crack
皺	107	皮	15	zhòu	zhòu	wrinkles
皻	107	皮	16	zhā	zhā	pimples
皼	107	皮	17	gǔ	gǔ	
皽	107	皮	18	zhāo	zhāo	scurf
皾	107	皮	20	dú	dú	
皿	108	皿	5	mǐn	mǐn	shallow container
盀	108	皿	7	qǐ	qǐ	
盁	108	皿	7	yíng	yíng	
盂	108	皿	8	yú	yú	basin
盃	108	皿	9	bēi	bēi	glass
盄	108	皿	9	zhāo	zhāo	
盅	108	皿	9	zhōng	zhōng	small cup or bowl
盆	108	皿	9	pén	pén	basin
盇	108	皿	9	hé	hé	why not? would it not be better to?
盈	108	皿	9	yíng	yíng	fill
盉	108	皿	10	hé	hé	to compound
益	108	皿	10	yì	yì	profit
盋	108	皿	10	bō	bō	earthenware basin
盌	108	皿	10	wǎn	wǎn	bowl
盍	108	皿	10	hé	hé	what? why not?
盎	108	皿	10	àng	àng	cup
盏	108	皿	10	zhǎn	zhǎn	small cup or container
盐	108	皿	10	yán	yán	salt
监	108	皿	10	jiān	jiān/jiàn	supervise
盒	108	皿	11	hé	hé	small box or case
盓	108	皿	11	yū	yū	
盔	108	皿	11	kuī	kuī	helmet
盕	108	皿	11	fàn	fàn	
盖	108	皿	11	gài	gài/gě	cover
盗	108	皿	11	dào	dào	rob
盘	108	皿	11	pán	pán	tray
盙	108	皿	12	fǔ	fǔ	a basket
盚	108	皿	12	qiú	qiú	
盛	108	皿	11	shèng	chéng/shèng	abundant
盜	108	皿	12	dào	dào	rob
盝	108	皿	13	lù	lù	drip
盞	108	皿	13	zhǎn	zhǎn	small cup or container
盟	108	皿	13	méng	méng	swear
盠	108	皿	14	lí	lí	
盡	108	皿	14	jǐn	jìn/jǐn	exhaust
盢	108	皿	14	xù	xù	
監	108	皿	14	jiān	jiān/jiàn	supervise
盤	108	皿	15	pán	pán	tray
盥	108	皿	16	guàn	guàn	wash
盦	108	皿	16	ān	ān	lid of a caldron
盧	108	皿	16	lú	lú	cottage
盨	108	皿	17	xǔ	xǔ	
盩	108	皿	17	zhōu	zhōu	callus
盪	108	皿	17	dàng	dàng	to toss about
盫	108	皿	18	ān	ān	
盬	108	皿	18	gǔ	gǔ	salt pit
盭	108	皿	20	lì	lì	cruel
目	109	目	5	mù	mù	eye
盯	109	目	7	dīng	dīng	rivet gaze upon
盰	109	目	8	gàn	gàn	
盱	109	目	8	xū	xū	wide open eyes
盲	109	目	8	máng	máng	blind
盳	109	目	8	wàng	wàng	
直	109	目	8	zhí	zhí	straight
盵	109	目	8	qì	qì	
盶	109	目	9	yuǎn	yuǎn	
盷	109	目	9	tián	tián	
相	109	目	9	xiāng	xiāng/xiàng	mutual
盹	109	目	9	dǔn	dǔn	to doze
盺	109	目	9	xīn	xīn	see indistinctly
盻	109	目	9	xì	xì	glare
盼	109	目	9	pàn	pàn	look
盽	109	目	9	fēng	fēng	
盾	109	目	9	dùn	dùn	shield
盿	109	目	9	mín	mín	
眀	109	目	9	míng	míng	
省	109	目	9	shěng	shěng/xǐng	province
眂	109	目	9	shì	shì	
眃	109	目	9	yún	yún	
眄	109	目	9	miàn	miàn	to look askance
眅	109	目	9	pān	pān	inlay
眆	109	目	9	fǎng	fǎng	indistinct
眇	109	目	9	miǎo	miǎo	blind in one eye
眈	109	目	9	dān	dān	gloat
眉	109	目	9	méi	méi	eyebrows
眊	109	目	9	mào	mào	dim-sighted
看	109	目	9	kàn	kān/kàn	look
県	109	目	9	xiàn	xiàn	county
眍	109	目	9	kōu	kōu	sunken
眎	109	目	10	shì	shì	look at
眏	109	目	10	yāng	yāng	
眐	109	目	10	zhēng	zhēng	
眑	109	目	10	yǎo	yǎo	sunken eyes
眒	109	目	10	shēn	shēn	
眓	109	目	10	huò	huò	
眔	109	目	10	dà	dà	
眕	109	目	10	zhěn	zhěn	restraint
眖	109	目	10	kuàng	kuàng	
眗	109	目	10	jū	jū	
眘	109	目	10	shèn	shèn	
眙	109	目	10	yí	yí	to gaze at
眚	109	目	10	shěng	shěng	disease of the eyes
眛	109	目	10	mèi	mèi	dim
眜	109	目	10	mò	mò	
眝	109	目	10	zhù	zhù	
眞	109	目	10	zhēn	zhēn	real
真	109	目	10	zhēn	zhēn	real
眠	109	目	10	mián	mián	close eyes
眡	109	目	10	shì	shì	(Cant.) blurred sight
眢	109	目	10	yuān	yuān	eyes without brightness
眣	109	目	10	dié	dié	prominent eyes
眤	109	目	10	nì	nì	
眥	109	目	11	zì	zì	eye sockets
眦	109	目	11	zì	zì	corner of the eyes
眧	109	目	10	chǎo	chǎo	
眨	109	目	9	zhǎ	zhǎ	wink
眩	109	目	10	xuàn	xuàn	to confuse
眪	109	目	10	bǐng	bǐng	
眫	109	目	10	mǐ	mǐ	
眬	109	目	10	lóng	lóng	faint
眭	109	目	11	suī	suī	evil look of deep-set eyes
眮	109	目	11	tóng	tóng	
眯	109	目	11	mī	mī/mí	be blinded
眰	109	目	11	diè	diè	
眱	109	目	11	dì	dì	
眲	109	目	11	nè	nè	despise
眳	109	目	11	míng	míng	
眴	109	目	11	xuàn	xuàn	dazzled
眵	109	目	11	chī	chī	eyes diseased and dim
眶	109	目	11	kuàng	kuàng	eye socket
眷	109	目	11	juàn	juàn	take interest in
眸	109	目	11	móu	móu	pupil of eye
眹	109	目	11	zhèn	zhèn	pupil
眺	109	目	11	tiào	tiào	look at
眻	109	目	11	yáng	yáng	
眼	109	目	11	yǎn	yǎn	eye
眽	109	目	11	mò	mò	to gaze
眾	109	目	11	zhòng	zhòng	masses
眿	109	目	10	mò	mò	
着	109	目	11	zhe	zhāo/zháo/zhe/zhuó	make move
睁	109	目	11	zhēng	zhēng	open eyes
睂	109	目	12	méi	méi	
睃	109	目	12	suō	suō	to see
睄	109	目	12	shào	shào	(Cant.) to glance
睅	109	目	12	hàn	hàn	big-eyed
睆	109	目	12	huàn	huàn	bright
睇	109	目	12	dì	dì	look at
睈	109	目	12	chěng	chěng	
睉	109	目	12	cuó	cuó	
睊	109	目	12	juàn	juàn	see
睋	109	目	12	é	é	
睌	109	目	12	mǎn	mǎn	
睍	109	目	12	xiàn	xiàn	to look at fearfully
睎	109	目	12	xī	xī	to long for
睏	109	目	12	kùn	kùn	be tired
睐	109	目	12	lài	lài	squint at
睑	109	目	12	jiǎn	jiǎn	eyelid
睒	109	目	13	shǎn	shǎn	to glance at
睓	109	目	13	tiǎn	tiǎn	
睔	109	目	13	gùn	gùn	
睕	109	目	13	wǎn	wǎn	
睖	109	目	13	lèng	lèng	to stare straight ahead
睗	109	目	13	shì	shì	a flash
睘	109	目	13	qióng	qióng	round
睙	109	目	13	liè	liè	
睚	109	目	13	yá	yá	corner of eye
睛	109	目	13	jīng	jīng	eyeball
睜	109	目	13	zhēng	zhēng	to open the eyes
睝	109	目	13	lí	lí	
睞	109	目	13	lài	lài	squint at
睟	109	目	13	suì	suì	clear-eyed
睠	109	目	13	juàn	juàn	to care for
睡	109	目	13	shuì	shuì	sleep
睢	109	目	13	suī	suī	gaze at
督	109	目	13	dū	dū	supervise
睤	109	目	13	bì	bì	to look around
睥	109	目	13	pì	pì	look askance at
睦	109	目	13	mù	mù	friendly
睧	109	目	13	hūn	hūn	dull vision
睨	109	目	13	nì	nì	look askance at
睩	109	目	13	lù	lù	
睪	109	目	13	yì	yì	spy on
睫	109	目	13	jié	jié	eyelashes
睬	109	目	13	cǎi	cǎi	notice
睭	109	目	13	zhǒu	zhǒu	
睮	109	目	14	yú	yú	
睯	109	目	14	hūn	hūn	
睰	109	目	13	mà	mà	
睱	109	目	14	xià	xià	to gaze slowly
睲	109	目	14	xǐng	xǐng	
睳	109	目	14	huī	huī	
睴	109	目	14	gùn	gùn	
睵	109	目	14	zāi	zāi	
睶	109	目	14	chǔn	chǔn	
睷	109	目	13	jiān	jiān	
睸	109	目	14	mèi	mèi	(Cant.) to close
睹	109	目	13	dǔ	dǔ	look at
睺	109	目	14	hóu	hóu	(Cant.) to watch
睻	109	目	14	xuān	xuān	
睼	109	目	14	tiàn	tiàn	to gaze at
睽	109	目	14	kuí	kuí	to squint
睾	109	目	14	gāo	gāo	testicle
睿	109	目	14	ruì	ruì	shrewd
瞀	109	目	14	mào	mào	to look at closely
瞁	109	目	14	xù	xù	
瞂	109	目	14	fá	fá	
瞃	109	目	14	wò	wò	
瞄	109	目	13	miáo	miáo	take aim at
瞅	109	目	14	chǒu	chǒu	to see
瞆	109	目	14	kuì	kuì	dim
瞇	109	目	14	mī	mī/mǐ	to close (the eyes)
瞈	109	目	15	wěng	wěng	
瞉	109	目	15	kòu	kòu	
瞊	109	目	15	dàng	dàng	
瞋	109	目	15	chēn	chēn	glare with anger
瞌	109	目	15	kē	kē	doze off
瞍	109	目	14	sǒu	sǒu	blind
瞎	109	目	15	xiā	xiā	blind
瞏	109	目	15	qióng	qióng	round
瞐	109	目	15	mò	mò	
瞑	109	目	15	míng	míng	close eyes
瞒	109	目	15	mán	mán	deceive
瞓	109	目	15	fèn	fèn	to sleep
瞔	109	目	16	zé	zé	
瞕	109	目	16	zhàng	zhàng	cataract in the eye
瞖	109	目	16	yì	yì	a cataract or film over the eye
瞗	109	目	16	diāo	diāo	
瞘	109	目	16	kōu	kōu	deeply-sunk eyes
瞙	109	目	15	mò	mò	
瞚	109	目	16	shùn	shùn	
瞛	109	目	16	cōng	cōng	
瞜	109	目	16	lōu	lōu	to see
瞝	109	目	15	chī	chī	
瞞	109	目	16	mán	mán	deceive
瞟	109	目	16	piǎo	piǎo	glare at
瞠	109	目	16	chēng	chēng	look at
瞡	109	目	16	guī	guī	
瞢	109	目	15	méng	méng	eyesight obscured
瞣	109	目	16	wàn	wàn	
瞤	109	目	17	rún	rún	to blink or twitch the eyes
瞥	109	目	16	piē	piē	take fleeting glance at
瞦	109	目	17	xī	xī	
瞧	109	目	17	qiáo	qiáo	glance at
瞨	109	目	17	pú	pú	
瞩	109	目	17	zhǔ	zhǔ	watch carefully
瞪	109	目	17	dèng	dèng	stare at
瞫	109	目	17	shěn	shěn	look
瞬	109	目	17	shùn	shùn	wink
瞭	109	目	17	liào	liào	bright
瞮	109	目	17	chè	chè	
瞯	109	目	17	xián	xián	to peep
瞰	109	目	16	kàn	kàn	watch
瞱	109	目	15	yè	yè	
瞲	109	目	17	xù	xù	
瞳	109	目	17	tóng	tóng	pupil of eye
瞴	109	目	17	móu	móu	
瞵	109	目	17	lín	lín	to stare at
瞶	109	目	17	guì	guì	dim
瞷	109	目	17	jiàn	jiàn	spy
瞸	109	目	17	yè	yè	
瞹	109	目	18	ài	ài	clouded
瞺	109	目	18	huì	huì	
瞻	109	目	18	zhān	zhān	look
瞼	109	目	18	jiǎn	jiǎn	eyelid
瞽	109	目	18	gǔ	gǔ	blind
瞾	109	目	18	zhào	zhào	
瞿	109	目	18	qú	qú	surname
矀	109	目	18	méi	méi	
矁	109	目	18	chǒu	chǒu	to see
矂	109	目	18	sào	sào	
矃	109	目	19	nǐng	nǐng	
矄	109	目	19	xūn	xūn	
矅	109	目	19	yào	yào	
矆	109	目	18	huò	huò	
矇	109	目	18	méng	mēng/méng	stupid
矈	109	目	19	mián	mián	dense
矉	109	目	19	pín	pín	an angry glare
矊	109	目	19	mián	mián	
矋	109	目	19	lěi	lěi	(Cant.) to stare angrily
矌	109	目	19	kuàng	kuàng	
矍	109	目	20	jué	jué	look about in fright or alarm
矎	109	目	19	xuān	xuān	
矏	109	目	20	mián	mián	
矐	109	目	21	huò	huò	
矑	109	目	21	lú	lú	the pupil of the eye
矒	109	目	20	méng	méng	
矓	109	目	21	lóng	lóng	faint
矔	109	目	22	guàn	guàn	
矕	109	目	24	mǎn	mǎn	to see
矖	109	目	24	xǐ	xǐ	to stare at
矗	109	目	24	chù	chù	straight
矘	109	目	25	tǎng	tǎng	
矙	109	目	24	kàn	kàn	view
矚	109	目	26	zhǔ	zhǔ	watch carefully
矛	110	矛	5	máo	máo	spear
矜	110	矛	9	jīn	jīn	pity
矝	110	矛	10	jīn	jīn	
矞	110	矛	12	yù	yù	bore with awl
矟	110	矛	12	shuò	shuò	lance
矠	110	矛	13	zé	zé	
矡	110	矛	25	jué	jué	
矢	111	矢	5	shǐ	shǐ	arrow
矣	111	矢	7	yǐ	yǐ	particle of completed action
矤	111	矢	8	shěn	shěn	
知	111	矢	8	zhī	zhī	know
矦	111	矢	9	hóu	hóu	
矧	111	矢	9	shěn	shěn	much more
矨	111	矢	9	yǐng	yǐng	
矩	111	矢	9	jǔ	jǔ	carpenter's square
矪	111	矢	11	zhōu	zhōu	
矫	111	矢	11	jiǎo	jiáo/jiǎo	correct
矬	111	矢	12	cuó	cuó	a dwarf
短	111	矢	12	duǎn	duǎn	short
矮	111	矢	13	ǎi	ǎi	short
矯	111	矢	17	jiǎo	jiáo/jiǎo	correct
矰	111	矢	17	zēng	zēng	arrow with attached silk cord
矱	111	矢	18	yuē	yuē	measure
矲	111	矢	20	bà	bà	
石	112	石	5	shí	dàn/shí	stone
矴	112	石	7	dìng	dìng	anchor
矵	112	石	7	qì	qì	
矶	112	石	7	jī	jī	jetty
矷	112	石	8	zǐ	zǐ	
矸	112	石	8	gān	gān	a rock or cliff
矹	112	石	8	wù	wù	
矺	112	石	8	zhé	zhé	(Cant.) to press steadily
矻	112	石	8	kū	kū	toil
矼	112	石	8	gāng	gāng	stone bridge
矽	112	石	8	xì	xī/xì	(obsolete form of 硅)
矾	112	石	8	fán	fán	alum
矿	112	石	8	kuàng	kuàng	mine
砀	112	石	8	dàng	dàng	brilliantly colored stone with veined patterns in it
码	112	石	8	mǎ	mǎ	number
砂	112	石	9	shā	shā	sand
砃	112	石	9	dān	dān	
砄	112	石	9	jué	jué	
砅	112	石	9	lì	lì	cross on stepping stones
砆	112	石	9	fū	fū	semiprecious stone
砇	112	石	9	mín	mín	a stone resembling jade
砈	112	石	9	ě	ě	
砉	112	石	9	huā	huā	the sound of flaying
砊	112	石	9	kāng	kāng	
砋	112	石	9	zhǐ	zhǐ	
砌	112	石	9	qì	qì	to build
砍	112	石	9	kǎn	kǎn	hack
砎	112	石	9	jiè	jiè	
砏	112	石	9	bīn	bīn	
砐	112	石	8	è	è	(Cant.) to nod one's head
砑	112	石	9	yà	yà	to grind
砒	112	石	9	pī	pī	(obsolete form of 砒)
砓	112	石	9	zhé	zhé	
研	112	石	9	yán	yán	grind
砕	112	石	9	suì	suì	break
砖	112	石	9	zhuān	zhuān	tile
砗	112	石	9	chē	chē	giant clam
砘	112	石	9	dùn	dùn	a kind of farm tool
砙	112	石	9	wǎ	wǎ	
砚	112	石	9	yàn	yàn	inkstone
砛	112	石	9	jīn	jīn	
砜	112	石	9	fēng	fēng	an organic compound
砝	112	石	10	fǎ	fǎ	balance weights
砞	112	石	10	mò	mò	to smash rock
砟	112	石	10	zhǎ	zhǎ	stone tablet
砠	112	石	10	jū	jū	rocky
砡	112	石	10	yù	yù	
砢	112	石	10	kē	kē	pile of stones
砣	112	石	10	tuó	tuó	a stone roller
砤	112	石	10	tuó	tuó	
砥	112	石	10	dǐ	dǐ	a whetstone
砦	112	石	11	zhài	zhài	stockade
砧	112	石	10	zhēn	zhēn	anvil
砨	112	石	10	è	è	
砩	112	石	10	fú	fú	
砪	112	石	10	mǔ	mǔ	
砫	112	石	10	zhù	zhù	name of a county in Sichuan
砬	112	石	10	lá	lá	big stone
砭	112	石	9	biān	biān	stone probe
砮	112	石	10	nǔ	nǔ	arrow-tip
砯	112	石	10	pīng	pīng	to make a loud sound
砰	112	石	10	pēng	pēng	sound of crashing stones
砱	112	石	10	líng	líng	
砲	112	石	10	pào	pào	gun
砳	112	石	10	lè	lè	rocky
破	112	石	10	pò	pò	break
砵	112	石	10	bō	bō	(Cant.) port (Eng. loan-word)
砶	112	石	10	pò	pò	
砷	112	石	10	shēn	shēn	arsenic (element 33
砸	112	石	10	zá	zá	smash
砹	112	石	10	ài	ài	astatine (element 85
砺	112	石	10	lì	lì	whetstone
砻	112	石	10	lóng	lóng	grind
砼	112	石	10	tóng	tóng	concrete
砽	112	石	10	yòng	yòng	
砾	112	石	10	lì	lì	gravel
砿	112	石	10	kuàng	kuàng	mine
础	112	石	10	chǔ	chǔ	foundation stone
硁	112	石	10	kēng	kēng	the sound of stones knocking together
硂	112	石	11	quán	quán	
硃	112	石	11	zhū	zhū	a red mole
硄	112	石	11	kuāng	kuāng	
硅	112	石	11	guī	guī	silicon (element 14
硆	112	石	11	è	è	
硇	112	石	11	náo	náo	sal ammoniac
硈	112	石	11	qià	qià	
硉	112	石	11	lù	lù	bones of a thin horse
硊	112	石	11	huì	huì	the name of a place in Wuhu county
硋	112	石	11	ài	ài	
硌	112	石	11	gè	gè	to have something hard press against the body and cause pain (such as a pebble in a shoe)
硍	112	石	11	yín	yín	strike
硎	112	石	11	xíng	xíng	whetstone
硏	112	石	11	yán	yán/yàn	grind
硐	112	石	11	dòng	dòng	(variant of 洞) cave
硑	112	石	11	pēng	pēng	
硒	112	石	11	xī	xī	selenium (element 34
硓	112	石	11	lǎo	lǎo	
硔	112	石	11	hóng	gǒng/hóng	
硕	112	石	11	shuò	shuò	great
硖	112	石	11	xiá	xiá	(archaic) town in Hebei province
硗	112	石	11	qiāo	qiāo	barren land
硘	112	石	11	huí	huí	
硙	112	石	11	wèi	wèi	stone mill
硚	112	石	11	qiáo	qiáo	place in Sichuan province
硛	112	石	11	yì	yì	
硜	112	石	12	kēng	kēng	the sound of stones knocking together
硝	112	石	12	xiāo	xiāo	saltpeter
硞	112	石	12	què	què	
硟	112	石	11	chàn	chàn	(Cant.) to slip
硠	112	石	12	láng	láng	
硡	112	石	12	hōng	hōng	
硢	112	石	12	yú	yú	
硣	112	石	12	xiāo	xiāo	
硤	112	石	12	xiá	xiá	(archaic) town in Hebei province
硥	112	石	12	mǎng	mǎng	
硦	112	石	12	luò	luò	
硧	112	石	12	yǒng	yǒng	a grindstone
硨	112	石	12	chē	chē	giant clam
硩	112	石	12	chè	chè	
硪	112	石	12	wò	wò	a tool for making rammed earth
硫	112	石	12	liú	liú	sulfur (element 16
硬	112	石	12	yìng	yìng	hard
硭	112	石	11	máng	máng	a crude saltpetre
确	112	石	12	què	què	sure
硯	112	石	12	yàn	yàn	inkstone
硰	112	石	12	shā	shā	
硱	112	石	12	kǔn	kǔn	
硲	112	石	12	yù	yù	
硳	112	石	12	chì	chì	
硴	112	石	12	huā	huā	
硵	112	石	12	lǔ	lǔ	sal ammoniac
硶	112	石	12	chěn	chěn	
硷	112	石	12	jiǎn	jiǎn	alkaline
硸	112	石	13	nüè	nüè	thick-lipped
硹	112	石	13	sōng	sōng	
硺	112	石	13	zhuó	zhuó	
硻	112	石	13	kēng	kēng	
硼	112	石	13	péng	péng	borax
硽	112	石	13	yān	yān	
硾	112	石	13	zhuì	zhuì	weight
硿	112	石	13	kōng	kòng/kōng	
碀	112	石	11	chéng	chéng	
碁	112	石	13	qí	qí	chess
碂	112	石	13	zòng	zòng	
碃	112	石	13	qìng	qìng	
碄	112	石	13	lín	lín	
碅	112	石	13	jūn	jūn	
碆	112	石	13	bō	bō	arrow-tip
碇	112	石	13	dìng	dìng	anchor
碈	112	石	13	hūn	hūn	
碉	112	石	13	diāo	diāo	room made of stone
碊	112	石	13	jiān	jiān	
碋	112	石	13	hè	hè	
碌	112	石	13	lù	liù/lù	rough
碍	112	石	13	ài	ài	obstruct
碎	112	石	13	suì	suì	break
碏	112	石	13	què	què	coloured
碐	112	石	13	léng	léng	
碑	112	石	13	bēi	bēi	stone tablet
碒	112	石	13	yín	yín	
碓	112	石	13	duì	duì	pestle
碔	112	石	13	wǔ	wǔ	an inferior gem
碕	112	石	13	qí	qí	a cape
碖	112	石	13	lǔn	lǔn	
碗	112	石	13	wǎn	wǎn	bowl
碘	112	石	13	diǎn	diǎn	iodine (element 53
碙	112	石	13	náo	náo	
碚	112	石	13	bèi	bèi	suburb
碛	112	石	13	qì	qì	sand and gravel
碜	112	石	13	chěn	chěn	gritty
碝	112	石	14	ruǎn	ruǎn	
碞	112	石	14	yán	yán	room made of stone
碟	112	石	14	dié	dié	small dish
碠	112	石	14	dìng	dìng	
碡	112	石	14	zhóu	zhóu	stone roller used to level fields
碢	112	石	13	tuó	tuó	
碣	112	石	14	jié	jié	stone tablet
碤	112	石	13	yīng	yīng	
碥	112	石	14	biǎn	biǎn	steep
碦	112	石	14	kè	kè	
碧	112	石	14	bì	bì	jade
碨	112	石	14	wèi	wèi	millstone
碩	112	石	14	shuò	shuò	great
碪	112	石	14	zhēn	zhēn	stone slab used for washing clothes
碫	112	石	14	duàn	duàn	
碬	112	石	14	xiá	xiá	whetstone
碭	112	石	14	dàng	dàng	brilliantly colored stone with veined patterns in it
碮	112	石	14	tí	tí	
碯	112	石	14	nǎo	nǎo	agate
碰	112	石	13	pèng	pèng	collide
碱	112	石	14	jiǎn	jiǎn	alkaline
碲	112	石	14	dì	dì	tellurium (element 52
碳	112	石	14	tàn	tàn	carbon (element 6
碴	112	石	14	chá	chā/chá	chipped edge of a container
碵	112	石	14	tián	tián	
碶	112	石	14	qì	qì	a flood-gate
碷	112	石	14	dùn	dùn	
碸	112	石	14	fēng	fēng	a sulfone (chemical compound)
碹	112	石	14	xuàn	xuàn	
確	112	石	15	què	què	sure
碻	112	石	15	què	què	solid
碼	112	石	15	mǎ	mǎ	number
碽	112	石	15	gōng	gōng	(a simplified form of 碽) sound of bumping or striking
碾	112	石	15	niǎn	niǎn	roller
碿	112	石	15	sù	sù	
磀	112	石	14	é	é	
磁	112	石	14	cí	cí	magnetic
磂	112	石	15	liú	liú	
磃	112	石	15	sī	sī	
磄	112	石	15	táng	táng	
磅	112	石	15	bàng	bàng/páng	pound
磆	112	石	14	huá	huá	
磇	112	石	15	pī	pī	arsenic (element 33
磈	112	石	14	wěi	wěi	an uneven rock
磉	112	石	15	sǎng	sǎng	the stone base or plinth of a pillar
磊	112	石	15	lěi	lěi	pile of rocks or stones
磋	112	石	14	cuō	cuō	polish
磌	112	石	15	tián	tián	rumbling sound
磍	112	石	15	xiá	xiá	
磎	112	石	15	xī	xī	mountain stream
磏	112	石	15	lián	qiān/lián	
磐	112	石	15	pán	pán	large rock
磑	112	石	15	wéi	wéi	stone mill
磒	112	石	15	yǔn	yǔn	to fall from or into
磓	112	石	14	duī	duī	to throw (a stone)
磔	112	石	15	zhé	zhé	to dismember
磕	112	石	15	kē	kē	hit
磖	112	石	16	lá	lá	a large stone
磗	112	石	15	zhuān	zhuān	
磘	112	石	15	yáo	yáo	
磙	112	石	15	gǔn	gǔn	roller
磚	112	石	16	zhuān	zhuān	tile
磛	112	石	16	chán	chán	cliff
磜	112	石	16	qì	qì	
磝	112	石	15	áo	áo	
磞	112	石	16	pēng	pēng	
磟	112	石	16	liù	liù	mediocre
磠	112	石	16	lǔ	lǔ	sal ammoniac
磡	112	石	16	kàn	kàn	cliff
磢	112	石	16	chuǎng	chuǎng	(Cant.) to grind
磣	112	石	16	chěn	chěn	gritty
磤	112	石	15	yǐn	yǐn	
磥	112	石	16	lěi	lěi	a heap of stones
磦	112	石	16	biāo	biāo	
磧	112	石	16	qì	qì	sand and gravel
磨	112	石	16	mó	mó/mò	grind
磩	112	石	16	qì	qì	
磪	112	石	16	cuī	cuī	a high mountain
磫	112	石	16	zōng	zōng	
磬	112	石	16	qìng	qìng	musical instrument
磭	112	石	16	chuò	chuò	
磮	112	石	16	lún	lún	
磯	112	石	17	jī	jī	jetty
磰	112	石	17	shàn	shàn	
磱	112	石	17	láo	láo	
磲	112	石	16	qú	qú	white button of 6th rank
磳	112	石	17	zēng	zēng	
磴	112	石	17	dèng	dèng	steps on ledge
磵	112	石	17	jiàn	jiàn	brook
磶	112	石	17	xì	xì	
磷	112	石	17	lín	lín	phosphorus (element 15
磸	112	石	17	dìng	dìng	
磹	112	石	17	tán	tán	
磺	112	石	16	huáng	huáng	sulphur
磻	112	石	17	pán	pán	a tributary of the Wei river in Shanxi
磼	112	石	17	zá	zá	
磽	112	石	17	qiāo	qiāo	barren land
磾	112	石	17	dī	dī	dyestuff (black-colored mineral)
磿	112	石	17	lì	lì	
礀	112	石	17	jiàn	jiàn	
礁	112	石	17	jiāo	jiāo	reef
礂	112	石	17	xī	xī	
礃	112	石	17	zhǎng	zhǎng	mining a face in a coal mine
礄	112	石	17	qiáo	qiáo	place in Sichuan province
礅	112	石	17	dūn	dūn	a stone block
礆	112	石	18	jiǎn	jiǎn	alkaline
礇	112	石	17	yù	yù	
礈	112	石	17	zhuì	zhuì	
礉	112	石	18	hé	hé	
礊	112	石	18	kè	kè	
礋	112	石	18	zé	zé	
礌	112	石	18	léi	léi	roll a stone downhill
礍	112	石	17	jié	jié	
礎	112	石	18	chǔ	chǔ	foundation stone
礏	112	石	18	yè	yè	
礐	112	石	18	què	què	
礑	112	石	18	dàng	dàng	
礒	112	石	18	yǐ	yǐ	
礓	112	石	18	jiāng	jiāng	a small stone
礔	112	石	18	pī	pī	
礕	112	石	18	pī	pī	
礖	112	石	18	yù	yù	
礗	112	石	19	pīn	pīn	
礘	112	石	19	è	è	
礙	112	石	19	ài	ài	obstruct
礚	112	石	18	kē	kē	
礛	112	石	19	jiān	jiān	
礜	112	石	18	yù	yù	
礝	112	石	19	ruǎn	ruǎn	
礞	112	石	18	méng	méng	mineral
礟	112	石	19	pào	pào	ancient ballista for throwing heavy stones
礠	112	石	18	cí	cí	
礡	112	石	18	bó	bó	fill
礢	112	石	19	yǎng	yǎng	
礣	112	石	19	mà	mà	
礤	112	石	19	cǎ	cǎ	shredder
礥	112	石	20	xián	xián	
礦	112	石	19	kuàng	kuàng	mine
礧	112	石	20	léi	léi	name of a place in Shanxi province
礨	112	石	20	lěi	lěi	
礩	112	石	20	zhì	zhì	
礪	112	石	19	lì	lì	whetstone
礫	112	石	20	lì	lì	gravel
礬	112	石	20	fán	fán	alum
礭	112	石	21	què	què	
礮	112	石	21	pào	pào	ancient ballista for throwing heavy stones a cannon
礯	112	石	21	yīng	yīng	
礰	112	石	21	lì	lì	
礱	112	石	21	lóng	lóng	grind
礲	112	石	21	lóng	lóng	
礳	112	石	21	mò	mò	name of place in shan xi province
礴	112	石	21	bó	bó	fill
礵	112	石	22	shuāng	shuāng	name of an island in Fujian province
礶	112	石	22	guàn	guàn	a jug
礷	112	石	22	lán	lán	
礸	112	石	24	cǎ	cǎ	
礹	112	石	24	yán	yán	
示	113	示	5	shì	shì	show
礻	113	示	5	shì	shì	cult
礼	113	示	5	lǐ	lǐ	social custom
礽	113	示	6	réng	réng	blessings
社	113	示	7	shè	shè	god of the soil and altars to him
礿	113	示	7	yuè	yuè	sacrifice
祀	113	示	7	sì	sì	to sacrifice
祁	113	示	6	qí	qí	pray
祂	113	示	7	tā	tā	he (honorific form
祃	113	示	7	mà	mà	a sacrifice at the beginning of a military campaign
祄	113	示	8	xiè	xiè	
祅	113	示	8	yāo	yāo	calamities
祆	113	示	8	xiān	xiān	Ormazda
祇	113	示	8	qí	qí	the spirit of the earth
祈	113	示	8	qí	qí	pray
祉	113	示	8	zhǐ	zhǐ	happiness
祊	113	示	8	bēng	bēng	river in Shāndōng
祋	113	示	8	duì	duì	
祌	113	示	8	zhòng	zhòng	
祍	113	示	9	rèn	rèn	
祎	113	示	8	yī	yī	excellent
祏	113	示	9	shí	shí	shrine
祐	113	示	9	yòu	yòu	divine intervention
祑	113	示	9	zhì	zhì	
祒	113	示	9	tiáo	tiáo	
祓	113	示	9	fú	fú	exorcise
祔	113	示	9	fù	fù	worship one's ancestors
祕	113	示	9	mì	mì	mysterious
祖	113	示	9	zǔ	zǔ	ancestor
祗	113	示	9	zhī	zhī	respect
祘	113	示	10	suàn	suàn	to calculate
祙	113	示	9	mèi	mèi	demon
祚	113	示	9	zuò	zuò	throne
祛	113	示	9	qū	qū	expel
祜	113	示	9	hù	hù	blessing
祝	113	示	9	zhù	zhù	pray for happiness or blessings
神	113	示	9	shén	shén	spirit
祟	113	示	10	suì	suì	evil spirit
祠	113	示	9	cí	cí	ancestral temple
祡	113	示	11	chái	chái	
祢	113	示	9	mí	mí	one's deceased father
祣	113	示	10	lǚ	lǚ	
祤	113	示	10	yǔ	yǔ	
祥	113	示	10	xiáng	xiáng	good luck
祦	113	示	11	wú	wú	happiness
祧	113	示	10	tiāo	tiāo	an ancestral hall
票	113	示	11	piào	piào	slip of paper or bamboo
祩	113	示	10	zhù	zhù	red or short garments
祪	113	示	10	guǐ	guǐ	
祫	113	示	10	xiá	xiá	triennial sacrifice to one's ancestors
祬	113	示	10	zhī	zhī	
祭	113	示	11	jì	jì/zhài	sacrifice to
祮	113	示	10	gào	gào	
祯	113	示	10	zhēn	zhēn	lucky
祰	113	示	11	gào	gào	
祱	113	示	11	shuì	shuì	
祲	113	示	11	jìn	jìn	ominous or sinister spirit
祳	113	示	11	shèn	shèn	
祴	113	示	11	gāi	gāi	
祵	113	示	11	kǔn	kǔn	
祶	113	示	11	dì	dì	
祷	113	示	11	dǎo	dǎo	pray
祸	113	示	11	huò	huò	misfortune
祹	113	示	12	táo	táo	
祺	113	示	12	qí	qí	good luck
祻	113	示	12	gù	gù	
祼	113	示	12	guàn	guàn	libation
祽	113	示	12	zuì	zuì	
祾	113	示	12	líng	líng	
祿	113	示	13	lù	lù	blessing
禀	113	示	13	bǐng	bǐng	report to
禁	113	示	13	jìn	jīn/jìn	restrict
禂	113	示	12	dǎo	dǎo	to pray
禃	113	示	12	zhí	zhí	
禄	113	示	12	lù	lù	blessing
禅	113	示	12	chán	chán/shàn	meditation
禆	113	示	12	bì	bì	
禇	113	示	12	zhě	zhě	
禈	113	示	13	huī	huī	
禉	113	示	13	yǒu	yǒu	
禊	113	示	13	xì	xì	semi-annual ceremony of purification
禋	113	示	13	yīn	yīn	offer sacrifice
禌	113	示	13	zī	zī	
禍	113	示	12	huò	huò	misfortune
禎	113	示	13	zhēn	zhēn	lucky
福	113	示	13	fú	fú	happiness
禐	113	示	13	yuàn	yuàn	
禑	113	示	13	wú	wú	happy
禒	113	示	13	xiǎn	xiǎn	
禓	113	示	13	yáng	yáng	to drive out demons
禔	113	示	13	zhī	zhī	happiness
禕	113	示	13	yī	yī	excellent
禖	113	示	13	méi	méi	sacrifice
禗	113	示	13	sī	sī	
禘	113	示	13	dì	dì	imperial ancestor worship
禙	113	示	13	bèi	bèi	
禚	113	示	14	zhuó	zhuó	name of a place in the kingdom of Qi during the Chunqiu era and now in Changqing county
禛	113	示	14	zhēn	zhēn	to receive blessings in a sincere spirit
禜	113	示	15	yǒng	yǒng	sacrifice
禝	113	示	14	jì	jì	
禞	113	示	14	gào	gào	
禟	113	示	14	táng	táng	
禠	113	示	14	sī	sī	happy
禡	113	示	14	mà	mà	a sacrifice at the beginning of a military campaign or on the 2nd and 16th day of the lunar month
禢	113	示	14	tà	tà	surname
禣	113	示	14	fù	fù	
禤	113	示	15	xuān	xuān	surname Xuan
禥	113	示	15	qí	qí	
禦	113	示	17	yù	yù	defend
禧	113	示	16	xǐ	xǐ	happiness
禨	113	示	16	jī	jī	pray for good fortune
禩	113	示	15	sì	sì	to sacrifice
禪	113	示	16	chán	chán/shàn	meditation
禫	113	示	16	dàn	dàn	sacrifice offered at the end of the three years' mourning the death of a parent
禬	113	示	17	guì	guì	
禭	113	示	16	suì	suì	
禮	113	示	18	lǐ	lǐ	social custom
禯	113	示	17	nóng	nóng	
禰	113	示	18	mí	mí/nǐ	one's deceased father
禱	113	示	18	dǎo	dǎo	pray
禲	113	示	18	lì	lì	
禳	113	示	21	ráng	ráng	pray or sacrifice
禴	113	示	21	yuè	yuè	sacrifice
禵	113	示	22	tí	tí	
禶	113	示	23	zàn	zàn	
禷	113	示	23	lèi	lèi	
禸	114	禸	4	róu	róu	rump
禹	114	禸	9	yǔ	yǔ	legendary hsia dynasty founder
禺	114	禸	9	yú	yú	district
离	114	禸	10	lí	lí	rare beast
禼	114	禸	11	xiè	xiè	used in personal names
禽	114	禸	12	qín	qín	birds
禾	115	禾	5	hé	hé	grain still on stalk
禿	115	禾	7	tū	tū	bald
秀	115	禾	7	xiù	xiù	ear of grain
私	115	禾	7	sī	sī	private
秂	115	禾	7	rén	rén	
秃	115	禾	7	tū	tū	bald
秄	115	禾	8	zǐ	zǐ	to hoe
秅	115	禾	8	chá	chá	
秆	115	禾	8	gǎn	gǎn	straw
秇	115	禾	8	yì	yì	skill
秈	115	禾	8	xiān	xiān	non-glutinous long grain rice
秉	115	禾	8	bǐng	bǐng	grasp
秊	115	禾	8	nián	nián	year
秋	115	禾	9	qiū	qiū	autumn
秌	115	禾	9	qiū	qiū	(same as 秋) autumn
种	115	禾	9	zhǒng	chóng/zhǒng/zhòng	seed
秎	115	禾	9	fèn	fèn	
秏	115	禾	9	hào	hào	to waste
秐	115	禾	9	yún	yún	to weed
科	115	禾	9	kē	kē	section
秒	115	禾	9	miǎo	miǎo	beard of grain or corn
秓	115	禾	9	zhī	zhī	
秔	115	禾	9	jīng	jīng	non-glutinous rice
秕	115	禾	9	bǐ	bǐ	empty grain or rice husk
秖	115	禾	9	zhī	zhī	grain that has started to ripen
秗	115	禾	9	yù	yù	
秘	115	禾	10	mì	bì/mì	secret
秙	115	禾	10	kù	kù	
秚	115	禾	10	bàn	bàn	
秛	115	禾	10	pī	pī	
秜	115	禾	10	ní	ní	
秝	115	禾	10	lì	lì	(Cant.) excessively thin
秞	115	禾	10	yóu	yóu	
租	115	禾	10	zū	zū	rent
秠	115	禾	10	pī	pī	millet
秡	115	禾	10	bó	bó	
秢	115	禾	10	líng	líng	
秣	115	禾	10	mò	mò	fodder
秤	115	禾	10	chèng	chèng	balance
秥	115	禾	10	nián	nián	white rice
秦	115	禾	10	qín	qín	feudal state of Qin
秧	115	禾	10	yāng	yāng	rice seedlings
秨	115	禾	10	zuó	zuó	
秩	115	禾	10	zhì	zhì	order
秪	115	禾	10	zhī	zhī	only
秫	115	禾	10	shú	shú	glutinous variety of millet
秬	115	禾	9	jù	jù	black millet
秭	115	禾	9	zǐ	zǐ	one billion
秮	115	禾	10	huó	huó	
积	115	禾	10	jī	jī	accumulate
称	115	禾	10	chēng	chèn/chēng	call
秱	115	禾	11	tóng	tóng	
秲	115	禾	11	zhì	zhì	
秳	115	禾	11	huó	huó	
秴	115	禾	11	hé	hé	
秵	115	禾	11	yīn	yīn	
秶	115	禾	11	zī	zī	
秷	115	禾	11	zhì	zhì	
秸	115	禾	11	jiē	jiē	stalks of millet
秹	115	禾	11	rěn	rěn	
秺	115	禾	11	dù	dù	
移	115	禾	11	yí	yí	change place
秼	115	禾	11	zhū	zhū	
秽	115	禾	11	huì	huì	dirty
秾	115	禾	11	nóng	nóng	thick
秿	115	禾	12	fù	fù	
稀	115	禾	12	xī	xī	rare
稁	115	禾	12	gǎo	gǎo	
稂	115	禾	12	láng	láng	grass
稃	115	禾	12	fū	fū	bran
稄	115	禾	12	xùn	xùn	
稅	115	禾	12	shuì	shuì	taxes
稆	115	禾	11	lǚ	lǚ	wild grain
稇	115	禾	12	kǔn	kǔn	to bind
稈	115	禾	12	gǎn	gǎn	stalk of grain
稉	115	禾	12	jīng	jīng	non-glutinous rice
稊	115	禾	12	tí	tí	darnels
程	115	禾	12	chéng	chéng	journey
稌	115	禾	12	tú	tú	glutinous rice
稍	115	禾	12	shāo	shāo/shào	little
税	115	禾	12	shuì	shuì	taxes
稏	115	禾	13	yà	yà	a kind of rice plant
稐	115	禾	13	lǔn	lǔn	
稑	115	禾	13	lù	lù	rice
稒	115	禾	13	gù	gù	
稓	115	禾	13	zuó	zuó	
稔	115	禾	13	rěn	rěn	ripe grain
稕	115	禾	13	zhùn	zhùn	
稖	115	禾	13	bàng	bàng	maize
稗	115	禾	13	bài	bài	darnels
稘	115	禾	13	jī	jī	a full year
稙	115	禾	13	zhī	zhī	grain ready for grinding
稚	115	禾	13	zhì	zhì	young
稛	115	禾	13	kǔn	kǔn	bind
稜	115	禾	13	léng	léng/líng	corner
稝	115	禾	13	péng	péng	
稞	115	禾	13	kē	kē	grain ready for grinding
稟	115	禾	13	bǐng	bǐng	report to
稠	115	禾	13	chóu	chóu	dense
稡	115	禾	13	zuì	zuì	
稢	115	禾	13	yù	yù	
稣	115	禾	13	sū	sū	revive
稤	115	禾	13	lüè	lüè	
稥	115	禾	13	xiāng	xiāng	
稦	115	禾	14	yī	yī	
稧	115	禾	14	xì	xì	
稨	115	禾	14	biǎn	biǎn	
稩	115	禾	14	jì	jì	
稪	115	禾	14	fú	fú	
稫	115	禾	14	pì	pì	
稬	115	禾	14	nuò	nuò	glutinous
稭	115	禾	14	jiē	jiē	stalk of grain
種	115	禾	14	zhǒng	zhǒng/zhòng	seed
稯	115	禾	14	zōng	zōng	
稰	115	禾	14	xǔ	xǔ	
稱	115	禾	14	chēng	chèn/chēng	call
稲	115	禾	14	dào	dào	rice growing in field
稳	115	禾	14	wěn	wěn	stable
稴	115	禾	15	xián	xián	
稵	115	禾	14	zī	zī	
稶	115	禾	15	yù	yù	
稷	115	禾	15	jì	jì	god of cereals
稸	115	禾	15	xù	xù	
稹	115	禾	15	zhěn	zhěn	detailed
稺	115	禾	15	zhì	zhì	(variant of 穉) young grain
稻	115	禾	15	dào	dào	rice growing in field
稼	115	禾	15	jià	jià	sow grain
稽	115	禾	15	jī	jī	examine
稾	115	禾	15	gǎo	gǎo	draft
稿	115	禾	15	gǎo	gǎo	draft
穀	115	禾	15	gǔ	gǔ	corn
穁	115	禾	14	róng	róng	
穂	115	禾	15	suì	suì	ear of grain
穃	115	禾	15	ròng	ròng	
穄	115	禾	16	jì	jì	panicled millet
穅	115	禾	16	kāng	kāng	chaff
穆	115	禾	16	mù	mù	majestic
穇	115	禾	16	cǎn	cǎn	deccan grass
穈	115	禾	16	méi	méi	millet
穉	115	禾	17	zhì	zhì	young grain
穊	115	禾	14	jì	jì	plough deep
穋	115	禾	16	lù	lù	rice
穌	115	禾	16	sū	sū	revive
積	115	禾	16	jī	jī	accumulate
穎	115	禾	16	yǐng	yǐng	rice tassel
穏	115	禾	16	wěn	wěn	calm
穐	115	禾	16	qiū	qiū	fall
穑	115	禾	16	sè	sè	farm
穒	115	禾	16	hè	hè	
穓	115	禾	16	yì	yì	
穔	115	禾	16	huáng	huáng	
穕	115	禾	17	qiè	qiè	
穖	115	禾	17	jǐ	jǐ	
穗	115	禾	17	suì	suì	ear of grain
穘	115	禾	17	xiāo	xiāo	
穙	115	禾	17	pú	pú	
穚	115	禾	17	jiāo	jiāo	
穛	115	禾	17	zhuō	zhuō	
穜	115	禾	17	tóng	tóng	rice
穝	115	禾	17	zuō	zuō	
穞	115	禾	17	lǚ	lǚ	
穟	115	禾	17	suì	suì	ear of grain
穠	115	禾	18	nóng	nóng	thick
穡	115	禾	18	sè	sè	farm
穢	115	禾	18	huì	huì	dirty
穣	115	禾	18	ráng	ráng	stalks of grain
穤	115	禾	19	nuò	nuò	glutinous rice
穥	115	禾	18	yù	yù	
穦	115	禾	19	pīn	pīn	
穧	115	禾	19	jì	jì	sheaf
穨	115	禾	19	tuí	tuí	ruined
穩	115	禾	19	wěn	wěn	stable
穪	115	禾	19	chēng	chēng	to praise
穫	115	禾	18	huò	huò	harvest
穬	115	禾	19	kuàng	kuàng	
穭	115	禾	20	lǚ	lǚ	wild grain
穮	115	禾	20	biāo	biāo	weed
穯	115	禾	20	sè	sè	
穰	115	禾	22	ráng	ráng	stalks of grain
穱	115	禾	22	zhuō	zhuō	
穲	115	禾	24	lí	lí	
穳	115	禾	24	cuán	cuán	
穴	116	穴	5	xué	xué	cave
穵	116	穴	6	wā	wā	deep hollow
究	116	穴	7	jiū	jiū	examine
穷	116	穴	7	qióng	qióng	poor
穸	116	穴	8	xī	xī	the gloom of the grave
穹	116	穴	8	qióng	qióng	high and vast
空	116	穴	8	kōng	kōng/kòng	empty
穻	116	穴	8	yū	yū	
穼	116	穴	9	shēn	shēn	
穽	116	穴	9	jǐng	jǐng	hole
穾	116	穴	9	yào	yào	
穿	116	穴	9	chuān	chuān	penetrate
窀	116	穴	9	zhūn	zhūn	to bury
突	116	穴	9	tū	tū	suddenly
窂	116	穴	9	láo	láo	
窃	116	穴	9	qiè	qiè	secretly
窄	116	穴	10	zhǎi	zhǎi	narrow
窅	116	穴	10	yǎo	yǎo	far
窆	116	穴	9	biǎn	biǎn	to put a coffin in a grave
窇	116	穴	10	báo	báo	
窈	116	穴	10	yǎo	yǎo	obscure
窉	116	穴	10	bǐng	bǐng	(Cant.) to hide things
窊	116	穴	10	wā	wā	pit
窋	116	穴	10	zhú	zhú	
窌	116	穴	10	jiào	jiào	pit
窍	116	穴	10	qiào	qiào	hole
窎	116	穴	10	diào	diào	deep
窏	116	穴	11	wū	wū	
窐	116	穴	11	guī	guī	
窑	116	穴	11	yáo	yáo	kiln
窒	116	穴	11	zhì	zhì	stop up
窓	116	穴	11	chuāng	chuāng	window
窔	116	穴	11	yào	yào	corner
窕	116	穴	11	tiǎo	tiǎo	slender
窖	116	穴	12	jiào	jiào	pit
窗	116	穴	12	chuāng	chuāng	window
窘	116	穴	12	jiǒng	jiǒng	embarrassed
窙	116	穴	12	xiāo	xiāo	
窚	116	穴	11	chéng	chéng	
窛	116	穴	12	kòu	kòu	
窜	116	穴	12	cuàn	cuàn	run away
窝	116	穴	12	wō	wō	nest
窞	116	穴	13	dàn	dàn	pit
窟	116	穴	13	kū	kū	hole
窠	116	穴	13	kē	kē	nest
窡	116	穴	13	zhuó	zhuó	
窢	116	穴	13	xū	xū	
窣	116	穴	13	sū	sū	to rush out of a den
窤	116	穴	13	guān	guān	
窥	116	穴	13	kuī	kuī	peep
窦	116	穴	13	dòu	dòu	surname
窧	116	穴	13	zhuō	zhuō	
窨	116	穴	14	yìn	yìn	a cellar
窩	116	穴	13	wō	wō	nest
窪	116	穴	14	wā	wā	hollow
窫	116	穴	14	yà	yà	
窬	116	穴	14	yú	yú	a small door or window
窭	116	穴	14	jù	jù	poor
窮	116	穴	15	qióng	qióng	poor
窯	116	穴	15	yáo	yáo	kiln
窰	116	穴	15	yáo	yáo	brick kiln
窱	116	穴	15	tiǎo	tiǎo	
窲	116	穴	15	cháo	cháo	
窳	116	穴	15	yǔ	yǔ	dirty
窴	116	穴	15	tián	tián	glance at
窵	116	穴	16	diào	diào	deep
窶	116	穴	16	jù	jù	poor
窷	116	穴	16	liào	liào	
窸	116	穴	16	xī	xī	faint sound
窹	116	穴	16	wù	wù	
窺	116	穴	16	kuī	kuī	peep
窻	116	穴	16	chuāng	chuāng	window
窼	116	穴	16	zhāo	zhāo	
窽	116	穴	16	kuǎn	kuǎn	empty
窾	116	穴	17	kuǎn	kuǎn	hole
窿	116	穴	16	lóng	lóng	mine shaft
竀	116	穴	17	chēng	chēng	
竁	116	穴	17	cuì	cuì	bore
竂	116	穴	17	liáo	liáo	
竃	116	穴	17	zào	zào	furnace
竄	116	穴	18	cuàn	cuàn	run away
竅	116	穴	18	qiào	qiào	hole
竆	116	穴	18	qióng	qióng	exhausted
竇	116	穴	20	dòu	dòu	surname
竈	116	穴	21	zào	zào	furnace
竉	116	穴	21	lǒng	lǒng	a hole
竊	116	穴	22	qiè	qiè	secretly
立	117	立	5	lì	lì	stand
竌	117	立	7	chù	chù	
竍	117	立	7	shí	shí	decaliter
竎	117	立	8	fù	fù	
竏	117	立	8	qiān	qiān	kiloliter
竐	117	立	9	chù	chù	
竑	117	立	9	hóng	hóng	be vast and endless
竒	117	立	9	qí	qí	strange
竓	117	立	9	háo	háo	milliliter
竔	117	立	9	shēng	shēng	liter
竕	117	立	9	fēn	fēn	deciliter
竖	117	立	9	shù	shù	perpendicular
竗	117	立	9	miào	miào	
竘	117	立	10	qǔ	qǔ	
站	117	立	10	zhàn	zhàn	stand up
竚	117	立	10	zhù	zhù	stand and wait for long time
竛	117	立	10	líng	líng	
竜	117	立	10	lóng	lóng	dragon
竝	117	立	10	bìng	bìng	to combine
竞	117	立	10	jìng	jìng	contend
竟	180	音	11	jìng	jìng	finally
章	180	音	11	zhāng	zhāng	composition
竡	117	立	11	bǎi	bǎi	hectoliter
竢	117	立	12	sì	sì	wait for
竣	117	立	12	jùn	jùn	terminate
竤	117	立	12	hóng	hóng	
童	117	立	12	tóng	tóng	child
竦	117	立	12	sǒng	sǒng	revere
竧	117	立	12	jìng	jìng	
竨	117	立	13	diào	diào	
竩	117	立	13	yì	yì	
竪	117	立	13	shù	shù	perpendicular
竫	117	立	11	jìng	jìng	
竬	117	立	14	qǔ	qǔ	
竭	117	立	14	jié	jié	put forth great effort
竮	117	立	14	pīng	pīng	
端	117	立	14	duān	duān	end
竰	117	立	14	lí	lí	centiliter
竱	117	立	16	zhuǎn	zhuǎn	
竲	117	立	17	céng	céng	
竳	117	立	17	dēng	dēng	
竴	117	立	17	cūn	cūn	
竵	117	立	18	wāi	wāi	
競	117	立	20	jìng	jìng	contend
竷	117	立	20	kǎn	kǎn	
竸	117	立	22	jìng	jìng	contend
竹	118	竹	6	zhú	zhú	bamboo
竺	118	竹	8	zhú	zhú	India
竻	118	竹	8	lè	lè	thorns
竼	118	竹	9	péng	péng	bamboo cover for boat
竽	118	竹	9	yú	yú	ancient woodwind instrument
竾	118	竹	9	chí	chí	flute
竿	118	竹	9	gān	gān	bamboo pole
笀	118	竹	9	máng	máng	
笁	118	竹	9	zhú	zhú	
笂	118	竹	9	wán	wán	
笃	118	竹	9	dǔ	dǔ	deep
笄	118	竹	10	jī	jī	a hairpin
笅	118	竹	10	jiǎo	jiǎo	
笆	118	竹	10	bā	bā	bamboo fence
笇	118	竹	10	suàn	suàn	
笈	118	竹	9	jí	jí	bamboo box used carry books
笉	118	竹	10	qǐn	qǐn	
笊	118	竹	10	zhào	zhào	ladle
笋	118	竹	10	sǔn	sǔn	bamboo shoots
笌	118	竹	10	yá	yá	
笍	118	竹	10	zhuì	zhuì	
笎	118	竹	10	yuán	yuán	
笏	118	竹	10	hù	hù	tablet held by someone having authority
笐	118	竹	10	háng	háng	bamboos placed across wooden frames on which grain may be stored in damp climates
笑	118	竹	10	xiào	xiào	smile
笒	118	竹	10	cén	cén	
笓	118	竹	10	bì	bì	to comb
笔	118	竹	10	bǐ	bǐ	writing brush
笕	118	竹	10	jiǎn	jiǎn	bamboo water pipe
笖	118	竹	10	yǐ	yǐ	
笗	118	竹	11	dōng	dōng	
笘	118	竹	11	shān	shān	
笙	118	竹	11	shēng	shēng	small gourd-shaped musical instrument
笚	118	竹	11	dā	dā	
笛	118	竹	11	dí	dí	bamboo flute
笜	118	竹	11	zhú	zhú	
笝	118	竹	11	nà	nà	
笞	118	竹	11	chī	chī	bamboo rod used for beatings
笟	118	竹	11	gū	gū	
笠	118	竹	11	lì	lì	bamboo hat
笡	118	竹	11	qiè	qiè	
笢	118	竹	11	mǐn	mǐn	
笣	118	竹	11	bāo	bāo	
笤	118	竹	11	tiáo	tiáo	a broom
笥	118	竹	11	sì	sì	a hamper
符	118	竹	11	fú	fú	i.d. tag
笧	118	竹	11	cè	cè	to entwine around
笨	118	竹	11	bèn	bèn	foolish
笩	118	竹	11	fá	fá	
笪	118	竹	11	dá	dá	a coarse mat of rushes or bamboo
笫	118	竹	10	zǐ	zǐ	bed boards
第	118	竹	11	dì	dì	sequence
笭	118	竹	11	líng	líng	bamboo screen
笮	118	竹	11	zé	zé/zuó	boards which support tiles on roof
笯	118	竹	11	nú	nú	a bird-cage
笰	118	竹	11	fú	fú	curtain
笱	118	竹	11	gǒu	gǒu	a basket trap for fish
笲	118	竹	11	fán	fán	basket
笳	118	竹	11	jiā	jiā	a reed leaf whistle
笴	118	竹	11	gǎn	gǎn	an arrow shaft
笵	118	竹	11	fàn	fàn	a bamboo form
笶	118	竹	11	shǐ	shǐ	
笷	118	竹	11	mǎo	mǎo	
笸	118	竹	11	pǒ	pǒ	flat basket for grain
笹	118	竹	11	shì	shì	small bamboo
笺	118	竹	11	jiān	jiān	note
笻	118	竹	11	qióng	qióng	
笼	118	竹	11	lóng	lóng/lǒng	cage
笽	118	竹	11	mǐn	mǐn	
笾	118	竹	11	biān	biān	bamboo container for food
笿	118	竹	12	luò	luò	
筀	118	竹	12	guì	guì	
筁	118	竹	12	qū	qū	a bamboo frame on which silkworms spin their cocoons
筂	118	竹	12	chí	chí	
筃	118	竹	12	yīn	yīn	
筄	118	竹	12	yào	yào	
筅	118	竹	12	xiǎn	xiǎn	a bamboo brush
筆	118	竹	12	bǐ	bǐ	writing brush
筇	118	竹	11	qióng	qióng	a kind of bamboo used to make staffs
筈	118	竹	12	kuò	kuò	arrow end
等	118	竹	12	děng	děng	rank
筊	118	竹	12	xiáo	xiáo	bamboo rope or cable
筋	118	竹	12	jīn	jīn	muscles
筌	118	竹	12	quán	quán	bamboo fish trap
筍	118	竹	12	sǔn	sǔn	bamboo shoot
筎	118	竹	12	rú	rú	
筏	118	竹	12	fá	fá	raft
筐	118	竹	12	kuāng	kuāng	bamboo basket or chest
筑	118	竹	12	zhù	zhù	ancient lute
筒	118	竹	12	tǒng	tǒng	thick piece of bamboo
筓	118	竹	12	jī	jī	a hairpin
答	118	竹	12	dá	dā/dá	answer
筕	118	竹	12	háng	háng	
策	118	竹	12	cè	cè	scheme
筗	118	竹	12	zhòng	zhòng	
筘	118	竹	12	kòu	kòu	a reed tool used in weaving to push the weft to the weaving mouth
筙	118	竹	12	lái	lái	
筚	118	竹	12	bì	bì	wicker
筛	118	竹	12	shāi	shāi	sieve
筜	118	竹	12	dāng	dāng	tall bamboo
筝	118	竹	12	zhēng	zhēng	stringed musical instrument
筞	118	竹	13	cè	cè	scheme
筟	118	竹	13	fū	fū	
筠	118	竹	13	yún	jūn/yún	bamboo skin
筡	118	竹	13	tú	tú	
筢	118	竹	13	pá	pá	rake
筣	118	竹	13	lí	lí	
筤	118	竹	13	láng	láng	young bamboo
筥	118	竹	12	jǔ	jǔ	round-shaped bamboo basket for holding rice
筦	118	竹	13	guǎn	guǎn	a key
筧	118	竹	13	jiǎn	jiǎn	bamboo water pipe
筨	118	竹	13	hán	hán	
筩	118	竹	13	tóng	tǒng/tóng	bamboo pipe
筪	118	竹	13	xiá	xiá	
筫	118	竹	13	zhì	zhì	
筬	118	竹	12	chéng	chéng	reed of a loom
筭	118	竹	13	suàn	suàn	an ancient device for working with numbers
筮	118	竹	13	shì	shì	divination with stalks of plants
筯	118	竹	13	zhù	zhù	chopsticks
筰	118	竹	13	zuó	zuó	cable
筱	118	竹	13	xiǎo	xiǎo	dwarf bamboo
筲	118	竹	13	shāo	shāo	basket
筳	118	竹	12	tíng	tíng	
筴	118	竹	13	cè	cè/jiā	type of grass used in divination
筵	118	竹	12	yán	yán	feast
筶	118	竹	13	gào	gào	
筷	118	竹	13	kuài	kuài	chopsticks
筸	118	竹	13	gān	gān	name of a place in Honan
筹	118	竹	13	chóu	chóu	chip
筺	118	竹	13	kuāng	kuāng	bamboo basket or chest
筻	118	竹	13	gàng	gàng	place name in Hunan province
筼	118	竹	13	yún	yún	tall bamboo
筽	118	竹	13	ōu	ōu	
签	118	竹	13	qiān	qiān	sign
筿	118	竹	13	xiǎo	xiǎo	
简	118	竹	13	jiǎn	jiǎn	simple
箁	118	竹	14	póu	póu	
箂	118	竹	14	lái	lái	
箃	118	竹	14	zōu	zōu	
箄	118	竹	14	bǐ	bǐ	a basket
箅	118	竹	14	bì	bì	grate
箆	118	竹	14	bì	bì	fine-toothed comb
箇	118	竹	14	gè	gè	numerary adjunct
箈	118	竹	14	tái	tái	
箉	118	竹	14	guǎi	guǎi	
箊	118	竹	14	yū	yū	
箋	118	竹	14	jiān	jiān	note
箌	118	竹	14	dào	dào	
箍	118	竹	14	gū	gū	hoop
箎	118	竹	14	chí	chí	ancient woodwind instrument
箏	118	竹	14	zhēng	zhēng	stringed musical instrument
箐	118	竹	14	qìng	qìng	to draw a bamboo bow or crossbow
箑	118	竹	14	shà	shà	fan
箒	118	竹	14	zhǒu	zhǒu	broom
箓	118	竹	14	lù	lù	book
箔	118	竹	14	bó	bó	reed screen
箕	118	竹	14	jī	jī	sieve
箖	118	竹	14	lín	lín	a large basket
算	118	竹	14	suàn	suàn	count
箘	118	竹	14	jùn	jùn	fine bamboo
箙	118	竹	14	fú	fú	quiver
箚	118	竹	14	zhá	zhá	brief note
箛	118	竹	14	gū	gū	bugle
箜	118	竹	14	kōng	kōng	ancient string music instrument
箝	118	竹	14	qián	qián	tweezers
箞	118	竹	14	qiān	qiān	
箟	118	竹	14	jùn	jùn	
箠	118	竹	14	chuí	chuí	horse whip
管	118	竹	14	guǎn	guǎn	pipe
箢	118	竹	14	yuān	yuān	
箣	118	竹	14	cè	cè	
箤	118	竹	14	zú	zú	
箥	118	竹	14	bǒ	bǒ	
箦	118	竹	14	zé	zé	bed mat
箧	118	竹	14	qiè	qiè	rattan box
箨	118	竹	14	tuò	tuò	bamboo sheath
箩	118	竹	14	luó	luó	bamboo basket
箪	118	竹	14	dān	dān	small bamboo basket for holding
箫	118	竹	14	xiāo	xiāo	bamboo flute
箬	118	竹	14	ruò	ruò	the cuticle of the bamboo a broad-leaved bamboo
箭	118	竹	15	jiàn	jiàn	arrow
箮	118	竹	15	xuān	xuān	
箯	118	竹	15	biān	biān	bamboo palanquin
箰	118	竹	15	sǔn	sǔn	
箱	118	竹	15	xiāng	xiāng	case
箲	118	竹	15	xiǎn	xiǎn	a bamboo brush
箳	118	竹	15	píng	píng	bamboo mat used to protect carriage passengers from dust (vulgar form)
箴	118	竹	15	zhēn	zhēn	needle
箵	118	竹	15	xīng	xīng	bamboo screen used in fishing
箶	118	竹	15	hú	hú	
箷	118	竹	15	yí	yí	a bamboo rack
箸	118	竹	14	zhù	zhù	chopsticks
箹	118	竹	15	yuē	yuē	
箺	118	竹	15	chūn	chūn	
箻	118	竹	15	lǜ	lǜ	
箼	118	竹	15	wū	wū	
箽	118	竹	15	dǒng	dǒng	
箾	118	竹	15	shuò	shuò	musical instrument like pan-pipes
箿	118	竹	15	jí	jí	
節	118	竹	13	jié	jiē/jié	knot
篁	118	竹	15	huáng	huáng	bamboo grove
篂	118	竹	15	xīng	xīng	
篃	118	竹	15	mèi	mèi	
範	118	竹	15	fàn	fàn	pattern
篅	118	竹	15	chuán	chuán	bamboo silo
篆	118	竹	15	zhuàn	zhuàn	seal script
篇	118	竹	15	piān	piān	chapter
篈	118	竹	15	fēng	fēng	
築	118	竹	16	zhú	zhù/zhú	build
篊	118	竹	15	huáng	huáng	
篋	118	竹	15	qiè	qiè	rattan box
篌	118	竹	15	hóu	hóu	ancient musical instrument
篍	118	竹	15	qiū	qiū	
篎	118	竹	15	miǎo	miǎo	
篏	118	竹	15	qiàn	qiàn	inlay
篐	118	竹	15	gū	gū	
篑	118	竹	15	kuì	kuì	a bamboo basket for carrying earth
篒	118	竹	15	yì	yì	
篓	118	竹	15	lǒu	lǒu	bamboo basket
篔	118	竹	16	yún	yún	tall bamboo
篕	118	竹	16	hé	hé	
篖	118	竹	16	táng	táng	
篗	118	竹	16	yuè	yuè	a tool used for holding or winding thread
篘	118	竹	16	chōu	chōu	a utensil used to filter wine
篙	118	竹	16	gāo	gāo	pole used to punt a boat
篚	118	竹	16	fěi	fěi	round or oval covered-baskets with short legs
篛	118	竹	16	ruò	ruò	cuticle of bamboo plant
篜	118	竹	16	zhēng	zhēng	
篝	118	竹	16	gōu	gōu	bamboo basket
篞	118	竹	16	niè	niè	
篟	118	竹	16	qiàn	qiàn	
篠	118	竹	16	xiǎo	xiǎo	dwarf bamboo
篡	118	竹	16	cuàn	cuàn	usurp
篢	118	竹	16	lǒng	lǒng	the name of bamboo hat
篣	118	竹	16	péng	péng	
篤	118	竹	16	dǔ	dǔ	deep
篥	118	竹	16	lì	lì	bugle
篦	118	竹	16	bì	bì	fine-toothed comb
篧	118	竹	16	zhuó	zhuó	
篨	118	竹	15	chú	chú	coarse bamboo mat
篩	118	竹	16	shāi	shāi	sieve
篪	118	竹	16	chí	chí	a bamboo flute with seven holes
篫	118	竹	16	zhù	zhù	
篬	118	竹	16	qiāng	qiāng	
篭	118	竹	16	lóng	lóng	cage
篮	118	竹	16	lán	lán	basket
篯	118	竹	16	jiān	jiān	surname
篰	118	竹	16	bù	bù	a bamboo basket
篱	118	竹	16	lí	lí	bamboo or wooden fence
篲	118	竹	17	huì	huì	broomstick
篳	118	竹	16	bì	bì	wicker
篴	118	竹	16	dí	dí	bamboo flute
篵	118	竹	17	cōng	cōng	
篶	118	竹	17	yān	yān	
篷	118	竹	16	péng	péng	awning
篸	118	竹	17	cǎn	cǎn/zān	a basket
篹	118	竹	16	zhuàn	zhuàn/zuǎn	to collect
篺	118	竹	17	pí	pí	a raft
篻	118	竹	17	piǎo	piǎo	
篼	118	竹	17	dōu	dōu	mountain sedan chair
篽	118	竹	18	yù	yù	
篾	118	竹	17	miè	miè	bamboo splints or slats
篿	118	竹	17	tuán	tuán	
簀	118	竹	17	zé	zé	bed mat
簁	118	竹	17	shāi	shāi	sieve
簂	118	竹	17	guì	guì	
簃	118	竹	17	yí	yí	side room
簄	118	竹	17	hù	hù	
簅	118	竹	17	chǎn	chǎn	
簆	118	竹	17	kòu	kòu	reed
簇	118	竹	17	cù	cù	swarm
簈	118	竹	17	píng	píng	bamboo mat used to protect carriage passengers from dust
簉	118	竹	16	zào	zào	deputy
簊	118	竹	17	jī	jī	
簋	118	竹	17	guǐ	guǐ	a square basket of bamboo for holding grain used at sacrifices
簌	118	竹	17	sù	sù	(of flower petals) falling
簍	118	竹	17	lǒu	lǒu	bamboo basket
簎	118	竹	17	cè	cè	
簏	118	竹	17	lù	lù	a box
簐	118	竹	17	niǎn	niǎn	
簑	118	竹	16	suō	suō	a coat
簒	118	竹	17	cuàn	cuàn	usurp
簓	118	竹	17	diāo	diāo	a bamboo whisk
簔	118	竹	17	suō	suō	a coat raincoat
簕	118	竹	17	lè	lè	(Cant.) thorn
簖	118	竹	17	duàn	duàn	bamboo trap for catching fish
簗	118	竹	17	zhù	zhù	a weir
簘	118	竹	17	xiāo	xiāo	musical instrument like pan-pipes
簙	118	竹	18	bó	bó	
簚	118	竹	18	mì	mì	
簛	118	竹	18	shāi	shāi	sieve
簜	118	竹	18	dàng	dàng	bamboo
簝	118	竹	18	liáo	liáo	
簞	118	竹	18	dān	dān	small bamboo basket for holding cooked rice
簟	118	竹	18	diàn	diàn	bamboo mat
簠	118	竹	18	fǔ	fǔ	an ancient vessel used for holding boiled grain
簡	118	竹	18	jiǎn	jiǎn	simple
簢	118	竹	18	mǐn	mǐn	
簣	118	竹	18	kuì	kuì	a bamboo basket for carrying earth
簤	118	竹	18	dài	dài	
簥	118	竹	18	jiāo	jiāo	a large pipe
簦	118	竹	18	dēng	dēng	large umbrella with a long handle
簧	118	竹	17	huáng	huáng	reed of woodwind instrument
簨	118	竹	18	sǔn	sǔn	a beam for hanging bells or drums
簩	118	竹	18	láo	láo	
簪	118	竹	18	zān	zān	hairpin
簫	118	竹	19	xiāo	xiāo	musical instrument like pan-pipes
簬	118	竹	19	lù	lù	
簭	118	竹	18	shì	shì	
簮	118	竹	18	zān	zān	
簯	118	竹	18	qí	qí	
簰	118	竹	18	pái	pái	bamboo raft
簱	118	竹	18	qí	qí	
簲	118	竹	18	pái	pái	
簳	118	竹	19	gǎn	gǎn	
簴	118	竹	19	jù	jù	
簵	118	竹	19	lù	lù	fine bamboo
簶	118	竹	18	lù	lù	
簷	118	竹	19	yán	yán	eaves of house
簸	118	竹	19	bǒ	bǒ/bò	winnower
簹	118	竹	19	dāng	dāng	tall bamboo
簺	118	竹	19	sài	sài	
簻	118	竹	17	zhuā	zhuā	empty
簼	118	竹	19	gōu	gōu	
簽	118	竹	19	qiān	qiān	sign
簾	118	竹	19	lián	lián	a blind
簿	118	竹	19	bù	bù	register
籀	118	竹	19	zhòu	zhòu	recite
籁	118	竹	19	lài	lài	bamboo flute
籂	118	竹	19	shì	shì	
籃	118	竹	20	lán	lán	basket
籄	118	竹	20	kuì	kuì	a basket for carrying earth
籅	118	竹	19	yú	yú	
籆	118	竹	19	yuè	yuè	a tool used for holding or winding thread
籇	118	竹	20	háo	háo	
籈	118	竹	19	zhēn	zhēn	
籉	118	竹	20	tái	tái	
籊	118	竹	20	tì	tì	long
籋	118	竹	20	niè	niè	
籌	118	竹	20	chóu	chóu	chip
籍	118	竹	20	jí	jí	record
籎	118	竹	20	yí	yí	
籏	118	竹	20	qí	qí	flag
籐	118	竹	21	téng	téng	climbing plants
籑	118	竹	21	zhuàn	zhuàn/zuǎn	to feed
籒	118	竹	21	zhòu	zhòu	
籓	118	竹	21	fān	fān	sieve
籔	118	竹	21	sǒu	sǒu	bamboo basket
籕	118	竹	20	zhòu	zhòu	
籖	118	竹	21	qiān	qiān	tally
籗	118	竹	22	zhuó	zhuó	
籘	118	竹	22	téng	téng	climbing plants
籙	118	竹	22	lù	lù	book
籚	118	竹	22	lú	lú	bamboo
籛	118	竹	22	jiǎn	jiǎn	surname
籜	118	竹	22	tuò	tuò	bamboo sheath
籝	118	竹	22	yíng	yíng	a tube to hold chopsticks
籞	118	竹	23	yù	yù	a fence
籟	118	竹	22	lài	lài	bamboo flute
籠	118	竹	22	lóng	lóng/lǒng	cage
籡	118	竹	22	qiè	qiè	
籢	118	竹	23	lián	lián	
籣	118	竹	23	lán	lán	bow case
籤	118	竹	23	qiān	qiān	tally
籥	118	竹	23	yuè	yuè	key
籦	118	竹	23	zhōng	zhōng	
籧	118	竹	22	qú	qú	crude bamboo mat
籨	118	竹	23	lián	lián	trousseau
籩	118	竹	24	biān	biān	bamboo container for food
籪	118	竹	24	duàn	duàn	a bamboo weir used to catch fish or crabs
籫	118	竹	25	zuǎn	zuǎn	
籬	118	竹	24	lí	lí	bamboo or wooden fence
籭	118	竹	25	sī	sī	
籮	118	竹	25	luó	luó	bamboo basket
籯	118	竹	26	yíng	yíng	bamboo chest
籰	118	竹	26	yuè	yuè	a tool used for holding or winding thread
籱	118	竹	30	zhuó	zhuó	
籲	118	竹	32	yù	yù	appeal
米	119	米	6	mǐ	mǐ	hulled or husked uncooked rice
籴	119	米	8	dí	dí	purchase grains
籵	119	米	8	fán	fán	decameter
籶	119	米	8	shēn	shēn	
籷	119	米	9	zhé	zhé	
籸	119	米	9	shēn	shēn	powdery substance
籹	119	米	9	nǚ	nǚ	cake
籺	119	米	9	hé	hé	
类	119	米	9	lèi	lèi	class
籼	119	米	9	xiān	xiān	non-glutinous long grain rice
籽	119	米	9	zǐ	zǐ	seed
籾	119	米	9	ní	ní	unhulled rice
籿	119	米	9	cùn	cùn	decimeter
粀	119	米	9	zhàng	zhàng	decameter
粁	119	米	9	qiān	qiān	kilometer
粂	119	米	9	zhāi	zhāi	surname
粃	119	米	10	bǐ	bǐ	empty husks of grain
粄	119	米	10	bǎn	bǎn	
粅	119	米	10	wù	wù	
粆	119	米	10	shā	shā	coarse
粇	119	米	10	kāng	kāng	chaff
粈	119	米	10	róu	róu	
粉	119	米	10	fěn	fěn	powder
粊	119	米	10	bì	bì	
粋	119	米	10	cuì	cuì	pure
粌	119	米	10	yǐn	yǐn	hectometer
粍	119	米	10	zhé	zhé	millimetre
粎	119	米	10	mǐ	mǐ	meter
粏	119	米	10	tà	tà	
粐	119	米	10	hù	hù	
粑	119	米	10	bā	bā	bread
粒	119	米	11	lì	lì	grain
粓	119	米	11	gān	gān	
粔	119	米	10	jù	jù	cakes made from rice flour twisted into rings
粕	119	米	11	pò	pò	lees
粖	119	米	11	mò	mò	
粗	119	米	11	cū	cū	rough
粘	119	米	11	zhān	nián/zhān	viscous
粙	119	米	11	zhòu	zhòu	
粚	119	米	11	chī	chī	
粛	119	米	11	sù	sù	pay respects
粜	119	米	11	tiào	tiào	sell grain
粝	119	米	11	lì	lì	unpolished rice
粞	119	米	12	xī	xī	to mash rice
粟	119	米	12	sù	sù	unhusked millet
粠	119	米	12	hóng	hóng	
粡	119	米	12	tóng	tóng	
粢	119	米	12	zī	zī	grain offered in ritual sacrifice
粣	119	米	11	cè	cè	
粤	119	米	12	yuè	yuè	Guangdong and Guangxi provinces
粥	119	米	12	zhōu	zhōu	rice gruel
粦	119	米	12	lín	lín	phosphorus (element 15
粧	119	米	12	zhuāng	zhuāng	toilet
粨	119	米	12	bǎi	bǎi	hectometer
粩	119	米	12	lāo	lāo	
粪	119	米	12	fèn	fèn	manure
粫	119	米	12	ér	ér	
粬	119	米	12	qū	qū	yeast
粭	119	米	12	hé	hé	
粮	119	米	13	liáng	liáng	food
粯	119	米	13	xiàn	xiàn	
粰	119	米	13	fú	fú	
粱	119	米	13	liáng	liáng	better varieties of millet
粲	119	米	13	càn	càn	polish
粳	119	米	13	jīng	jīng	non-glutinous rice
粴	119	米	13	lǐ	lǐ	kilometer
粵	119	米	13	yuè	yuè	Guangdong and Guangxi provinces
粶	119	米	14	lù	lù	
粷	119	米	14	jú	jú	
粸	119	米	14	qí	qí	
粹	119	米	14	cuì	cuì	pure
粺	119	米	14	bài	bài	polished rice or millet
粻	119	米	14	zhāng	zhāng	provisions
粼	119	米	14	lín	lín	clear like water
粽	119	米	14	zòng	zòng	dumpling made of glutinous rice
精	119	米	14	jīng	jīng	essence
粿	119	米	14	guǒ	guǒ	rice cake
糀	119	米	13	huā	huā	
糁	119	米	14	sǎn	sǎn/shēn	a grain of rice
糂	119	米	15	sǎn	sǎn	
糃	119	米	15	táng	táng	
糄	119	米	15	biǎn	biǎn	
糅	119	米	15	róu	róu	blend
糆	119	米	15	miàn	miàn	
糇	119	米	15	hóu	hóu	dried rice
糈	119	米	15	xǔ	xǔ	sacrificial rice
糉	119	米	15	zòng	zòng	dumpling made of glutinous rice
糊	119	米	15	hú	hū/hú/hù	paste
糋	119	米	15	jiàn	jiàn	
糌	119	米	15	zān	zān	Tibetan tsampa
糍	119	米	15	cí	cí	food made of crushed and cooked rice
糎	119	米	15	lí	lí	(J) centimetre
糏	119	米	16	xiè	xiè	rice grits left after hulling
糐	119	米	16	fū	fū	
糑	119	米	16	nuò	nuò	
糒	119	米	16	bèi	bèi	food for a journey
糓	119	米	16	gǔ	gǔ	grain
糔	119	米	15	xiǔ	xiǔ	juice
糕	119	米	16	gāo	gāo	cakes
糖	119	米	16	táng	táng	sugar
糗	119	米	16	qiǔ	qiǔ	parched wheat or rice
糘	119	米	16	jiā	jiā	
糙	119	米	16	cāo	cāo	coarse
糚	119	米	16	zhuāng	zhuāng	
糛	119	米	17	táng	táng	
糜	119	米	17	mí	méi/mí	rice gruel
糝	119	米	17	sǎn	sǎn/shēn	scattered (grains of rice)
糞	119	米	17	fèn	fèn	manure
糟	119	米	17	zāo	zāo	sediment
糠	119	米	17	kāng	kāng	chaff
糡	119	米	17	jiàng	jiàng	starch
糢	119	米	16	mó	mó	rice snacks
糣	119	米	18	sǎn	sǎn	
糤	119	米	18	sǎn	sǎn	fried round cakes of wheat flour
糥	119	米	18	nuò	nuò	
糦	119	米	18	xī	xī	
糧	119	米	18	liáng	liáng	food
糨	119	米	18	jiàng	jiàng	starch
糩	119	米	19	kuài	kuài	
糪	119	米	19	bò	bò	
糫	119	米	19	huán	huán	
糬	119	米	19	shǔ	shǔ	
糭	119	米	19	zòng	zòng	rice dumpling
糮	119	米	20	xiàn	xiàn	
糯	119	米	20	nuò	nuò	glutinous rice
糰	119	米	20	tuán	tuán	rice ball
糱	119	米	22	niè	niè	fermenting grain
糲	119	米	20	lì	lì	unpolished rice
糳	119	米	26	zuò	zuò	
糴	119	米	22	dí	dí	purchase grains
糵	119	米	22	niè	niè	fermenting grain
糶	119	米	25	tiào	tiào	sell grain
糷	119	米	26	làn	làn	
糸	120	糸	6	mì	mì	silk
糹	120	糸	6	sī	sī	silk
糺	120	糸	7	jiū	jiū	to collaborate
系	120	糸	7	xì	jì/xì	system
糼	120	糸	8	gōng	gōng	
糽	120	糸	8	zhěng	zhěng	
糾	120	糸	8	jiū	jiū	investigate
糿	120	糸	8	yòu	yòu	
紀	120	糸	9	jì	jì	record
紁	120	糸	9	chà	chà	
紂	120	糸	9	zhòu	zhòu	royal name
紃	120	糸	9	xún	xún	a cord
約	120	糸	9	yuē	yuē	treaty
紅	120	糸	9	hóng	hóng	red
紆	120	糸	9	yū	yū	bend
紇	120	糸	9	hé	hé	inferior silk
紈	120	糸	9	wán	wán	white silk
紉	120	糸	9	rèn	rèn	thread needle
紊	120	糸	10	wěn	wěn	confused
紋	120	糸	10	wén	wén	line
紌	120	糸	10	qiú	qiú	
納	120	糸	10	nà	nà	admit
紎	120	糸	10	zī	zī	
紏	120	糸	10	tǒu	tǒu	
紐	120	糸	10	niǔ	niǔ	knot
紑	120	糸	10	fóu	fóu	fresh
紒	120	糸	10	jì	jì	
紓	120	糸	10	shū	shū	loosen
純	120	糸	10	chún	chún	pure
紕	120	糸	10	pī	pī	spoiled silk
紖	120	糸	10	zhèn	zhèn	a rope for leading cattle or horse
紗	120	糸	10	shā	shā	gauze
紘	120	糸	10	hóng	hóng	string
紙	120	糸	10	zhǐ	zhǐ	paper
級	120	糸	9	jí	jí	level
紛	120	糸	10	fēn	fēn	in disorder
紜	120	糸	10	yún	yún	confused
紝	120	糸	10	rèn	rèn	weave
紞	120	糸	10	dǎn	dǎn	a fringe
紟	120	糸	10	jīn	jīn	a sash
素	120	糸	10	sù	sù	white (silk)
紡	120	糸	10	fǎng	fǎng	spin
索	120	糸	10	suǒ	suǒ	large rope
紣	120	糸	10	cuì	cuì	
紤	120	糸	10	jiǔ	jiǔ	
紥	120	糸	10	zā	zā/zhā	tie
紦	120	糸	10	hā	hā	
紧	120	糸	10	jǐn	jǐn	tense
紨	120	糸	11	fū	fū	
紩	120	糸	11	zhì	zhì	to sew
紪	120	糸	12	qī	qī	
紫	120	糸	12	zǐ	zǐ	purple
紬	120	糸	11	chóu	chóu	kind of thin silk
紭	120	糸	11	hóng	hóng	
紮	120	糸	11	zā	zā/zhā	tie
累	120	糸	11	lèi	léi/lěi/lèi	tired
細	120	糸	11	xì	xì	fine
紱	120	糸	11	fú	fú	ribbon or cord used attach ornaments
紲	120	糸	11	xiè	xiè	bridle
紳	120	糸	11	shēn	shēn	girdle
紴	120	糸	11	bō	bō	
紵	120	糸	11	zhù	zhù	ramie
紶	120	糸	11	qū	qū	
紷	120	糸	11	líng	líng	
紸	120	糸	11	zhù	zhù	
紹	120	糸	11	shào	shào	continue
紺	120	糸	11	gàn	gàn	dark blue or reddish color
紻	120	糸	11	yǎng	yǎng	
紼	120	糸	11	fú	fú	large rope
紽	120	糸	11	tuó	tuó	a strand of silk
紾	120	糸	11	zhěn	zhěn	turns or twist
紿	120	糸	11	dài	dài	cheat
絀	120	糸	11	chù	chù	sew
絁	120	糸	11	shī	shī	rough
終	120	糸	11	zhōng	zhōng	end
絃	120	糸	11	xián	xián	string on musical instrument
組	120	糸	11	zǔ	zǔ	class
絅	120	糸	11	jiōng	jiōng	unlined garment
絆	120	糸	11	bàn	bàn	loop
絇	120	糸	11	qú	qú	
絈	120	糸	11	mò	mò	
絉	120	糸	11	shù	shù	
絊	120	糸	11	zuì	zuì	
絋	120	糸	11	kuàng	kuàng	
経	120	糸	11	jīng	jīng	classic works
絍	120	糸	12	rèn	rèn	to lay the warp
絎	120	糸	12	háng	háng	baste
絏	120	糸	12	xiè	xiè	rope
結	120	糸	12	jié	jié	knot
絑	120	糸	12	zhū	zhū	
絒	120	糸	12	chóu	chóu	
絓	120	糸	12	guà	guà	obstructed
絔	120	糸	12	bǎi	bǎi	
絕	120	糸	12	jué	jué	cut
絖	120	糸	12	kuàng	kuàng	fine silks
絗	120	糸	12	hú	hú	
絘	120	糸	12	cì	cì	
絙	120	糸	12	huán	huán	
絚	120	糸	12	gēng	gēng	a rope
絛	120	糸	12	tāo	tāo	silk braid
絜	120	糸	12	jié	jié/xié	a marking line
絝	120	糸	12	kù	kù	trousers
絞	120	糸	12	jiǎo	jiǎo	twist
絟	120	糸	12	quán	quán	
絠	120	糸	12	gǎi	gǎi	
絡	120	糸	12	luò	luò	enmesh
絢	120	糸	12	xuàn	xuàn	variegated
絣	120	糸	12	bēng	bēng	to baste for sewing
絤	120	糸	12	xiàn	xiàn	
絥	120	糸	12	fú	fú	to harness a horse a board in front of a carriage for the driver to lean on
給	120	糸	12	gěi	gěi	give
絧	120	糸	12	dòng	dòng	
絨	120	糸	12	róng	róng	silk
絩	120	糸	12	tiào	tiào	
絪	120	糸	12	yīn	yīn	matting
絫	120	糸	12	lěi	lěi	
絬	120	糸	12	xiè	xiè	
絭	120	糸	12	juàn	juàn	
絮	120	糸	12	xù	xù	waste cotton
絯	120	糸	12	gāi	gāi	
絰	120	糸	12	dié	dié	white hempen cloth worn by mourners
統	120	糸	12	tǒng	tǒng	govern
絲	120	糸	12	sī	sī	silk
絳	120	糸	12	jiàng	jiàng	deep red
絴	120	糸	12	xiáng	xiáng	
絵	120	糸	12	huì	huì	draw
絶	120	糸	12	jué	jué	cut
絷	120	糸	12	zhí	zhí	confine
絸	120	糸	13	jiǎn	jiǎn	cocoon
絹	120	糸	13	juàn	juàn	kind of thick stiff silk
絺	120	糸	13	chī	chī	fine linen
絻	120	糸	13	miǎn	miǎn	mourning
絼	120	糸	13	zhèn	zhèn	
絽	120	糸	12	lǚ	lǚ	a silk gauze
絾	120	糸	12	chéng	chéng	
絿	120	糸	13	qiú	qiú	urgent
綀	120	糸	13	shū	shū	a kind of sackcloth
綁	120	糸	12	bǎng	bǎng	bind
綂	120	糸	13	tǒng	tǒng	govern
綃	120	糸	13	xiāo	xiāo	raw silk fabric
綄	120	糸	13	huán	huán	to hate
綅	120	糸	13	qīn	qīn	thread
綆	120	糸	13	gěng	gěng	well rope
綇	120	糸	13	xiǔ	xiǔ	
綈	120	糸	13	tí	tí	coarse pongee
綉	120	糸	13	tòu	tòu	embroider
綊	120	糸	13	xié	xié	
綋	120	糸	13	hóng	hóng	
綌	120	糸	13	xì	xì	coarse hempen cloth
綍	120	糸	13	fú	fú	rope
綎	120	糸	12	tīng	tīng	silk braided cord
綏	120	糸	13	suī	suī	soothe
綐	120	糸	13	duì	duì	a kind of fine silk fabric
綑	120	糸	13	kǔn	kǔn	coil
綒	120	糸	13	fū	fū	
經	120	糸	13	jīng	jīng/jìng	classic works
綔	120	糸	13	hù	hù	
綕	120	糸	13	zhī	zhī	
綖	120	糸	12	yán	yán	the hanging flap in the front of a hat
綗	120	糸	13	jiǒng	jiǒng	
綘	120	糸	13	féng	féng	
継	120	糸	13	jì	jì	continue
続	120	糸	13	xù	xù	continue
綛	120	糸	13	rěn	rěn	
綜	120	糸	14	zōng	zōng	arrange threads for weaving
綝	120	糸	14	chēn	chēn	to stop
綞	120	糸	14	duǒ	duǒ	a kind of thin silk
綟	120	糸	14	lì	lì	
綠	120	糸	14	lǜ	lǜ	green
綡	120	糸	14	liáng	liáng	
綢	120	糸	14	chóu	chóu	silk cloth
綣	120	糸	14	quǎn	quǎn	affectionate
綤	120	糸	13	shào	shào	
綥	120	糸	14	qí	qí	
綦	120	糸	14	qí	qí	dark grey. variegated. superlative
綧	120	糸	14	zhǔn	zhǔn	
綨	120	糸	14	qí	qí	
綩	120	糸	14	wǎn	wǎn	
綪	120	糸	14	qiàn	qiàn	dark red
綫	120	糸	14	xiàn	xiàn	line
綬	120	糸	14	shòu	shòu	silk ribbon attached as a seal
維	120	糸	14	wéi	wéi	maintain
綮	120	糸	14	qìng	qìng	embroidered banner
綯	120	糸	14	táo	táo	to braid
綰	120	糸	14	wǎn	wǎn	to string together
綱	120	糸	14	gāng	gāng	heavy rope
網	120	糸	14	wǎng	wǎng	net
綳	120	糸	14	bēng	bēng	a cloth to carry an infant on the back
綴	120	糸	14	zhuì	zhuì	patch together
綵	120	糸	14	cǎi	cǎi	varicolored silk
綶	120	糸	14	guǒ	guǒ	
綷	120	糸	14	cuì	cuì	
綸	120	糸	14	lún	guān/lún	green silk thread or tassel
綹	120	糸	14	liǔ	liǔ	skein
綺	120	糸	14	qǐ	qǐ	fine thin silk
綻	120	糸	14	zhàn	zhàn	ripped seam
綼	120	糸	14	bì	bì	
綽	120	糸	14	chuò	chuò	graceful
綾	120	糸	14	líng	líng	thin silk
綿	120	糸	14	mián	mián	cotton wad
緀	120	糸	14	qī	qī	
緁	120	糸	14	qiè	qiè	to join
緂	120	糸	14	tián	tián	
緃	120	糸	14	zōng	zōng	perpendicular
緄	120	糸	14	gǔn	gǔn	cord
緅	120	糸	14	zōu	zōu	silk of purplish color
緆	120	糸	14	xī	xī	
緇	120	糸	14	zī	zī	black silk
緈	120	糸	14	xìng	xìng	
緉	120	糸	14	liǎng	liǎng	a pair
緊	120	糸	14	jǐn	jǐn	tense
緋	120	糸	14	fēi	fēi	scarlet
緌	120	糸	14	ruí	ruí	tassels hanging from hat
緍	120	糸	14	mín	mín	(variant of 緡) a fishing-line
緎	120	糸	14	yù	yù	seam
総	120	糸	14	zǒng	zǒng	collect
緐	120	糸	14	fán	fán	
緑	120	糸	14	lǜ	lǜ	green
緒	120	糸	14	xù	xù	end of thread
緓	120	糸	14	yīng	yīng	
緔	120	糸	14	shàng	shàng	the piece of leather used for soles on Chinese shoes
緕	120	糸	14	zī	zī	
緖	120	糸	15	xù	xù	end of thread
緗	120	糸	15	xiāng	xiāng	light-yellow color
緘	120	糸	15	jiān	jiān	seal
緙	120	糸	15	kè	kè	the woof of a woven item
線	120	糸	15	xiàn	xiàn	thread
緛	120	糸	15	ruǎn	ruǎn	
緜	120	糸	15	mián	mián	cotton wad
緝	120	糸	15	jī	jī	to sew in close stitches
緞	120	糸	15	duàn	duàn	satin
緟	120	糸	15	chóng	chóng	
締	120	糸	15	dì	dì	tie
緡	120	糸	15	mín	mín	a fishing-line
緢	120	糸	14	miáo	miáo	
緣	120	糸	15	yuán	yuán	hem
緤	120	糸	15	xiè	xiè	cord
緥	120	糸	15	bǎo	bǎo	swaddling
緦	120	糸	15	sī	sī	coarse cotton cloth used for mourning
緧	120	糸	15	qiū	qiū	
編	120	糸	15	biān	biān	knit
緩	120	糸	15	huǎn	huǎn	slow
緪	120	糸	15	gēng	gēng	a rope
緫	120	糸	15	cōng	cōng	collect
緬	120	糸	15	miǎn	miǎn	distant
緭	120	糸	15	wèi	wèi	
緮	120	糸	15	fù	fù	
緯	120	糸	15	wěi	wěi	woof
緰	120	糸	15	tóu	tóu	net
緱	120	糸	15	gōu	gōu	cord binding on hilt of sword
緲	120	糸	15	miǎo	miǎo	indistinct
緳	120	糸	15	xié	xié	
練	120	糸	15	liàn	liàn	practice
緵	120	糸	15	zōng	zōng	net
緶	120	糸	15	biàn	biàn	hem
緷	120	糸	15	yùn	yùn	
緸	120	糸	15	yīn	yīn	
緹	120	糸	15	tí	tí	reddish color
緺	120	糸	14	guā	guā	anciently
緻	120	糸	16	zhì	zhì	delicate
緼	120	糸	15	yùn	yùn	(variant of 縕) tangled hemp
緽	120	糸	15	chēng	chēng	
緾	120	糸	15	chán	chán	
緿	120	糸	15	dài	dài	
縀	120	糸	15	xiá	xiá	
縁	120	糸	15	yuán	yuán	hem
縂	120	糸	15	zǒng	zǒng	collect
縃	120	糸	15	xū	xū	
縄	120	糸	15	shéng	shéng	rope
縅	120	糸	15	wēi	wēi	to threaten
縆	120	糸	15	gēng	gēng	a rope
縇	120	糸	15	xuān	xuān	decoration
縈	120	糸	16	yíng	yíng	entangle
縉	120	糸	16	jìn	jìn	red silk
縊	120	糸	16	yì	yì	hang
縋	120	糸	15	zhuì	zhuì	climb down rope
縌	120	糸	15	nì	nì	
縍	120	糸	16	bāng	bāng	to bind (shoes)
縎	120	糸	15	gǔ	gǔ	
縏	120	糸	16	pán	pán	purse
縐	120	糸	16	zhòu	zhòu	crepe
縑	120	糸	16	jiān	jiān	fine silk
縒	120	糸	15	cī	cī	to twist
縓	120	糸	16	quán	quán	orange or reddish-yellow silk
縔	120	糸	16	shuǎng	shuǎng	
縕	120	糸	16	yùn	yùn	tangled hemp
縖	120	糸	16	xiá	xiá	
縗	120	糸	16	cuī	cuī	sackcloth worn on breast during
縘	120	糸	16	xī	xī	
縙	120	糸	15	róng	róng	
縚	120	糸	16	tāo	tāo	band
縛	120	糸	16	fù	fù	to tie
縜	120	糸	16	yún	yún	
縝	120	糸	16	chēn	chēn	detailed
縞	120	糸	16	gǎo	gǎo	white raw silk
縟	120	糸	16	rù	rù	decorative
縠	120	糸	16	hú	hú	crepe
縡	120	糸	16	zài	zài	matter
縢	120	糸	16	téng	téng	bind
縣	120	糸	16	xiàn	xiàn	county
縤	120	糸	16	sù	sù	
縥	120	糸	16	zhěn	zhěn	
縦	120	糸	16	zòng	zòng	indulge in
縧	120	糸	16	tāo	tāo	silk cord
縨	120	糸	16	huǎng	huǎng	
縩	120	糸	17	cài	cài	
縪	120	糸	16	bì	bì	
縫	120	糸	16	fèng	fèng	sew
縬	120	糸	17	cù	cù	
縭	120	糸	16	lí	lí	a bridal veil
縮	120	糸	17	suō	suō	contract
縯	120	糸	17	yǎn	yǎn	long
縰	120	糸	17	xǐ	xǐ	band for the hair
縱	120	糸	17	zòng	zòng	indulge in
縲	120	糸	17	léi	léi	a chain or rope used bind criminals
縳	120	糸	17	juàn	juàn	wrap
縴	120	糸	17	qiàn	qiàn	tow line
縵	120	糸	17	màn	màn	plain silk
縶	120	糸	17	zhí	zhí	confine
縷	120	糸	17	lǚ	lǚ	thread
縸	120	糸	16	mù	mù	
縹	120	糸	17	piǎo	piǎo	light blue silk
縺	120	糸	16	lián	lián	to tangle
縻	120	糸	17	mí	mí	halter for ox
縼	120	糸	17	xuàn	xuàn	
總	120	糸	17	zǒng	zǒng	collect
績	120	糸	17	jī	jī	spin
縿	120	糸	17	shān	shān	streamer
繀	120	糸	17	suì	suì	reeling device on spinning wheel
繁	120	糸	17	fán	fán/pó	complicated
繂	120	糸	17	lǜ	lǜ	to let down slowly
繃	120	糸	17	běng	bēng/běng/bèng	bind
繄	120	糸	17	yī	yī	be
繅	120	糸	17	sāo	sāo	draw
繆	120	糸	17	móu	móu	wind around
繇	120	糸	17	yáo	yóu/yáo	reason
繈	120	糸	17	qiǎng	qiǎng	string of copper coins
繉	120	糸	17	hún	hún	
繊	120	糸	17	xiān	xiān	fine
繋	120	糸	17	jì	jì	attach
繌	120	糸	17	zōng	zōng	
繍	120	糸	17	xiù	xiù	embroider
繎	120	糸	18	rán	rán	
繏	120	糸	18	xuàn	xuàn	
繐	120	糸	18	suì	suì	fine cloth
繑	120	糸	18	qiāo	qiāo	to wind (as a spring)
繒	120	糸	18	zēng	zēng	silk fabrics
繓	120	糸	18	zuǒ	zuǒ	
織	120	糸	18	zhī	zhī	weave
繕	120	糸	18	shàn	shàn	repair
繖	120	糸	18	sǎn	sǎn	umbrella
繗	120	糸	18	lín	lín	
繘	120	糸	18	yù	yù	rope
繙	120	糸	18	fān	fān	to interpret
繚	120	糸	18	liáo	liáo	wind round
繛	120	糸	18	chuò	chuò	
繜	120	糸	18	zūn	zūn	
繝	120	糸	18	jiàn	jiàn	
繞	120	糸	18	rào	rǎo/rào	entwine
繟	120	糸	18	chǎn	chǎn	
繠	120	糸	18	ruǐ	ruǐ	hang
繡	120	糸	19	xiù	xiù	embroider
繢	120	糸	18	huì	huì	draw
繣	120	糸	18	huà	huà	obstinate
繤	120	糸	17	zuǎn	zuǎn	edit
繥	120	糸	18	xī	xī	
繦	120	糸	18	qiǎng	qiǎng	string of copper coins
繧	120	糸	18	wén	wén	
繨	120	糸	18	da	da	a knot (of a rope)
繩	120	糸	19	shéng	shéng	rope
繪	120	糸	19	huì	huì	draw
繫	120	糸	19	xì	xì	attach
繬	120	糸	19	sè	sè	
繭	120	糸	19	jiǎn	jiǎn	cocoon
繮	120	糸	19	jiāng	jiāng	reins
繯	120	糸	19	huán	huán	noose
繰	120	糸	19	zǎo	zǎo	to reel silk from cocoons
繱	120	糸	18	cōng	cōng	
繲	120	糸	19	xiè	xiè	to work as a tailor
繳	120	糸	19	jiǎo	jiǎo	deliver
繴	120	糸	19	bì	bì	a kind of fishing-net
繵	120	糸	19	dàn	dàn	
繶	120	糸	19	yì	yì	
繷	120	糸	19	nǒng	nǒng	
繸	120	糸	18	suì	suì	hem or border of a garment
繹	120	糸	19	yì	yì	to unravel or unreel silk
繺	120	糸	19	shǎi	shǎi	
繻	120	糸	20	xū	xū	fine silk gauze
繼	120	糸	20	jì	jì	continue
繽	120	糸	20	bīn	bīn	flourishing
繾	120	糸	19	qiǎn	qiǎn	attached to
繿	120	糸	20	lán	lán	(same as 襤) clothes without hem
纀	120	糸	20	pú	pú	
纁	120	糸	20	xūn	xūn	light red
纂	120	糸	20	zuǎn	zuǎn	edit
纃	120	糸	20	qí	qí	
纄	120	糸	19	péng	péng	
纅	120	糸	21	yào	yào	
纆	120	糸	21	mò	mò	cord
纇	120	糸	21	lèi	lèi	knot
纈	120	糸	21	xié	xié	patterned silk
纉	120	糸	21	zuǎn	zuǎn	
纊	120	糸	20	kuàng	kuàng	cotton
纋	120	糸	21	yōu	yōu	
續	120	糸	21	xù	xù	continue
纍	120	糸	21	léi	léi/lěi	bind
纎	120	糸	21	xiān	xiān	fine
纏	120	糸	21	chán	chán	wrap
纐	120	糸	21	jiǎo	jiǎo	
纑	120	糸	22	lú	lú	to soften hemp by boiling
纒	120	糸	22	chán	chán	wrap
纓	120	糸	23	yīng	yīng	a chin strap
纔	120	糸	23	cái	cái	talent
纕	120	糸	23	rǎng	rǎng	belt
纖	120	糸	23	xiān	xiān	fine
纗	120	糸	24	zuī	zuī	
纘	120	糸	25	zuǎn	zuǎn	continue
纙	120	糸	25	luò	luò	
纚	120	糸	25	lí	lí/xǐ	long
纛	120	糸	25	dào	dào	a banner
纜	120	糸	27	lǎn	lǎn	hawser
纝	120	糸	27	léi	léi	
纞	120	糸	29	liàn	liàn	
纟	120'	纟	3	sī	sī	silk
纠	120'	纟	5	jiū	jiū	investigate
纡	120'	纟	6	yū	yū	bend
红	120'	纟	6	hóng	hóng	red
纣	120'	纟	6	zhòu	zhòu	name of an emperor
纤	120'	纟	6	xiān	qiàn/xiān	fine
纥	120'	纟	6	hé	hé	inferior silk
约	120'	纟	6	yuē	yāo/yuē	treaty
级	120'	纟	6	jí	jí	level
纨	120'	纟	6	wán	wán	white silk
纩	120'	纟	6	kuàng	kuàng	cotton
纪	120'	纟	6	jì	jǐ/jì	record
纫	120'	纟	6	rèn	rèn	thread needle
纬	120'	纟	7	wěi	wěi	woof
纭	120'	纟	7	yún	yún	confused
纮	120'	纟	7	hóng	hóng	string
纯	120'	纟	7	chún	chún	pure
纰	120'	纟	7	pī	pī	spoiled silk
纱	120'	纟	7	shā	shā	gauze
纲	120'	纟	7	gāng	gāng	heavy rope
纳	120'	纟	7	nà	nà	admit
纴	120'	纟	7	rèn	rèn	weave
纵	120'	纟	7	zòng	zòng	indulge in
纶	120'	纟	7	lún	guān/lún	green silk thread or tassel
纷	120'	纟	7	fēn	fēn	in disorder
纸	120'	纟	7	zhǐ	zhǐ	paper
纹	120'	纟	7	wén	wén	line
纺	120'	纟	7	fǎng	fǎng	spin
纻	120'	纟	7	zhù	zhù	ramie
纼	120'	纟	7	zhèn	zhèn	a rope for leading cattle or horse
纽	120'	纟	7	niǔ	niǔ	knot
纾	120'	纟	7	shū	shū	loosen
线	120'	纟	8	xiàn	xiàn	line
绀	120'	纟	8	gàn	gàn	dark blue or reddish color
绁	120'	纟	8	xiè	xiè	to contract
绂	120'	纟	8	fú	fú	ribbon or cord used attach ornaments
练	120'	纟	8	liàn	liàn	to practice
组	120'	纟	8	zǔ	zǔ	class
绅	120'	纟	8	shēn	shēn	girdle
细	120'	纟	8	xì	xì	fine
织	120'	纟	8	zhī	zhī	weave
终	120'	纟	8	zhōng	zhōng	end
绉	120'	纟	8	zhòu	zhòu	crepe
绊	120'	纟	8	bàn	bàn	loop
绋	120'	纟	8	fú	fú	large rope
绌	120'	纟	8	chù	chù	sew
绍	120'	纟	8	shào	shào	continue
绎	120'	纟	8	yì	yì	to unravel or unreel silk
经	120'	纟	8	jīng	jīng/jìng	classic works
绐	120'	纟	8	dài	dài	cheat
绑	120'	纟	9	bǎng	bǎng	bind
绒	120'	纟	9	róng	róng	silk
结	120'	纟	9	jié	jiē/jié	knot
绔	120'	纟	9	kù	kù	trousers
绕	120'	纟	9	rào	rào	entwine
绖	120'	纟	9	dié	dié	white hempen cloth worn by mourners
绗	120'	纟	9	háng	háng	baste
绘	120'	纟	9	huì	huì	draw
给	120'	纟	9	gěi	gěi/jǐ	give
绚	120'	纟	9	xuàn	xuàn	variegated
绛	120'	纟	9	jiàng	jiàng	deep red
络	120'	纟	9	luò	lào/luò	enmesh
绝	120'	纟	9	jué	jué	to cut
绞	120'	纟	9	jiǎo	jiǎo	twist
统	120'	纟	9	tǒng	tǒng	govern
绠	120'	纟	10	gěng	gěng	well rope
绡	120'	纟	10	xiāo	xiāo	raw silk fabric
绢	120'	纟	10	juàn	juàn	kind of thick stiff silk
绣	120'	纟	10	xiù	xiù	embroider
绤	120'	纟	10	xì	xì	cloth
绥	120'	纟	10	suí	suí	soothe
绦	120'	纟	10	tāo	tāo	silk cord
继	120'	纟	10	jì	jì	continue
绨	120'	纟	10	tí	tì/tí	coarse pongee
绩	120'	纟	11	jì	jì	spin
绪	120'	纟	11	xù	xù	end of thread
绫	120'	纟	11	líng	líng	thin silk
绬	120'	纟	11	yīng	yīng	
续	120'	纟	11	xù	xù	continue
绮	120'	纟	11	qǐ	qǐ	fine thin silk
绯	120'	纟	11	fēi	fēi	scarlet
绰	120'	纟	11	chuò	chāo/chuò	graceful
绱	120'	纟	11	shàng	shàng	the piece of leather used for soles on Chinese shoes
绲	120'	纟	11	gǔn	gǔn	cord
绳	120'	纟	11	shéng	shéng	rope
维	120'	纟	11	wéi	wéi	maintain
绵	120'	纟	11	mián	mián	cotton wad
绶	120'	纟	11	shòu	shòu	silk ribbon attached as a seal
绷	120'	纟	11	bēng	bēng/běng/bèng	bind
绸	120'	纟	11	chóu	chóu	silk cloth
绹	120'	纟	11	táo	táo	to braid
绺	120'	纟	11	liǔ	liǔ	skein
绻	120'	纟	11	quǎn	quǎn	affectionate
综	120'	纟	11	zōng	zèng/zōng	arrange threads for weaving
绽	120'	纟	11	zhàn	zhàn	ripped seam
绾	120'	纟	11	wǎn	wǎn	to string together
绿	120'	纟	11	lǜ	lù/lǜ	green
缀	120'	纟	11	zhuì	zhuì	patch together
缁	120'	纟	11	zī	zī	black silk
缂	120'	纟	12	kè	kè	the woof of a woven item
缃	120'	纟	12	xiāng	xiāng	light-yellow color
缄	120'	纟	12	jiān	jiān	seal
缅	120'	纟	12	miǎn	miǎn	distant
缆	120'	纟	12	lǎn	lǎn	hawser
缇	120'	纟	12	tí	tí	reddish color
缈	120'	纟	12	miǎo	miǎo	indistinct
缉	120'	纟	12	jī	jī/qī	to sew in close stitches
缊	120'	纟	12	yùn	yùn	tangled hemp
缋	120'	纟	12	huì	huì	draw
缌	120'	纟	12	sī	sī	coarse cotton cloth used for mourning
缍	120'	纟	11	duǒ	duǒ	a kind of thin silk
缎	120'	纟	12	duàn	duàn	satin
缏	120'	纟	12	biàn	biàn/pián	hem
缐	120'	纟	12	xiàn	xiàn	thread
缑	120'	纟	12	gōu	gōu	cord binding on hilt of sword
缒	120'	纟	12	zhuì	zhuì	climb down rope
缓	120'	纟	12	huǎn	huǎn	slow
缔	120'	纟	12	dì	dì	tie
缕	120'	纟	12	lǚ	lǚ	thread
编	120'	纟	12	biān	biān	knit
缗	120'	纟	12	mín	mín	fishing-line
缘	120'	纟	12	yuán	yuán	hem
缙	120'	纟	13	jìn	jìn	red silk
缚	120'	纟	13	fù	fù	to tie
缛	120'	纟	13	rù	rù	decorative
缜	120'	纟	13	zhěn	zhěn	detailed
缝	120'	纟	13	fèng	féng/fèng	sew
缞	120'	纟	13	cuī	cuī	sackcloth worn on breast during
缟	120'	纟	13	gǎo	gǎo	white raw silk
缠	120'	纟	13	chán	chán	wrap
缡	120'	纟	13	lí	lí	a bridal veil
缢	120'	纟	13	yì	yì	hang
缣	120'	纟	13	jiān	jiān	fine silk
缤	120'	纟	13	bīn	bīn	flourishing
缥	120'	纟	14	piāo	piāo	light blue silk
缦	120'	纟	14	màn	màn	plain silk
缧	120'	纟	14	léi	léi	a chain or rope used bind criminals
缨	120'	纟	14	yīng	yīng	a chin strap
缩	120'	纟	14	suō	sù/suō	contract
缪	120'	纟	14	móu	miào/miù/móu	wind around
缫	120'	纟	14	sāo	sāo	draw
缬	120'	纟	15	xié	xié	patterned silk
缭	120'	纟	15	liáo	liáo	wind round
缮	120'	纟	15	shàn	shàn	repair
缯	120'	纟	15	zēng	zēng	silk fabrics
缰	120'	纟	16	jiāng	jiāng	reins
缱	120'	纟	16	qiǎn	qiǎn	attached to
缲	120'	纟	16	qiāo	qiāo	to reel
缳	120'	纟	16	huán	huán	noose
缴	120'	纟	16	jiǎo	jiǎo	deliver
缵	120'	纟	19	zuǎn	zuǎn	continue
缶	121	缶	6	fǒu	fǒu	earthen crock or jar
缷	121	缶	8	xiè	xiè	lay down
缸	121	缶	9	gāng	gāng	earthenware jug
缹	121	缶	10	fǒu	fǒu	(Cant.) to cook
缺	121	缶	10	quē	quē	be short of
缻	121	缶	10	fǒu	fǒu	pottery
缼	121	缶	10	quē	quē	
缽	121	缶	11	bō	bō	earthenware basin
缾	121	缶	12	píng	píng	jar
缿	121	缶	12	xiàng	xiàng	
罀	121	缶	12	zhào	zhào	black glazed earthen jar
罁	121	缶	14	gāng	gāng	a cistern
罂	121	缶	14	yīng	yīng	long necked jar or bottle
罃	121	缶	16	yīng	yīng	long necked jar or bottle
罄	121	缶	17	qìng	qìng	exhaust
罅	121	缶	17	xià	xià	crack
罆	121	缶	17	guàn	guàn	jar
罇	121	缶	18	zūn	zūn	a goblet
罈	121	缶	18	tán	tán	an earthenware jar
罉	121	缶	18	chēng	chēng	(Cant.) a pot
罊	121	缶	19	qì	qì	
罋	121	缶	19	wèng	wèng	earthen jar
罌	121	缶	20	yīng	yīng	long necked jar or bottle
罍	121	缶	21	léi	léi	large earthenware wine jar
罎	121	缶	22	tán	tán	an earthenware jar
罏	121	缶	22	lú	lú	earthen stand for wine jug
罐	121	缶	23	guàn	guàn	jar
网	122	网	6	wǎng	wǎng	net
罒	122	网	5	wǎng	wǎng	Radical 122
罓	122	网	4	gāng	gāng	
罔	122	网	8	wǎng	wǎng	net
罕	122	网	7	hǎn	hǎn	rare
罖	122	网	8	luó	luó	kwukyel
罗	122	网	8	luó	luó	net for catching birds
罘	122	网	9	fú	fú	screen used in ancient times
罙	122	网	8	shēn	shēn	deep
罚	122	网	9	fá	fá	penalty
罛	122	网	10	gū	gū	large fishing net
罜	122	网	10	zhǔ	zhǔ	
罝	122	网	10	jū	jū	net for catching rabbits
罞	122	网	10	máo	máo	
罟	122	网	10	gǔ	gǔ	net
罠	122	网	10	mín	mín	animal trap
罡	122	网	10	gāng	gāng	the stars making up the handle of the Big Dipper (Alkaid
罢	122	网	10	bà	bà/ba	cease
罣	122	网	11	guà	guà	hinder
罤	122	网	12	tí	tí	
罥	122	网	12	juàn	juàn	impede
罦	122	网	12	fú	fú	net
罧	122	网	13	shèn	shèn	a heap
罨	122	网	13	yǎn	yǎn	medical compress
罩	122	网	13	zhào	zhào	basket for catching fish
罪	122	网	13	zuì	zuì	crime
罫	122	网	13	guà	guà	hinder
罬	122	网	13	zhuó	zhuó	
罭	122	网	13	yù	yù	drag-net made of fine mesh
置	122	网	13	zhì	zhì	place
罯	122	网	14	ǎn	ǎn	
罰	122	网	14	fá	fá	penalty
罱	122	网	14	lǎn	lǎn	fishing net
署	122	网	13	shǔ	shǔ	public office
罳	122	网	14	sī	sī	wooden screen
罴	122	网	14	pí	pí	brown bear
罵	122	网	15	mà	mà	accuse
罶	122	网	15	liǔ	liǔ	fishing trap
罷	122	网	15	bà	bà/ba/pí	cease
罸	122	网	15	fá	fá	penalty
罹	122	网	16	lí	lí	sorrow
罺	122	网	16	cháo	cháo	
罻	122	网	16	wèi	wèi	net
罼	122	网	15	bì	bì	
罽	122	网	17	jì	jì	a kind of woolen fabric
罾	122	网	17	zēng	zēng	a large square net
罿	122	网	17	chōng	chōng	net catch birds
羀	122	网	18	liǔ	liǔ	fishing trap
羁	122	网	17	jī	jī	halter
羂	122	网	18	juàn	juàn	to trap
羃	122	网	18	mì	mì	cover-cloth
羄	122	网	19	zhào	zhào	
羅	122	网	19	luó	luó	net for catching birds
羆	122	网	19	pí	pí	brown bear
羇	122	网	22	jī	jī	an inn
羈	122	网	24	jī	jī	halter
羉	122	网	24	luán	luán	
羊	123	羊	6	yáng	yáng	sheep
羋	123	羊	8	mǐ	mǐ	bleat of sheep
羌	123	羊	7	qiāng	qiāng	Qiang nationality
羍	123	羊	9	dá	dá	
美	123	羊	9	měi	měi	beautiful
羏	123	羊	9	yáng	yáng	
羐	123	羊	10	yǒu	yǒu	to lead
羑	123	羊	9	yǒu	yǒu	a guide to goodness
羒	123	羊	10	fén	fén	a white ram
羓	123	羊	10	bā	bā	dried meat
羔	123	羊	10	gāo	gāo	lamb
羕	123	羊	11	yàng	yàng	overflow
羖	123	羊	10	gǔ	gǔ	a black ram
羗	123	羊	9	qiāng	qiāng	Qiang people
羘	123	羊	10	zāng	zāng	ram
羙	123	羊	10	gāo	gāo	beautiful
羚	123	羊	11	líng	líng	species of antelope
羛	123	羊	11	yì	yì	
羜	123	羊	11	zhù	zhù	lamb
羝	123	羊	11	dī	dī	ram
羞	123	羊	10	xiū	xiū	disgrace
羟	123	羊	11	qiǎng	qiǎng	hydroxide
羠	123	羊	12	yí	yí	
羡	123	羊	12	xiàn	xiàn	envy
羢	123	羊	12	róng	róng	fine woolen fabrics
羣	123	羊	13	qún	qún	group
群	123	羊	13	qún	qún	group
羥	123	羊	13	qiǎng	qiǎng	hydroxyl group
羦	123	羊	13	huán	huán	
羧	123	羊	13	suō	suō	carboxyl group
羨	123	羊	13	xiàn	xiàn	envy
義	123	羊	13	yì	yì	right conduct
羪	123	羊	13	yǎng	yǎng	
羫	123	羊	14	qiāng	qiāng	the skeleton of a sheep
羬	123	羊	15	qián	qián	
羭	123	羊	15	yú	yú	good
羮	123	羊	15	gēng	gēng	soup
羯	123	羊	15	jié	jié	wether
羰	123	羊	15	tāng	tāng	carbonyl group
羱	123	羊	16	yuán	yuán	sheep
羲	123	羊	16	xī	xī	surname
羳	123	羊	18	fán	fán	
羴	123	羊	18	shān	shān	rank odor of sheep or goats
羵	123	羊	18	fén	fén	spirit
羶	123	羊	19	shān	shān	rank odor
羷	123	羊	19	liǎn	liǎn	
羸	123	羊	19	léi	léi	weak
羹	123	羊	19	gēng	gēng	soup
羺	123	羊	20	nóu	nóu	
羻	123	羊	21	qiàng	qiàng	
羼	123	羊	21	chàn	chàn	confuse
羽	124	羽	6	yǔ	yǔ	feather
羾	124	羽	9	gòng	gòng	
羿	124	羽	9	yì	yì	legendary archer
翀	124	羽	10	chōng	chōng	fly upward
翁	124	羽	10	wēng	wēng	old man
翂	124	羽	10	fēn	fēn	
翃	124	羽	10	hóng	hóng	fly
翄	124	羽	10	chì	chì	winds
翅	124	羽	10	chì	chì	wings
翆	124	羽	10	cuì	cuì	color green
翇	124	羽	11	fú	fú	
翈	124	羽	11	xiá	xiá	
翉	124	羽	11	běn	běn	
翊	124	羽	11	yì	yì	flying
翋	124	羽	11	lā	lā	
翌	124	羽	11	yì	yì	bright
翍	124	羽	11	pī	pī	
翎	124	羽	11	líng	líng	feather
翏	124	羽	11	liù	liù	the sound of the wind
翐	124	羽	11	zhì	zhì	
翑	124	羽	11	qú	qú	
習	124	羽	11	xí	xí	practice
翓	124	羽	12	xié	xié	
翔	124	羽	12	xiáng	xiáng	soar
翕	124	羽	12	xī	xī	agree
翖	124	羽	12	xī	xī	ksc extension 3108
翗	124	羽	12	ké	ké	
翘	124	羽	12	qiào	qiáo/qiào	turn up
翙	124	羽	12	huì	huì	whir
翚	124	羽	12	huī	huī	pheasant
翛	124	羽	12	xiāo	xiāo	look of rumpled feathers
翜	124	羽	13	shà	shà	
翝	124	羽	13	hóng	hóng	
翞	124	羽	14	jiāng	jiāng	
翟	124	羽	14	dí	dí/zhái	surname
翠	124	羽	14	cuì	cuì	color green
翡	124	羽	14	fěi	fěi	kingfisher
翢	124	羽	14	dào	dào	
翣	124	羽	14	shà	shà	feathers used decorate coffin
翤	124	羽	14	chì	chì	
翥	124	羽	14	zhù	zhù	to soar
翦	124	羽	15	jiǎn	jiǎn	scissors
翧	124	羽	15	xuān	xuān	
翨	124	羽	15	chì	chì	
翩	124	羽	15	piān	piān	fly
翪	124	羽	15	zōng	zōng	flutter
翫	124	羽	15	wán	wán	careless
翬	124	羽	15	huī	huī	pheasant
翭	124	羽	15	hóu	hóu	
翮	124	羽	16	hé	hé	stem of feather
翯	124	羽	16	hè	hè	glistening plumage
翰	124	羽	16	hàn	hàn	writing brush
翱	124	羽	16	áo	áo	soar
翲	124	羽	17	piāo	piāo	
翳	124	羽	17	yì	yì	shade
翴	124	羽	16	lián	lián	
翵	124	羽	17	hóu	hóu	
翶	124	羽	17	áo	áo	
翷	124	羽	18	lín	lín	
翸	124	羽	18	pěn	pěn	
翹	124	羽	18	qiào	qiáo/qiào	turn up
翺	124	羽	18	áo	áo	soar
翻	124	羽	18	fān	fān	flip over
翼	124	羽	17	yì	yì	wings
翽	124	羽	19	huì	huì	whir
翾	124	羽	19	xuān	xuān	fly
翿	124	羽	20	dào	dào	streamer adorned with feathers
耀	124	羽	20	yào	yào	shine
老	125	老	6	lǎo	lǎo	old
耂	125	老	4	lǎo	lǎo	variant of Kangxi radical 125
考	125	老	6	kǎo	kǎo	examine
耄	125	老	10	mào	mào	elderly person
者	125	老	8	zhě	zhě	that which
耆	125	老	10	qí	qí	man of sixty
耇	125	老	9	gǒu	gǒu	wrinkled face of the elderly
耈	125	老	11	gǒu	gǒu	old age
耉	125	老	9	gǒu	gǒu	old age
耊	125	老	10	dié	dié	
耋	125	老	12	dié	dié	aged
而	126	而	6	ér	ér	and
耍	126	而	9	shuǎ	shuǎ	frolic
耎	126	而	9	ruǎn	ruǎn	weak
耏	126	而	9	nài	ér/nài	whiskers
耐	126	而	9	nài	nài	endure
耑	126	而	9	duān	duān	specialized
耒	127	耒	6	lěi	lěi	handle of plow
耓	127	耒	8	tīng	tīng	
耔	127	耒	9	zǐ	zǐ	to hoe up the earth around plants
耕	127	耒	10	gēng	gēng	plow
耖	127	耒	10	chào	chào	harrow
耗	127	耒	10	hào	hào	consume
耘	127	耒	10	yún	yún	weed
耙	127	耒	10	bà	bà/pá	rake
耚	127	耒	11	pī	pī	
耛	127	耒	11	yí	yí	
耜	127	耒	11	sì	sì	spade-shaped tool
耝	127	耒	11	qù	qù	
耞	127	耒	11	jiā	jiā	flail
耟	127	耒	10	jù	jù	
耠	127	耒	12	huō	huō	till
耡	127	耒	13	chú	chú	hoe
耢	127	耒	13	lào	lào	a kind of farm tool
耣	127	耒	14	lǔn	lǔn	
耤	127	耒	14	jí	jí	plough
耥	127	耒	14	tāng	tāng	farm tool
耦	127	耒	15	ǒu	ǒu	plow side by side
耧	127	耒	15	lóu	lóu	drill for sowing grain
耨	127	耒	16	nòu	nòu	hoe
耩	127	耒	16	jiǎng	jiǎng	to plough. to sow
耪	127	耒	16	pǎng	pǎng	plow
耫	127	耒	17	zhá	zhá	
耬	127	耒	17	lóu	lóu	drill for sowing grain
耭	127	耒	18	jī	jī	plow
耮	127	耒	18	lào	lào	a kind of farm tool
耯	127	耒	19	huò	huò	
耰	127	耒	21	yōu	yōu	toothless rake for drawing earth over newly sown grain
耱	127	耒	22	mò	mò	a kind of farm tool
耲	127	耒	22	huái	huái	a tool used in northeast China for overturning soil
耳	128	耳	6	ěr	ěr	ear
耴	128	耳	7	yì	yì	ear lobe
耵	128	耳	8	dīng	dīng	earwax
耶	128	耳	8	yé	yē/yé	used in transliteration
耷	128	耳	9	dā	dā	ears hanging down
耸	128	耳	10	sǒng	sǒng	urge on
耹	128	耳	10	qín	qín	
耺	128	耳	10	yún	yún	(non-standard variant of 職) duty
耻	128	耳	10	chǐ	chǐ	shame
耼	128	耳	10	dān	dān	ears without rim
耽	128	耳	10	dān	dān	indulge in
耾	128	耳	10	hóng	hóng	deafness
耿	128	耳	10	gěng	gěng	bright
聀	128	耳	10	zhí	zhí	
聁	128	耳	10	pàn	pàn	
聂	128	耳	10	niè	niè	whisper
聃	128	耳	11	dān	dān	ears without rims
聄	128	耳	11	zhěn	zhěn	
聅	128	耳	11	chè	chè	
聆	128	耳	11	líng	líng	listen
聇	128	耳	11	zhēng	zhēng	
聈	128	耳	11	yǒu	yǒu	
聉	128	耳	11	wà	wà	
聊	128	耳	11	liáo	liáo	somewhat
聋	128	耳	11	lóng	lóng	deaf
职	128	耳	11	zhí	zhí	duty
聍	128	耳	11	níng	níng	earwax
聎	128	耳	12	tiāo	tiāo	
聏	128	耳	12	ér	ér	
聐	128	耳	12	yà	yà	
聑	128	耳	12	tiē	tiē	
聒	128	耳	12	guō	guō	clamor
聓	128	耳	12	xù	xù	
联	128	耳	12	lián	lián	connect
聕	128	耳	13	hào	hào	
聖	128	耳	13	shèng	shèng	holy
聗	128	耳	13	liè	liè	
聘	128	耳	13	pìn	pìn	engage
聙	128	耳	14	jīng	jīng	
聚	128	耳	14	jù	jù	assemble
聛	128	耳	14	bǐ	bǐ	
聜	128	耳	14	dǐ	dǐ	
聝	128	耳	14	guó	guó	to cut the left ears of the slain
聞	128	耳	14	wén	wén	hear
聟	128	耳	14	xù	xù	son-in-law
聠	128	耳	12	pīng	pīng	
聡	128	耳	14	cōng	cōng	intelligent
聢	128	耳	14	dìng	dìng	certainly
聣	128	耳	14	ní	ní	
聤	128	耳	15	tíng	tíng	
聥	128	耳	15	jǔ	jǔ	
聦	128	耳	15	cōng	cōng	the hearing
聧	128	耳	15	kuī	kuī	
聨	128	耳	15	lián	lián	connect
聩	128	耳	15	kuì	kuì	deaf
聪	128	耳	15	cōng	cōng	intelligent
聫	128	耳	15	lián	lián	connect
聬	128	耳	16	wěng	wěng	
聭	128	耳	15	kuì	kuì	
聮	128	耳	16	lián	lián	connect
聯	128	耳	17	lián	lián	connect
聰	128	耳	17	cōng	cōng	intelligent
聱	128	耳	16	áo	áo	bent and twisted
聲	128	耳	17	shēng	shēng	sound
聳	128	耳	17	sǒng	sǒng	urge on
聴	128	耳	17	tīng	tīng	hear
聵	128	耳	18	kuì	kuì	deaf
聶	128	耳	18	niè	niè	whisper
職	128	耳	18	zhí	zhí	duty
聸	128	耳	19	dān	dān	
聹	128	耳	20	níng	níng	earwax
聺	128	耳	20	qié	qié	
聻	128	耳	20	nǐ	nǐ	death of a disembodied spirit
聼	128	耳	20	tīng	tīng	hear
聽	128	耳	22	tīng	tīng	hear
聾	128	耳	22	lóng	lóng	deaf
聿	129	聿	6	yù	yù	writing brush
肀	129	聿	4	yù	yù	pen
肁	129	聿	10	zhào	zhào	
肂	129	聿	10	sì	sì	
肃	129	聿	8	sù	sù	pay respects
肄	129	聿	13	yì	yì	learn
肅	129	聿	12	sù	sù	pay respects
肆	129	聿	13	sì	sì	indulge
肇	129	聿	14	zhào	zhào	begin
肈	129	聿	14	zhào	zhào	to commence
肉	130	肉	6	ròu	ròu	flesh
肊	130	肉	5	yì	yì	
肋	130	肉	6	lèi	lèi	ribs
肌	130	肉	6	jī	jī	muscle tissue
肍	130	肉	6	qiú	qiú	
肎	130	肉	6	kěn	kěn	willing
肏	130	肉	8	cào	cào	copulate
肐	130	肉	7	gē	gē	armpit
肑	130	肉	7	bó	bó	
肒	130	肉	7	huàn	huàn	
肓	130	肉	7	huāng	huāng	region between heart and diaphragm
肔	130	肉	7	chǐ	chǐ	
肕	130	肉	7	rèn	rèn	tough
肖	130	肉	7	xiào	xiāo/xiào	look like
肗	130	肉	7	rǔ	rǔ	
肘	130	肉	7	zhǒu	zhǒu	the elbow
肙	130	肉	7	yuàn	yuàn	a small worm
肚	130	肉	7	dù	dǔ/dù	belly
肛	130	肉	7	gāng	gāng	anus
肜	130	肉	7	róng	róng	to sacrifice on two successive days
肝	130	肉	7	gān	gān	liver
肞	130	肉	7	chā	chā	
肟	130	肉	7	wò	wò	an organic compound
肠	130	肉	7	cháng	cháng	intestines
股	130	肉	8	gǔ	gǔ	thighs
肢	130	肉	8	zhī	zhī	human limbs
肣	130	肉	8	hán	hán	
肤	130	肉	8	fū	fū	skin
肥	130	肉	8	féi	féi	fat
肦	130	肉	8	fén	fén	large head
肧	130	肉	8	pēi	pēi	embryo
肨	130	肉	8	pàng	pàng	to swell
肩	130	肉	8	jiān	jiān	shoulders
肪	130	肉	8	fáng	fáng	animal fat
肫	130	肉	8	zhūn	zhūn	the gizzard of a fowl
肬	130	肉	8	yóu	yóu	wart
肭	130	肉	8	nà	nà	fat
肮	130	肉	8	āng	āng	dirty
肯	130	肉	8	kěn	kěn	willing
肰	130	肉	8	rán	rán	
肱	130	肉	8	gōng	gōng	forearm
育	130	肉	8	yù	yù	produce
肳	130	肉	8	wěn	wěn	the corners of the mouth
肴	130	肉	8	yáo	yáo	cooked or prepared meat
肵	130	肉	8	qí	qí	table
肶	130	肉	8	pí	pí	(Cant.) leg
肷	130	肉	8	qiǎn	qiǎn	area between waist and hips
肸	130	肉	8	xī	xī	spread out
肹	130	肉	8	xī	xī	(Cant.) vulgar
肺	130	肉	8	fèi	fèi	lungs
肻	130	肉	8	kěn	kěn	
肼	130	肉	8	jǐng	jǐng	hydrazine
肽	130	肉	8	tài	tài	peptide
肾	130	肉	8	shèn	shèn	kidneys
肿	130	肉	8	zhǒng	zhǒng	swell
胀	130	肉	8	zhàng	zhàng	swell
胁	130	肉	8	xié	xié	ribs
胂	130	肉	9	shèn	shèn	arsine
胃	130	肉	9	wèi	wèi	stomach
胄	130	肉	9	zhòu	zhòu	helmet
胅	130	肉	9	dié	dié	
胆	130	肉	9	dǎn	dǎn	gall bladder
胇	130	肉	9	fèi	fèi	
胈	130	肉	9	bá	bá	hair on the thigh
胉	130	肉	9	bó	bó	
胊	130	肉	9	qú	qú	yoke
胋	130	肉	9	tián	tián	
背	130	肉	9	bèi	bēi/bèi	back
胍	130	肉	9	guā	guā	guanidine
胎	130	肉	9	tāi	tāi	unborn child
胏	130	肉	8	zǐ	zǐ	meat
胐	130	肉	9	fěi	fěi	
胑	130	肉	9	zhī	zhī	the limbs
胒	130	肉	9	nì	nì	
胓	130	肉	9	píng	píng	fat
胔	130	肉	12	zì	zì	rotten meat
胕	130	肉	9	fǔ	fǔ	
胖	130	肉	9	pàng	pán/pàng	fat
胗	130	肉	9	zhēn	zhēn	gizzard
胘	130	肉	9	xián	xián	
胙	130	肉	9	zuò	zuò	meat offered in sacrifice to one's ancestors
胚	130	肉	9	pēi	pēi	embryo
胛	130	肉	9	jiǎ	jiǎ	the shoulder
胜	130	肉	9	shèng	shèng	victory
胝	130	肉	9	zhī	zhī	callous
胞	130	肉	9	bāo	bāo	womb
胟	130	肉	9	mǔ	mǔ	
胠	130	肉	9	qū	qū	open
胡	130	肉	9	hú	hú	recklessly
胢	130	肉	9	kē	kē	
胣	130	肉	9	chǐ	chǐ	
胤	130	肉	9	yìn	yìn	heir
胥	130	肉	9	xū	xū	all
胦	130	肉	9	yāng	yāng	the navel
胧	130	肉	9	lóng	lóng	condition or appearance of moon
胨	130	肉	9	dòng	dòng	a kind of protein
胩	130	肉	9	kǎ	kǎ	carbamine
胪	130	肉	9	lú	lú	arrange in order
胫	130	肉	9	jìng	jìng	shinbone
胬	130	肉	11	nǔ	nǔ	a disease's name in Chinese medicine
胭	130	肉	10	yān	yān	rouge
胮	130	肉	10	pāng	pāng	to swell
胯	130	肉	10	kuà	kuà	pelvis
胰	130	肉	10	yí	yí	pancreas
胱	130	肉	10	guāng	guāng	bladder
胲	130	肉	10	hǎi	hǎi	hydroxylamine
胳	130	肉	10	gē	gē/gé	armpit
胴	130	肉	10	dòng	dòng	the large intestine
胵	130	肉	10	chī	chī	(Cant.) 芙胵
胶	130	肉	10	jiāo	jiāo	glue
胷	130	肉	10	xiōng	xiōng	breast
胸	130	肉	10	xiōng	xiōng	breast
胹	130	肉	10	ér	ér	cooked
胺	130	肉	10	àn	àn	amine
胻	130	肉	10	héng	héng	
胼	130	肉	10	pián	pián	callus
能	130	肉	10	néng	néng	to be able
胾	130	肉	12	zì	zì	minced meat
胿	130	肉	10	guī	guī	
脀	130	肉	10	chéng	chéng	
脁	130	肉	10	tiǎo	tiǎo	to offer flesh in sacrifice
脂	130	肉	10	zhī	zhī	fat
脃	130	肉	10	cuì	cuì	gland
脄	130	肉	10	méi	méi	
脅	130	肉	10	xié	xié	ribs
脆	130	肉	10	cuì	cuì	crisp
脇	130	肉	10	xié	xié	ribs
脈	130	肉	10	mài	mài/mò	blood vessels
脉	130	肉	9	mài	mài/mò	blood vessels
脊	130	肉	10	jǐ	jǐ	spine
脋	130	肉	10	xié	xié	
脌	130	肉	10	nín	nín	(Cant.) female breast
脍	130	肉	10	kuài	kuài	minced meat or fish
脎	130	肉	10	sà	sà	osazone
脏	130	肉	10	zàng	zāng/zàng	internal organs
脐	130	肉	10	qí	qí	abdominal area of crab
脑	130	肉	10	nǎo	nǎo	brain
脒	130	肉	10	mǐ	mǐ	amidine
脓	130	肉	10	nóng	nóng	pus
脔	130	肉	12	luán	luán	small lump of meat
脕	130	肉	11	wàn	wàn	
脖	130	肉	11	bó	bó	neck
脗	130	肉	11	wěn	wěn	coinciding
脘	130	肉	11	wǎn	wǎn	internal cavity of stomach
脙	130	肉	11	xiū	xiū	
脚	130	肉	11	jiǎo	jiǎo	leg
脛	130	肉	11	jìng	jìng	shinbone
脜	130	肉	11	yǒu	yǒu	
脝	130	肉	11	hēng	hēng	distend
脞	130	肉	11	cuǒ	cuǒ	minced meat
脟	130	肉	11	liè	liè	
脠	130	肉	10	shān	shān	
脡	130	肉	10	tǐng	tǐng	strips of dried meat
脢	130	肉	11	méi	méi	flesh
脣	130	肉	11	chún	chún	lips
脤	130	肉	11	shèn	shèn	raw meat for sacrifice
脥	130	肉	11	qiǎn	qiǎn	
脦	130	肉	11	te	de/te	slovenly
脧	130	肉	11	juān	juān/zuī	reduce
脨	130	肉	11	cù	cù	
脩	130	肉	11	xiū	xiū	dried meat (used as teachers payment in ancient times)
脪	130	肉	11	xìn	xìn	erysipelas
脫	130	肉	11	tuō	tuō	take off
脬	130	肉	11	pāo	pāo	a bladder
脭	130	肉	11	chéng	chéng	
脮	130	肉	11	něi	něi	
脯	130	肉	11	pú	fǔ/pú	dried meat
脰	130	肉	11	dòu	dòu	the neck
脱	130	肉	11	tuō	tuō	take off
脲	130	肉	11	niào	niào	urea
脳	130	肉	11	nǎo	nǎo	brain
脴	130	肉	11	pǐ	pǐ	
脵	130	肉	11	gǔ	gǔ	thighs
脶	130	肉	11	luó	luó	lines
脷	130	肉	11	lì	lì	(Cant.) tongue
脸	130	肉	11	liǎn	liǎn	face
脹	130	肉	12	zhàng	zhàng	swell
脺	130	肉	12	cuì	cuì	pancreas
脻	130	肉	12	jiē	jiē	
脼	130	肉	12	liǎng	liǎng	
脽	130	肉	12	shuí	shuí	(Cant.) a child's penis
脾	130	肉	12	pí	pí	spleen
脿	130	肉	12	biǎo	biǎo	
腀	130	肉	12	lún	lún	
腁	130	肉	12	pián	pián	callus
腂	130	肉	12	lěi	lěi	
腃	130	肉	12	kuì	kuì	
腄	130	肉	12	chuí	chuí	
腅	130	肉	12	dàn	dàn	
腆	130	肉	12	tiǎn	tiǎn	prosperous
腇	130	肉	12	něi	něi	
腈	130	肉	12	jīng	jīng	nitrile
腉	130	肉	12	nái	nái	nipple
腊	130	肉	12	là	là	year-end sacrifice
腋	130	肉	12	yè	yè	armpit
腌	130	肉	12	yān	ā/yān	salt
腍	130	肉	12	rèn	rèn	soft
腎	130	肉	12	shèn	shèn	kidneys
腏	130	肉	12	chuò	chuò	
腐	130	肉	14	fǔ	fǔ	rot
腑	130	肉	12	fǔ	fǔ	bowels
腒	130	肉	12	jū	jū	game
腓	130	肉	12	féi	féi	calf
腔	130	肉	12	qiāng	qiāng	chest cavity
腕	130	肉	12	wàn	wàn	wrist
腖	130	肉	12	dòng	dòng	peptone
腗	130	肉	12	pí	pí	
腘	130	肉	12	guó	guó	hollow
腙	130	肉	12	zōng	zōng	hydrazine
腚	130	肉	12	dìng	dìng	buttock
腛	130	肉	13	wò	wò	
腜	130	肉	13	méi	méi	quickening of the foetus
腝	130	肉	13	ní	ní	
腞	130	肉	13	zhuàn	zhuàn	
腟	130	肉	13	chì	chì	vagina
腠	130	肉	13	còu	còu	the tissue between the skin and the flesh
腡	130	肉	12	luó	luó	lines
腢	130	肉	13	ǒu	ǒu	the collar-bone
腣	130	肉	13	dì	dì	
腤	130	肉	13	ān	ān	
腥	130	肉	13	xīng	xīng	raw meat
腦	130	肉	13	nǎo	nǎo	brain
腧	130	肉	13	shù	shù	insertion point in acupuncture
腨	130	肉	13	shuàn	shuàn	
腩	130	肉	13	nǎn	nǎn	(Cant.) fatty meat on a cow's belly
腪	130	肉	13	yùn	yùn	
腫	130	肉	13	zhǒng	zhǒng	swell
腬	130	肉	13	róu	róu	(Cant.) greasy
腭	130	肉	13	è	è	palate
腮	130	肉	13	sāi	sāi	lower part of face
腯	130	肉	13	tú	tú	strong
腰	130	肉	13	yāo	yāo	waist
腱	130	肉	12	jiàn	jiàn	tendons
腲	130	肉	13	wěi	wěi	
腳	130	肉	13	jiǎo	jiǎo/jué	foot
腴	130	肉	12	yú	yú	fat
腵	130	肉	13	jiā	jiā	
腶	130	肉	13	duàn	duàn	meat
腷	130	肉	13	bì	bì	
腸	130	肉	13	cháng	cháng	intestines
腹	130	肉	13	fù	fù	stomach
腺	130	肉	13	xiàn	xiàn	gland
腻	130	肉	13	nì	nì	greasy
腼	130	肉	13	miǎn	miǎn	modest
腽	130	肉	13	wà	wà	fat
腾	130	肉	13	téng	téng	fly
腿	130	肉	13	tuǐ	tuǐ	legs
膀	130	肉	14	bǎng	bǎng/pāng/páng	upper arm
膁	130	肉	14	qiǎn	qiǎn	(Cant.) 小膁
膂	130	肉	14	lǚ	lǚ	backbone
膃	130	肉	14	wà	wà	fat
膄	130	肉	13	shòu	shòu	to become emaciated
膅	130	肉	14	táng	táng	
膆	130	肉	14	sù	sù	the crop of a bird or fowl
膇	130	肉	13	zhuì	zhuì	swell
膈	130	肉	14	gé	gé	diaphragm
膉	130	肉	14	yì	yì	(Cant.) the smell of oily food that's gone bad
膊	130	肉	14	bó	bó	shoulders
膋	130	肉	14	liáo	liáo	fat
膌	130	肉	14	jí	jí	to become emaciated
膍	130	肉	14	pí	pí	(Cant.) 膍胵
膎	130	肉	14	xié	xié	
膏	130	肉	14	gāo	gāo/gào	grease
膐	130	肉	16	lǚ	lǚ	
膑	130	肉	14	bìn	bìn	the kneecap
膒	130	肉	15	ōu	ōu	
膓	130	肉	15	cháng	cháng	intestines
膔	130	肉	15	lù	lù	
膕	130	肉	15	guó	guó	hollow
膖	130	肉	14	pāng	pāng	
膗	130	肉	15	chuái	chuái	ugly and fat
膘	130	肉	15	biāo	biāo	fat
膙	130	肉	16	jiǎng	jiǎng	callous skin on the feet
膚	130	肉	15	fū	fū	skin
膛	130	肉	15	táng	táng	chest
膜	130	肉	14	mó	mó	membrane
膝	130	肉	15	xī	xī	knee
膞	130	肉	15	zhuān	zhuān	gizzard
膟	130	肉	15	lǜ	lǜ	fat
膠	130	肉	15	jiāo	jiāo	glue
膡	130	肉	15	yìng	yìng	
膢	130	肉	15	lǘ	lǘ	
膣	130	肉	15	zhì	zhì	vagina
膤	74	月	15	xuě	xuě	
膥	130	肉	17	cūn	cūn	(Cant.) eggs of birds or reptiles
膦	130	肉	16	lìn	lìn	organophosphine
膧	130	肉	16	tóng	tóng	
膨	130	肉	16	péng	péng	to swell
膩	130	肉	16	nì	nì	greasy
膪	130	肉	16	chuài	chuài	pork
膫	130	肉	16	liáo	liáo	the fat covering the intestines
膬	130	肉	16	cuì	cuì	
膭	130	肉	16	guī	guī	
膮	130	肉	16	xiāo	xiāo	
膯	130	肉	16	tēng	tēng	
膰	130	肉	16	fán	fán	to cook meat for a sacrifice or offering
膱	130	肉	16	zhí	zhí	(Cant.) the smell of oily food that's gone bad
膲	130	肉	16	jiāo	jiāo	(medicine) the three divisions of the viscera
膳	130	肉	16	shàn	shàn	meals
膴	130	肉	16	hū	hū	fine
膵	130	肉	15	cuì	cuì	pancreas
膶	130	肉	16	rùn	rùn	(Cant.) liver
膷	130	肉	15	xiāng	xiāng	soup
膸	130	肉	17	suǐ	suǐ	
膹	130	肉	16	fèn	fèn	
膺	130	肉	17	yīng	yīng	breast
膻	130	肉	17	shān	dàn/shān	a rank odor
膼	130	肉	15	zhuā	zhuā	
膽	130	肉	17	dǎn	dǎn	gall bladder
膾	130	肉	17	kuài	kuài	minced meat or fish
膿	130	肉	17	nóng	nóng	pus
臀	130	肉	17	tún	tún	buttocks
臁	130	肉	17	lián	lián	calf of the leg
臂	130	肉	17	bì	bei/bì	arm
臃	130	肉	17	yōng	yōng	swell up
臄	130	肉	17	jué	jué	palate
臅	130	肉	17	chù	chù	
臆	130	肉	17	yì	yì	chest
臇	130	肉	16	juǎn	juǎn	fat
臈	130	肉	16	là	là	year end sacrifice
臉	130	肉	17	liǎn	liǎn	face
臊	130	肉	17	sāo	sāo/sào	rancid
臋	130	肉	19	tún	tún	
臌	130	肉	17	gǔ	gǔ	swelling from dropsy
臍	130	肉	18	qí	qí	abdominal area of crab
臎	130	肉	18	cuì	cuì	
臏	130	肉	18	bìn	bìn	the kneecap
臐	130	肉	18	xūn	xūn	broth
臑	130	肉	18	nào	nào	soft
臒	130	肉	17	wò	wò	
臓	130	肉	18	zàng	zàng	internal organs
臔	130	肉	19	xiàn	xiàn	
臕	130	肉	19	biāo	biāo	fat
臖	130	肉	20	xìng	xìng	
臗	130	肉	18	kuān	kuān	
臘	130	肉	19	là	là	year-end sacrifice
臙	130	肉	20	yān	yān	rouge
臚	130	肉	20	lú	lú	arrange in order
臛	130	肉	20	huò	huò	broth
臜	130	肉	20	zā	zā	dirty
臝	130	肉	21	luǒ	luǒ	be bare
臞	130	肉	22	qú	qú	thin
臟	130	肉	21	zàng	zàng	internal organs
臠	130	肉	25	luán	luán	small lump of meat
臡	130	肉	25	ní	ní	
臢	130	肉	23	zā	zā	dirty
臣	131	臣	6	chén	chén	minister
臤	131	臣	8	qiān	qiān	hard
臥	131	臣	8	wò	wò	lie down
臦	131	臣	12	guàng	guàng	
臧	131	臣	14	zāng	zāng	good
臨	131	臣	17	lín	lín	draw near
臩	131	臣	17	guǎng	guǎng	
自	132	自	6	zì	zì	self
臫	132	自	7	jiǎo	jiǎo	
臬	132	自	10	niè	niè	law
臭	132	自	10	chòu	chòu/xiù	smell
臮	132	自	12	jì	jì	
臯	132	自	12	gāo	gāo	to praise
臰	132	自	12	chòu	chòu	
臱	132	自	15	mián	mián	
臲	132	自	16	niè	niè	jumpy
至	133	至	6	zhì	zhì	reach
致	133	至	10	zhì	zhì	send
臵	133	至	12	gé	gé	
臶	133	至	12	jiàn	jiàn	
臷	133	至	12	dié	dié	
臸	133	至	12	zhī	zhī	
臹	133	至	12	xiū	xiū	
臺	133	至	14	tái	tái	tower
臻	133	至	16	zhēn	zhēn	reach
臼	134	臼	6	jiù	jiù	mortar
臽	134	臼	8	xiàn	xiàn	a pit
臾	134	臼	8	yú	yú	moment
臿	134	臼	9	chā	chā	to separate the grain from the husk
舀	134	臼	10	yǎo	yǎo	dip
舁	134	臼	9	yú	yú	carry on one's shoulder
舂	134	臼	11	chōng	chōng	grind in mortar
舃	134	臼	12	xì	xì	a shoe
舄	134	臼	12	xì	xì	a shoe
舅	134	臼	13	jiù	jiù	mother's brother
舆	134	臼	14	yú	yú	cart
與	134	臼	14	yǔ	yú/yǔ/yù	and
興	134	臼	16	xìng	xīng/xìng	thrive
舉	134	臼	16	jǔ	jǔ	raise
舊	134	臼	17	jiù	jiù	old
舋	134	臼	13	xìn	xìn	split
舌	135	舌	6	shé	shé	tongue
舍	135	舌	8	shě	shě/shè	house
舎	135	舌	8	shè	shè	house
舏	135	舌	8	jiǔ	jiǔ	
舐	135	舌	10	shì	shì	lick with tongue
舑	135	舌	11	tān	tān	
舒	135	舌	12	shū	shū	open up
舓	135	舌	14	shì	shì	to lick
舔	135	舌	14	tiǎn	tiǎn	lick with tongue
舕	135	舌	14	tàn	tàn	to stick out the tongue
舖	135	舌	15	pù	pù	store
舗	135	舌	15	pù	pù	store
舘	135	舌	16	guǎn	guǎn	a mansion
舙	135	舌	18	huà	huà	
舚	135	舌	19	tiàn	tiàn	to put out the tongue
舛	136	舛	6	chuǎn	chuǎn	oppose
舜	136	舛	12	shùn	shùn	legendary ruler
舝	136	舛	13	xiá	xiá	linch-pin
舞	136	舛	14	wǔ	wǔ	dance
舟	137	舟	6	zhōu	zhōu	boat
舠	137	舟	8	dāo	dāo	long
舡	137	舟	9	chuán	chuán	boat
舢	137	舟	9	shān	shān	sampan
舣	137	舟	9	yǐ	yǐ	to moor a boat to the bank
舤	137	舟	9	fán	fán	
舥	137	舟	10	pā	pā	
舦	137	舟	10	tài	tài	(Cant.) rudder
舧	137	舟	10	fán	fán	
舨	137	舟	10	bǎn	bǎn	a sampan
舩	137	舟	10	chuán	chuán	boat
航	137	舟	10	háng	háng	sail
舫	137	舟	10	fǎng	fǎng	fancy boat
般	137	舟	10	bān	bān	sort
舭	137	舟	10	bǐ	bǐ	
舮	137	舟	10	lú	lú	bow or prow of boat
舯	137	舟	10	zhōng	zhōng	
舰	137	舟	10	jiàn	jiàn	warship
舱	137	舟	10	cāng	cāng	hold of ship
舲	137	舟	11	líng	líng	small boat with windows
舳	137	舟	11	zhú	zhú	stern of ship
舴	137	舟	11	zé	zé	a small boat
舵	137	舟	11	duò	duò	rudder
舶	137	舟	11	bó	bó	large
舷	137	舟	11	xián	xián	the sides of a boat
舸	137	舟	11	gě	gě	large boat
船	137	舟	11	chuán	chuán	ship
舺	137	舟	11	xiá	xiá	place name in Taiwan
舻	137	舟	11	lú	lú	bow or prow of boat
舼	137	舟	12	qióng	qióng	
舽	137	舟	12	páng	páng	
舾	137	舟	12	xī	xī	(Cant.) equipment on a ship
舿	137	舟	12	kuā	kuā	
艀	137	舟	13	fú	fú	a sampan
艁	137	舟	13	zào	zào	
艂	137	舟	13	féng	féng	
艃	137	舟	13	lí	lí	
艄	137	舟	13	shāo	shāo	stern of a vessel
艅	137	舟	13	yú	yú	a despatch boat
艆	137	舟	13	láng	láng	
艇	137	舟	12	tǐng	tǐng	small boat
艈	137	舟	13	yù	yù	
艉	137	舟	13	wěi	wěi	
艊	137	舟	14	bó	bó	
艋	137	舟	14	měng	měng	small boat
艌	137	舟	14	niàn	niàn	to caulk
艍	137	舟	14	jū	jū	
艎	137	舟	15	huáng	huáng	fast boat
艏	137	舟	15	shǒu	shǒu	bow of a ship
艐	137	舟	15	kè	kè	
艑	137	舟	15	biàn	biàn	small boat
艒	137	舟	15	mù	mù	
艓	137	舟	15	dié	dié	
艔	137	舟	15	dào	dào	(Cant.) boat
艕	137	舟	16	bàng	bàng	two boats fastened side by side
艖	137	舟	15	chā	chā	raft
艗	137	舟	16	yì	yì	bow of junk
艘	137	舟	15	sōu	sōu	counter for ships
艙	137	舟	16	cāng	cāng	hold of ship
艚	137	舟	17	cáo	cáo	ship
艛	137	舟	17	lóu	lóu	
艜	137	舟	17	dài	dài	a long narrow vessel with two masts
艝	137	舟	17	xuě	xuě	
艞	137	舟	18	yào	yào	
艟	137	舟	18	chōng	chōng	ancient warship
艠	137	舟	18	dēng	dēng	
艡	137	舟	19	dāng	dāng	
艢	137	舟	19	qiáng	qiáng	a mast
艣	137	舟	19	lǔ	lǔ	stern oar
艤	137	舟	19	yǐ	yǐ	to moor a boat to the bank
艥	137	舟	18	jí	jí	an oar or paddle. to row
艦	137	舟	20	jiàn	jiàn	warship
艧	137	舟	19	huò	huò	
艨	137	舟	19	méng	méng	long and narrow war-boat
艩	137	舟	20	qí	qí	tholepin
艪	137	舟	21	lǔ	lǔ	oar
艫	137	舟	22	lú	lú	bow or prow of boat
艬	137	舟	23	chán	chán	
艭	137	舟	24	shuāng	shuāng	ship
艮	138	艮	6	gěn	gěn/gèn	Kangxi radical 138
良	138	艮	7	liáng	liáng	good
艰	138	艮	8	jiān	jiān	difficult
艱	138	艮	17	jiān	jiān	difficult
色	139	色	6	sè	sè/shǎi	color
艳	139	色	10	yàn	yàn	beautiful
艴	139	色	11	fú	bó/fú	the countenance changing
艵	139	色	12	pīng	pīng	
艶	139	色	19	yàn	yàn	beautiful
艷	139	色	24	yàn	yàn	beautiful
艸	140	艸	6	cǎo	cǎo	grass
艹	140	艸	4	cǎo	cǎo	grass
艺	140	艸	4	yì	yì	art
艻	140	艸	5	lè	lè	
艼	140	艸	5	tīng	tīng	
艽	140	艸	5	jiāo	jiāo	a root
艾	140	艸	5	ài	ài/yì	artemisia
艿	140	艸	5	nǎi	nǎi	(芋艿) taro
芀	140	艸	6	tiáo	tiáo	clover
芁	140	艸	5	jiāo	jiāo	
节	140	艸	5	jié	jiē/jié	knot
芃	140	艸	6	péng	péng	luxuriant growth
芄	140	艸	6	wán	wán	a sedgy plant
芅	140	艸	6	yì	yì	
芆	140	艸	6	chāi	chāi	
芇	140	艸	6	mián	mián	
芈	140	艸	7	mǐ	mǐ	bleat of sheep
芉	140	艸	7	gān	gān	
芊	140	艸	6	qiān	qiān	exuberant and vigorous foliage
芋	140	艸	6	yù	yù	taro
芌	140	艸	6	yù	yù	
芍	140	艸	6	sháo	sháo	peony
芎	140	艸	6	xiōng	xiōng	a kind of herb
芏	140	艸	6	dù	dù	(茳芏) Cyperus malaccensis
芐	140	艸	6	hù	hù	
芑	140	艸	6	qǐ	qǐ	white millet
芒	140	艸	6	máng	máng	Miscanthus sinensis
芓	140	艸	6	zì	zì	
芔	140	艸	9	huì	huì	a general term for plants
芕	140	艸	6	suī	suī	
芖	140	艸	6	zhì	zhì	
芗	140	艸	6	xiāng	xiāng	fragrant smell of grain
芘	140	艸	7	bǐ	bǐ	Malva sylvestris
芙	140	艸	7	fú	fú	hibiscus
芚	140	艸	7	tún	tún	green sprout
芛	140	艸	7	wěi	wěi	
芜	140	艸	7	wú	wú	luxurious growth of weeds
芝	140	艸	6	zhī	zhī	sesame
芞	140	艸	7	qì	qì	
芟	140	艸	7	shān	shān	mow
芠	140	艸	8	wén	wén	
芡	140	艸	7	qiàn	qiàn	plant allied to the waterlily
芢	140	艸	7	rén	rén	
芣	140	艸	8	fú	fú	medicinal plant
芤	140	艸	7	kōu	kōu	hollow
芥	140	艸	7	jiè	gài/jiè	mustard plant
芦	140	艸	7	lú	lú/lǔ	rushes
芧	140	艸	7	xù	xù/zhù	chestnut oak
芨	140	艸	6	jī	jī	Chinese ground orchid
芩	140	艸	7	qín	qín	Phragmites japonicus
芪	140	艸	7	qí	qí	celery
芫	140	艸	7	yán	yán/yuán	Daphne genkwa
芬	140	艸	7	fēn	fēn	fragrance
芭	140	艸	7	bā	bā	plantain or banana palm
芮	140	艸	7	ruì	ruì	tiny
芯	140	艸	7	xīn	xīn/xìn	pith from rush (Juncus effusus)
芰	140	艸	7	jì	jì	water caltrop
花	140	艸	7	huā	huā	flower
芲	140	艸	7	huā	huā	flower
芳	140	艸	7	fāng	fāng	fragrant
芴	140	艸	7	wù	wù	
芵	140	艸	7	jué	jué	
芶	140	艸	8	gǒu	gǒu	surname
芷	140	艸	7	zhǐ	zhǐ	angelica
芸	140	艸	7	yún	yún	rue
芹	140	艸	7	qín	qín	celery
芺	140	艸	8	ǎo	ǎo	
芻	140	艸	10	chú	chú	mow
芼	140	艸	7	mào	mào	to choose
芽	140	艸	7	yá	yá	bud
芾	140	艸	7	fèi	fèi/fú	flower
芿	140	艸	8	rèng	rèng	grass which has been cut and regrown
苀	140	艸	7	háng	háng	
苁	140	艸	7	cōng	cōng	Cistanche deserticola
苂	140	艸	7	yín	yín	
苃	140	艸	7	yǒu	yǒu	
苄	140	艸	7	biàn	biàn	benzyl
苅	140	艸	7	yì	yì	cut off
苆	140	艸	7	qiē	qiē	
苇	140	艸	7	wěi	wěi	reed
苈	140	艸	7	lì	lì	Draba nemorosa
苉	140	艸	7	pǐ	pǐ	picene
苊	140	艸	7	è	è	acenaphthene
苋	140	艸	7	xiàn	xiàn	amaranth
苌	140	艸	7	cháng	cháng	star fruit
苍	140	艸	7	cāng	cāng	blue
苎	140	艸	7	zhù	zhù	china grass
苏	140	艸	7	sū	sū	revive
苐	140	艸	8	tí	tí	sequence
苑	140	艸	8	yuàn	yuàn	pasture
苒	140	艸	8	rǎn	rǎn	lush
苓	140	艸	8	líng	líng	fungus
苔	140	艸	8	tái	tāi/tái	moss
苕	140	艸	8	sháo	sháo	rush plant
苖	140	艸	8	dí	dí	
苗	140	艸	8	miáo	miáo	sprouts
苘	140	艸	8	qǐng	qǐng	Indian mallow
苙	140	艸	8	lì	lì	a pig-sty
苚	140	艸	8	yòng	yòng	
苛	140	艸	8	kē	kē	small
苜	140	艸	8	mù	mù	clover
苝	140	艸	8	bèi	bèi	
苞	140	艸	8	bāo	bāo	a variety of rush
苟	140	艸	8	gǒu	gǒu	careless
苠	140	艸	8	mín	mín	grow and ripen slowly
苡	140	艸	7	yǐ	yǐ	barley
苢	140	艸	8	yǐ	yǐ	barley
苣	140	艸	7	jù	jù/qǔ	kind of lettuce
苤	140	艸	8	piě	piě	kohl rabi
若	140	艸	8	ruò	ruò	if
苦	140	艸	8	kǔ	kǔ	bitter
苧	140	艸	9	níng	níng	China grass
苨	140	艸	8	nǐ	nǐ	
苩	140	艸	8	bó	bó	
苪	140	艸	8	bǐng	bǐng	bright
苫	140	艸	8	shān	shān/shàn	rush or straw matting
苬	140	艸	8	xiú	xiú	
苭	140	艸	8	yǎo	yǎo	
苮	140	艸	8	xiān	xiān	
苯	140	艸	8	běn	běn	benzene
苰	140	艸	8	hóng	hóng	
英	140	艸	8	yīng	yīng	petal
苲	140	艸	8	zhǎ	zhǎ	hornwort
苳	140	艸	8	dōng	dōng	Petasites japonicus
苴	140	艸	8	jū	jū	sackcloth
苵	140	艸	8	dié	dié	
苶	140	艸	8	nié	nié	weary
苷	140	艸	8	gān	gān	licorice
苸	140	艸	8	hū	hū	
苹	140	艸	8	píng	píng	artemisia
苺	140	艸	8	méi	méi	berries
苻	140	艸	8	fú	fú	Angelica anomala
苼	140	艸	8	shēng	shēng	
苽	140	艸	8	gū	gū	bulrush
苾	140	艸	8	bì	bì	smell
苿	140	艸	8	wèi	wèi	
茀	140	艸	9	fú	fú	overgrown with grass
茁	140	艸	8	zhuó	zhuó	to sprout
茂	140	艸	8	mào	mào	thick
范	140	艸	8	fàn	fàn	surname
茄	140	艸	8	jiā	jiā/qié	eggplant
茅	140	艸	8	máo	máo	reeds
茆	140	艸	8	máo	máo	species of grass
茇	140	艸	8	bá	bá	grass
茈	140	艸	9	cí	cí/zǐ	comfrey
茉	140	艸	8	mò	mò	white jasmine
茊	140	艸	8	zī	zī	
茋	140	艸	8	dǐ	dǐ	
茌	140	艸	8	chí	chí	name of a district in Shandong
茍	140	艸	9	jì	jì	to be circumspect
茎	140	艸	8	jīng	jīng	stem
茏	140	艸	8	lóng	lóng	tall grass
茐	140	艸	8	cōng	cōng	
茑	140	艸	8	niǎo	niǎo	Convolvulus
茒	140	艸	12	yuán	yuán	
茓	140	艸	8	xué	xué	coarse mat
茔	140	艸	8	yíng	yíng	grave
茕	140	艸	8	qióng	qióng	alone
茖	140	艸	10	gé	gé	Allium victorialis
茗	140	艸	9	míng	míng	tea
茘	140	艸	9	lì	lì	a scallion
茙	140	艸	9	róng	róng	
茚	140	艸	8	yìn	yìn	indene
茛	140	艸	9	gèn	gèn	ranunculus
茜	140	艸	9	qiàn	qiàn/xī	madder
茝	140	艸	10	chǎi	chǎi	(archaic) an aromatic grass
茞	140	艸	9	chén	chén	fragrant plant
茟	140	艸	10	yù	yù	
茠	140	艸	9	hāo	hāo	to weed
茡	140	艸	9	zì	zì	
茢	140	艸	9	liè	liè	sedges
茣	140	艸	10	wú	wú	mat
茤	140	艸	9	jì	jì	
茥	140	艸	9	guī	guī	
茦	140	艸	9	cì	cì	thorns
茧	140	艸	9	jiǎn	jiǎn	cocoon
茨	140	艸	9	cí	cí	thatching
茩	140	艸	9	gòu	gòu	(薢茩) a type of rhododendron
茪	140	艸	9	guāng	guāng	
茫	140	艸	9	máng	máng	vast
茬	140	艸	9	chá	chá	harvest
茭	140	艸	9	jiāo	jiāo	Zizania latifolia
茮	140	艸	9	jiāo	jiāo	
茯	140	艸	9	fú	fú	China root
茰	140	艸	9	yú	yú	
茱	140	艸	9	zhū	zhū	dogwood
茲	140	艸	10	zī	zī	now
茳	140	艸	9	jiāng	jiāng	Cyperus malaccensis
茴	140	艸	9	huí	huí	fennel
茵	140	艸	9	yīn	yīn	a cushion
茶	140	艸	9	chá	chá	tea
茷	140	艸	10	fá	fá	flutter
茸	140	艸	9	róng	róng	soft
茹	140	艸	9	rú	rú	roots
茺	140	艸	9	chōng	chōng	motherwort
茻	140	艸	12	mǎng	mǎng	
茼	140	艸	9	tóng	tóng	Chrysanthemum coronarium
茽	140	艸	9	zhòng	zhòng	
茾	140	艸	7	qiān	qiān	
茿	140	艸	9	zhú	zhú	
荀	140	艸	9	xún	xún	surname
荁	140	艸	9	huán	huán	celery
荂	140	艸	9	fū	fū	
荃	140	艸	9	quán	quán	aromatic herb
荄	140	艸	9	gāi	gāi	roots of grasses
荅	140	艸	10	dā	dā/dá	answer: small bean
荆	140	艸	9	jīng	jīng	thorns
荇	140	艸	9	xìng	xìng	a water plant
荈	140	艸	9	chuǎn	chuǎn	
草	140	艸	9	cǎo	cǎo	grass
荊	140	艸	9	jīng	jīng	thorns
荋	140	艸	9	ér	ér	
荌	140	艸	9	àn	àn	
荍	140	艸	9	qiáo	qiáo	buckwheat
荎	140	艸	9	chí	chí	
荏	140	艸	9	rěn	rěn	beans
荐	140	艸	9	jiàn	jiàn	repeat
荑	140	艸	9	tí	tí/yí	sprouts
荒	140	艸	9	huāng	huāng	wasteland
荓	140	艸	9	píng	píng	
荔	140	艸	9	lì	lì	lichee
荕	140	艸	9	jīn	jīn	
荖	140	艸	10	lǎo	lǎo	betel pepper
荗	140	艸	9	shù	shù	
荘	140	艸	9	zhuāng	zhuāng	village
荙	140	艸	9	dá	dá	Plantago major
荚	140	艸	9	jiá	jiá	pods of leguminous plants
荛	140	艸	9	ráo	ráo	fuel
荜	140	艸	9	bì	bì	species of bean
荝	140	艸	9	cè	cè	medicinal poison plant
荞	140	艸	9	qiáo	qiáo	buckwheat
荟	140	艸	9	huì	huì	luxuriant
荠	140	艸	9	jì	jì/qí	water-chestnuts
荡	140	艸	9	dàng	dàng	pond
荢	140	艸	9	zì	zì	
荣	140	艸	9	róng	róng	glory
荤	140	艸	9	hūn	hūn	meat diet
荥	140	艸	9	xíng	xíng/yíng	a county in Henan
荦	140	艸	9	luò	luò	brindled ox
荧	140	艸	9	yíng	yíng	shine
荨	140	艸	9	xún	qián/xún	nettle
荩	140	艸	9	jìn	jìn	a kind of weed
荪	140	艸	9	sūn	sūn	aromatic grass
荫	140	艸	9	yīn	yīn/yìn	shade
荬	140	艸	9	mǎi	mǎi	a plant name
荭	140	艸	9	hóng	hóng	herb
荮	140	艸	9	zhòu	zhòu	to wrap with grass
药	140	艸	9	yào	yào	leaf of Dahurian angelica plant
荰	140	艸	10	dù	dù	
荱	140	艸	10	wěi	wěi	
荲	140	艸	10	lí	lí	
荳	140	艸	11	dòu	dòu	beans
荴	140	艸	10	fū	fū	
荵	140	艸	10	rěn	rěn	various species of the genus Polemonium
荶	140	艸	10	yín	yín	
荷	140	艸	10	hé	hé/hè	lotus
荸	140	艸	10	bí	bí	water chestnut
荹	140	艸	10	bù	bù	
荺	140	艸	10	yǔn	yǔn	
荻	140	艸	10	dí	dí	reed
荼	140	艸	10	tú	tú	thistle
荽	140	艸	10	suī	suī	coriander
荾	140	艸	10	suī	suī	
荿	140	艸	9	chéng	chéng	
莀	140	艸	10	chén	chén	to farm
莁	140	艸	10	wú	wú	
莂	140	艸	10	bié	bié	
莃	140	艸	10	xī	xī	
莄	140	艸	10	gěng	gěng	
莅	140	艸	10	lì	lì	attend
莆	140	艸	10	pú	pú	a kind of legendary tree
莇	140	艸	10	zhù	zhù	
莈	140	艸	10	mò	mò	
莉	140	艸	10	lì	lì	white jasmine
莊	140	艸	11	zhuāng	zhuāng	village
莋	140	艸	10	zuó	zuó	
莌	140	艸	10	tuō	tuō	
莍	140	艸	10	qiú	qiú	
莎	140	艸	10	shā	shā/suō	kind of sedge grass
莏	140	艸	10	suō	suō	
莐	140	艸	10	chén	chén	
莑	140	艸	11	péng	péng	
莒	140	艸	9	jǔ	jǔ	a Zhou-dynasty vassal state in modern Shandong
莓	140	艸	10	méi	méi	moss
莔	140	艸	10	méng	méng	
莕	140	艸	10	xìng	xìng	a water plant
莖	140	艸	10	jīng	jīng	stem
莗	140	艸	10	chē	chē	
莘	140	艸	10	shēn	shēn/xīn	long
莙	140	艸	10	jūn	jūn	species of water plant
莚	140	艸	9	yán	yán	bamboo mat
莛	140	艸	9	tíng	tíng	stalks of grasses
莜	140	艸	10	yóu	yóu	Avena nuda
莝	140	艸	10	cuò	cuò	to chop straw fine for animals
莞	140	艸	10	guǎn	guǎn/wǎn	smiling
莟	140	艸	10	hàn	hàn	a bud
莠	140	艸	10	yǒu	yǒu	weeds
莡	140	艸	10	cuò	cuò	
莢	140	艸	10	jiá	jiá	pods of leguminous plants
莣	140	艸	10	wáng	wáng	
莤	140	艸	11	sù	sù	
莥	140	艸	10	niǔ	niǔ	
莦	140	艸	10	shāo	shāo	jungle grass
莧	140	艸	11	xiàn	xiàn	edible greens
莨	140	艸	10	làng	làng/liáng	herb
莩	140	艸	10	fú	fú	membrane lining inside of reed
莪	140	艸	10	é	é	artemisia
莫	140	艸	10	mò	mò	do not
莬	140	艸	10	wèn	wèn	
莭	140	艸	13	jié	jié	
莮	140	艸	10	nán	nán	
莯	140	艸	10	mù	mù	
莰	140	艸	10	kǎn	kǎn	bornane
莱	140	艸	10	lái	lái	goosefoot
莲	140	艸	10	lián	lián	lotus
莳	140	艸	10	shí	shí/shì	transplant
莴	140	艸	10	wō	wō	lettuce
莵	140	艸	10	tù	tù	dodder
莶	140	艸	10	xiān	xiān	vine
获	140	艸	10	huò	huò	obtain
莸	140	艸	10	yóu	yóu	Caryopteris divaricata
莹	140	艸	10	yíng	yíng	luster of gems
莺	140	艸	10	yīng	yīng	oriole
莻	140	艸	13	gòng	gòng	late
莼	140	艸	10	chún	chún	an edible water plant-brasenia
莽	140	艸	10	mǎng	mǎng	thicket
莾	140	艸	12	mǎng	mǎng	
莿	140	艸	12	cì	cì	thorn
菀	140	艸	11	wǎn	wǎn	luxuriance of growth
菁	140	艸	11	jīng	jīng	flower of leek family
菂	140	艸	11	dì	dì	lotus seeds
菃	140	艸	10	qú	qú	
菄	140	艸	11	dōng	dōng	
菅	140	艸	11	jiān	jiān	coarse grass
菆	140	艸	12	zōu	zōu	jungle
菇	140	艸	11	gū	gū	mushrooms
菈	140	艸	11	lā	lā	
菉	140	艸	11	lù	lù	the green bamboo
菊	140	艸	11	jú	jú	chrysanthemum
菋	140	艸	11	wèi	wèi	
菌	140	艸	11	jūn	jūn/jùn	mushroom
菍	140	艸	11	niè	niè	
菎	140	艸	11	kūn	kūn	beautiful jade
菏	140	艸	11	hé	hé	river in Shandong province
菐	140	艸	12	pú	pú	a thicket
菑	140	艸	11	zāi	zāi/zī	to weed grass
菒	140	艸	11	gǎo	gǎo	
菓	140	艸	11	guǒ	guǒ	fruits
菔	140	艸	11	fú	fú	turnip
菕	140	艸	11	lún	lún	
菖	140	艸	11	chāng	chāng	iris
菗	140	艸	11	chóu	chóu	
菘	140	艸	11	sōng	sōng	celery
菙	140	艸	11	chuí	chuí	
菚	140	艸	11	zhàn	zhàn	
菛	140	艸	11	mén	mén	
菜	140	艸	11	cài	cài	vegetables
菝	140	艸	11	bá	bá	Smilax (genus)
菞	140	艸	11	lí	lí	
菟	140	艸	11	tù	tù	dodder
菠	140	艸	11	bō	bō	spinach and similar greens
菡	140	艸	11	hàn	hàn	buds
菢	140	艸	11	bào	bào	to incubate
菣	140	艸	11	qìn	qìn	
菤	140	艸	11	juǎn	juǎn	
菥	140	艸	11	xī	xī	pennycress
菦	140	艸	10	qín	qín	
菧	140	艸	11	dǐ	dǐ	
菨	140	艸	11	jiē	jiē	
菩	140	艸	11	pú	pú	herb
菪	140	艸	11	dàng	dàng	henbane
菫	140	艸	11	jǐn	jǐn	celery
菬	140	艸	11	qiáo	qiáo	
菭	140	艸	11	tái	tái	
菮	140	艸	11	gēng	gēng	
華	140	艸	12	huá	huá/huà	flowery
菰	140	艸	11	gū	gū	wild rice
菱	140	艸	11	líng	líng	water-chestnut
菲	140	艸	11	fēi	fēi/fěi	fragrant
菳	140	艸	11	qín	qín	
菴	140	艸	12	ān	ān	small Buddhist monastery
菵	140	艸	11	wǎng	wǎng	
菶	140	艸	11	běng	běng	species of water plant
菷	140	艸	11	zhǒu	zhǒu	
菸	140	艸	11	yān	yān	to fade
菹	140	艸	11	zū	zū	salted or pickled vegetables
菺	140	艸	11	jiān	jiān	
菻	140	艸	11	lǐn	lǐn	artemisia
菼	140	艸	11	tǎn	tǎn	rush or sedge
菽	140	艸	11	shū	shū	beans and peas
菾	140	艸	11	tián	tián	beet
菿	140	艸	11	dào	dào	
萀	140	艸	11	hǔ	hǔ	
萁	140	艸	11	qí	qí	beakstalk
萂	140	艸	11	hé	hé	
萃	140	艸	11	cuì	cuì	dense
萄	140	艸	11	táo	táo	grapes
萅	140	艸	11	chūn	chūn	spring
萆	140	艸	11	bì	bì	the castor-oil plant
萇	140	艸	11	cháng	cháng	star fruit
萈	140	艸	11	huán	huán	
萉	140	艸	11	fèi	fèi	
萊	140	艸	11	lái	lái	goosefoot
萋	140	艸	11	qī	qī	luxuriant foliage
萌	140	艸	11	méng	méng	bud
萍	140	艸	11	píng	píng	duckweed
萎	140	艸	11	wěi	wěi	wither
萏	140	艸	11	dàn	dàn	lotus
萐	140	艸	11	shà	shà	lucky plant
萑	140	艸	11	huán	huán	grass used for making mats
萒	140	艸	11	yǎn	yǎn	
萓	140	艸	11	yí	yí	
萔	140	艸	11	tiáo	tiáo	
萕	140	艸	11	qí	qí	water-chestnuts
萖	140	艸	11	wǎn	wǎn	
萗	140	艸	11	cè	cè	
萘	140	艸	11	nài	nài	naphthalene
萙	140	艸	11	zhěn	zhěn	
萚	140	艸	11	tuò	tuò	falling leaves and barks
萛	140	艸	11	jiū	jiū	
萜	140	艸	11	tiē	tiē	terpene
萝	140	艸	11	luó	luó	type of creeping plant
萞	140	艸	11	bì	bì	
萟	140	艸	11	yì	yì	
萠	140	艸	11	pān	pān	bud
萡	140	艸	11	bó	bó	
萢	140	艸	11	pāo	pāo	
萣	140	艸	11	dìng	dìng	
萤	140	艸	11	yíng	yíng	glow-worm
营	140	艸	11	yíng	yíng	encampment
萦	140	艸	11	yíng	yíng	entangle
萧	140	艸	11	xiāo	xiāo	common artemisia
萨	140	艸	11	sà	sà	Buddhist gods or immortals
萩	140	艸	12	qiū	qiū	scandent hop
萪	140	艸	12	kē	kē	
萫	140	艸	12	xiàng	xiàng	
萬	114	禸	13	wàn	wàn	ten thousand
萭	140	艸	12	yǔ	yǔ	
萮	140	艸	13	yú	yú	
萯	140	艸	12	fù	fù	
萰	140	艸	12	liàn	liàn	
萱	140	艸	12	xuān	xuān	day-lily
萲	140	艸	12	xuān	xuān	the day-lily
萳	140	艸	12	nán	nán	
萴	140	艸	12	cè	cè	medicinal poison plant
萵	140	艸	11	wō	wō	lettuce
萶	140	艸	12	chǔn	chǔn	
萷	140	艸	12	xiāo	xiāo	
萸	140	艸	11	yú	yú	dogwood
萹	140	艸	12	biān	biān	grass
萺	140	艸	12	mào	mào	
萻	140	艸	12	ān	ān	
萼	140	艸	12	è	è	the stem and calyx of a flower
落	140	艸	12	luò	là/lào/luò	fall
萾	140	艸	12	yíng	yíng	
萿	140	艸	12	kuò	kuò	
葀	140	艸	12	kuò	kuò	
葁	140	艸	12	jiāng	jiāng	ginger
葂	140	艸	12	miǎn	miǎn	
葃	140	艸	12	zuò	zuò	
葄	140	艸	12	zuò	zuò	mat
葅	140	艸	12	zū	zū	
葆	140	艸	12	bǎo	bǎo	reserve
葇	140	艸	12	róu	róu	
葈	140	艸	12	xǐ	xǐ	Xanthium strumarium
葉	140	艸	13	yè	yè	leaf
葊	140	艸	12	ān	ān	cottage
葋	140	艸	12	qú	qú	
葌	140	艸	12	jiān	jiān	
葍	140	艸	12	fú	fú	plant
葎	140	艸	12	lǜ	lǜ	Humulus japonicus
葏	140	艸	12	jīng	jīng	
葐	140	艸	12	pén	pén	
葑	140	艸	12	fēng	fēng	the rape-turnip
葒	140	艸	12	hóng	hóng	Polygonum orientale
葓	140	艸	12	hóng	hóng	Polygonum orientale
葔	140	艸	12	hóu	hóu	
葕	140	艸	12	yàn	yàn	
葖	140	艸	12	tū	tū	radish
著	140	艸	11	zhù	zhù/zhuó	manifest
葘	140	艸	12	zī	zī	
葙	140	艸	12	xiāng	xiāng	feather cockscomb (Celosia argentea)
葚	140	艸	12	rèn	rèn/shèn	mulberry fruit
葛	140	艸	12	gé	gé/gě	edible bean
葜	140	艸	12	qiā	qiā	various species of the genus Smilax
葝	140	艸	12	qíng	qíng	
葞	140	艸	12	mǐ	mǐ	
葟	140	艸	12	huáng	huáng	
葠	140	艸	12	shēn	shēn	ginseng
葡	140	艸	12	pú	pú	grapes
葢	140	艸	13	gài	gài	cover
董	140	艸	12	dǒng	dǒng	direct
葤	140	艸	12	zhòu	zhòu	to wrap with grass
葥	140	艸	12	jiàn	jiàn	
葦	140	艸	12	wěi	wěi	reed
葧	140	艸	12	bó	bó	
葨	140	艸	12	wēi	wēi	
葩	140	艸	12	pā	pā	flowers
葪	140	艸	12	jì	jì	
葫	140	艸	12	hú	hú	bottle-gourd
葬	140	艸	12	zàng	zàng	bury
葭	140	艸	12	jiā	jiā	bulrush
葮	140	艸	12	duàn	duàn	
葯	140	艸	12	yào	yào	orris root
葰	140	艸	12	jùn	jùn/suǒ	
葱	140	艸	12	cōng	cōng	scallions
葲	140	艸	12	quán	quán	
葳	140	艸	12	wēi	wēi	luxuriant
葴	140	艸	12	zhēn	zhēn	
葵	140	艸	12	kuí	kuí	sunflower
葶	140	艸	12	tíng	tíng	Draba nemorosa
葷	140	艸	12	hūn	hūn	meat diet
葸	140	艸	12	xǐ	xǐ	afraid
葹	140	艸	12	shī	shī	kind of chrysanthemum
葺	140	艸	12	qì	qì	thatch
葻	140	艸	12	lán	lán	
葼	140	艸	12	zōng	zōng	
葽	140	艸	12	yāo	yāo	type of grain
葾	140	艸	12	yuān	yuān	(Cant.) a bad smell
葿	140	艸	12	méi	méi	
蒀	140	艸	12	yūn	yūn	
蒁	140	艸	11	shù	shù	
蒂	140	艸	12	dì	dì	peduncle or stem of plants
蒃	140	艸	12	zhuàn	zhuàn	
蒄	140	艸	12	guān	guān	
蒅	140	艸	12	rǎn	rǎn	
蒆	140	艸	12	xuē	xuē	
蒇	140	艸	12	chǎn	chǎn	finish
蒈	140	艸	12	kǎi	kǎi	carane
蒉	140	艸	12	kuì	kuì	edible amaranth
蒊	140	艸	15	huā	huā	
蒋	140	艸	12	jiǎng	jiǎng	surname
蒌	140	艸	12	lóu	lóu	Artemisia stelleriana
蒍	140	艸	12	wěi	wěi	
蒎	140	艸	12	pài	pài	pinene
蒏	140	艸	12	yòng	yòng	
蒐	140	艸	14	sōu	sōu	collect
蒑	140	艸	13	yīn	yīn	
蒒	140	艸	13	shī	shī	
蒓	140	艸	13	chún	chún	Brasenia schreberi
蒔	140	艸	14	shí	shí/shì	transplant
蒕	140	艸	14	yūn	yūn	
蒖	140	艸	13	zhēn	zhēn	plant name
蒗	140	艸	13	làng	làng	(寧蒗) Ninglong Yi Autonomous County in Yunnan
蒘	140	艸	13	rú	rú	
蒙	140	艸	13	méng	mēng/méng/měng	cover
蒚	140	艸	13	lì	lì	
蒛	140	艸	13	quē	quē	
蒜	140	艸	13	suàn	suàn	garlic
蒝	140	艸	13	yuán	yuán	
蒞	140	艸	14	lì	lì	reach
蒟	140	艸	14	jǔ	jǔ	betel pepper
蒠	140	艸	13	xī	xī	
蒡	140	艸	13	bàng	bàng	burdock
蒢	140	艸	12	chú	chú	
蒣	140	艸	13	xú	xú	
蒤	140	艸	13	tú	tú	
蒥	140	艸	13	liú	liú	
蒦	140	艸	14	huò	huò	to measure
蒧	140	艸	13	diǎn	diǎn	
蒨	140	艸	13	qiàn	qiàn	lush vegetation
蒩	140	艸	13	zū	zū	
蒪	140	艸	13	pò	pò	
蒫	140	艸	12	cuó	cuó	
蒬	140	艸	13	yuān	yuān	
蒭	140	艸	13	chú	chú	to cut grass
蒮	140	艸	13	yù	yù	
蒯	140	艸	13	kuǎi	kuǎi	a rush
蒰	140	艸	13	pán	pán	
蒱	140	艸	13	pú	pú	gambling game with dice
蒲	140	艸	13	pú	pú	type of rush
蒳	140	艸	13	nà	nà	
蒴	140	艸	13	shuò	shuò	seed (capsule)
蒵	140	艸	13	xí	xí	
蒶	140	艸	13	fén	fén	
蒷	140	艸	13	yún	yún	
蒸	86	火	13	zhēng	zhēng	steam
蒹	140	艸	13	jiān	jiān	reed
蒺	140	艸	13	jí	jí	furze
蒻	140	艸	14	ruò	ruò	rushes
蒼	140	艸	14	cāng	cāng	blue
蒽	140	艸	13	ēn	ēn	anthracene
蒾	140	艸	12	mí	mí	
蒿	140	艸	13	hāo	hāo	mugwort
蓀	140	艸	13	sūn	sūn	aromatic grass
蓁	140	艸	13	zhēn	zhēn	abundant
蓂	140	艸	14	míng	mì/míng	lucky place
蓃	140	艸	12	sōu	sōu	
蓄	140	艸	13	xù	xù	store
蓅	140	艸	13	liú	liú	
蓆	140	艸	13	xí	xí	straw mat
蓇	140	艸	12	gū	gū	follicles of plants
蓈	140	艸	11	láng	láng	
蓉	140	艸	13	róng	róng	hibiscus
蓊	140	艸	13	wěng	wěng	luxuriant vegetation
蓋	140	艸	14	gài	gài/gě	cover
蓌	140	艸	13	cuò	cuò	pretend
蓍	140	艸	13	shī	shī	milfoil
蓎	140	艸	13	táng	táng	
蓏	140	艸	13	luǒ	luǒ	fruit of plant
蓐	140	艸	13	rù	rù	straw bed mat
蓑	140	艸	13	suō	suō	rain coat made of straw
蓒	140	艸	13	xuān	xuān	
蓓	140	艸	13	bèi	bèi	bud
蓔	140	艸	13	yǎo	yǎo	
蓕	140	艸	13	guì	guì	
蓖	140	艸	13	bì	bì	castor-oil plant
蓗	140	艸	13	zǒng	zǒng	a plant
蓘	140	艸	13	gǔn	gǔn	
蓙	140	艸	13	zuò	zuò	a mat
蓚	140	艸	12	tiáo	tiáo	oxalic (used in compounds)
蓛	140	艸	13	cè	cè	
蓜	140	艸	13	pèi	pèi	
蓝	140	艸	13	lán	lán	blue
蓞	140	艸	16	dàn	dàn	
蓟	140	艸	13	jì	jì	genus Cirsium
蓠	140	艸	13	lí	lí	Gracilaria verrucosa
蓡	140	艸	13	shēn	shēn	
蓢	140	艸	13	lǎng	lǎng	(Cant.) brake
蓣	140	艸	13	yù	yù	yam
蓤	140	艸	13	líng	líng	
蓥	140	艸	13	yíng	yíng	polish
蓦	140	艸	13	mò	mò	suddenly
蓧	140	艸	13	diào	diào	bamboo basket
蓨	140	艸	13	tiáo	tiáo	Emilia sonchifolia
蓩	140	艸	13	mǎo	mǎo	
蓪	140	艸	13	tōng	tōng	paper-plant
蓫	140	艸	13	chù	chù	dock
蓬	140	艸	13	péng	péng	type of raspberry
蓭	140	艸	14	ān	ān	
蓮	140	艸	13	lián	lián	lotus
蓯	140	艸	14	cōng	cōng	Cistanche deserticola
蓰	140	艸	14	xǐ	xǐ	to increase five-fold
蓱	140	艸	12	píng	píng	
蓲	140	艸	14	qiū	qiū	
蓳	140	艸	14	jǐn	jǐn	
蓴	140	艸	14	chún	chún	Brasenia schreberi
蓵	140	艸	14	jié	jié	
蓶	140	艸	14	wéi	wéi	
蓷	140	艸	14	tuī	tuī	motherwort
蓸	140	艸	14	cáo	cáo	
蓹	140	艸	15	yù	yù	
蓺	140	艸	15	yì	yì	art
蓻	140	艸	14	zí	zí	(Cant.) classifier for hair
蓼	140	艸	14	liǎo	liǎo	smartweed
蓽	140	艸	13	bì	bì	species of bean
蓾	140	艸	14	lǔ	lǔ	
蓿	140	艸	14	xu	xu	clover
蔀	140	艸	13	bù	bù	screen
蔁	140	艸	14	zhāng	zhāng	
蔂	140	艸	14	léi	léi	basket
蔃	140	艸	15	qiáng	qiáng	(Cant.) roots of plants
蔄	140	艸	14	màn	màn	
蔅	140	艸	14	yán	yán	
蔆	140	艸	14	líng	líng	water-chestnut
蔇	140	艸	12	jì	jì	luxuriant growth
蔈	140	艸	14	piào	piào	
蔉	140	艸	14	gǔn	gǔn	earth up
蔊	140	艸	14	hǎn	hǎn/hàn	
蔋	140	艸	14	dí	dí	
蔌	140	艸	14	sù	sù	vegetables
蔍	140	艸	14	lù	lù	
蔎	140	艸	14	shè	shè	
蔏	140	艸	14	shāng	shāng	
蔐	140	艸	14	dí	dí	
蔑	140	艸	14	miè	miè	disdain
蔒	140	艸	14	xūn	xūn	
蔓	140	艸	14	màn	mán/màn/wàn	creeping plants
蔔	140	艸	14	bó	bo/bó	radish
蔕	140	艸	14	dì	dì	peduncle or stem of plants
蔖	140	艸	14	cuó	cuó	
蔗	140	艸	14	zhè	zhè	sugar cane
蔘	140	艸	14	shēn	shēn	ginseng
蔙	140	艸	14	xuàn	xuàn	
蔚	140	艸	14	wèi	wèi/yù	luxuriant
蔛	140	艸	14	hú	hú	a small orchid-like plant it bears white flowers a dendrobium
蔜	140	艸	13	áo	áo	
蔝	140	艸	14	mǐ	mǐ	
蔞	140	艸	14	lóu	lóu	Artemisia stelleriana
蔟	140	艸	14	cù	cù	frame on which silkworms spin
蔠	140	艸	14	zhōng	zhōng	
蔡	140	艸	14	cài	cài	surname
蔢	140	艸	14	pó	pó	
蔣	140	艸	14	jiǎng	jiǎng	surname
蔤	140	艸	14	mì	mì	
蔥	140	艸	15	cōng	cōng	scallions
蔦	140	艸	14	niǎo	niǎo	the convolvulus
蔧	140	艸	14	huì	huì	a type of grass
蔨	140	艸	14	juàn	juàn	
蔩	140	艸	14	yín	yín	
蔪	140	艸	14	jiàn	jiàn	
蔫	140	艸	14	niān	niān	withered
蔬	140	艸	15	shū	shū	vegetables
蔭	140	艸	13	yīn	yīn/yìn	shade
蔮	140	艸	14	guó	guó	
蔯	140	艸	13	chén	chén	a variety of artemisia
蔰	140	艸	14	hù	hù	
蔱	140	艸	13	shā	shā	
蔲	140	艸	14	kòu	kòu	nutmeg
蔳	140	艸	14	qiàn	qiàn	
蔴	140	艸	15	má	má	hemp
蔵	140	艸	14	zāng	zāng	hide
蔶	140	艸	14	zé	zé	
蔷	140	艸	14	qiáng	qiáng	rose
蔸	140	艸	14	dōu	dōu	counter for plants
蔹	140	艸	14	liǎn	liǎn	wild vine
蔺	140	艸	14	lìn	lìn	rush used for making mats
蔻	140	艸	14	kòu	kòu	肉豆蔻 nutmeg
蔼	140	艸	14	ǎi	ǎi	lush
蔽	140	艸	14	bì	bì	cover
蔾	140	艸	15	lí	lí	kind of bramble
蔿	140	艸	15	wěi	wěi	surname
蕀	140	艸	15	jí	jí	
蕁	140	艸	15	qián	qián	nettle
蕂	140	艸	15	shèng	shèng	sesame
蕃	140	艸	15	bō	bō	foreign things
蕄	140	艸	15	méng	méng	
蕅	140	艸	15	ǒu	ǒu	
蕆	140	艸	15	chǎn	chǎn	finish
蕇	140	艸	15	diǎn	diǎn	
蕈	140	艸	15	xùn	xùn	mushrooms
蕉	140	艸	15	jiāo	jiāo	banana
蕊	140	艸	15	ruǐ	ruǐ	unopened flowers
蕋	140	艸	15	ruǐ	ruǐ	unopened flowers
蕌	140	艸	15	lěi	lěi	
蕍	140	艸	15	yú	yú	
蕎	140	艸	15	qiáo	qiáo	buckwheat
蕏	140	艸	14	chú	chú	
蕐	140	艸	15	huá	huá	splendor
蕑	140	艸	15	jiān	jiān	Valeriana villosa
蕒	140	艸	15	mǎi	mǎi	used in plant names such as for Sonchus brachyotus
蕓	140	艸	15	yún	yún	rue
蕔	140	艸	15	bāo	bāo	
蕕	140	艸	15	yóu	yóu	Caryopteris divaricata
蕖	140	艸	14	qú	qú	lotus
蕗	140	艸	16	lù	lù	genus Leucaena
蕘	140	艸	15	ráo	ráo	fuel
蕙	140	艸	15	huì	huì	species of fragrant orchid
蕚	140	艸	15	è	è	the calyx of a flower
蕛	140	艸	15	tí	tí	
蕜	140	艸	15	fěi	fěi	
蕝	140	艸	15	jué	jué	handful
蕞	140	艸	15	zuì	zuì	little
蕟	140	艸	15	fà	fà	
蕠	140	艸	15	rú	rú	
蕡	140	艸	15	fén	fén	luxurious
蕢	140	艸	16	kuì	kuì	edible amaranth
蕣	140	艸	15	shùn	shùn	hibiscus
蕤	140	艸	15	ruí	ruí	drooping leaves
蕥	140	艸	15	yǎ	yǎ	
蕦	140	艸	15	xū	xū	
蕧	140	艸	15	fù	fù	
蕨	140	艸	15	jué	jué	Pteris aquilina
蕩	140	艸	15	dàng	dàng	pond
蕪	140	艸	15	wú	wú	luxurious growth of weeds
蕫	140	艸	15	dǒng	dǒng	
蕬	140	艸	15	sī	sī	
蕭	140	艸	16	xiāo	xiāo	common artemisia
蕮	140	艸	15	xì	xì	
蕯	140	艸	14	lóng	lóng	
蕰	140	艸	15	wēn	wēn	the hippuris or mare's tail plant
蕱	140	艸	15	shāo	shāo	
蕲	140	艸	15	qí	qí	variety of Artemisia
蕳	140	艸	15	jiān	jiān	agueweed
蕴	140	艸	15	yùn	yùn	to collect
蕵	140	艸	15	sūn	sūn	
蕶	140	艸	16	líng	líng	
蕷	140	艸	16	yù	yù	yam
蕸	140	艸	15	xiá	xiá	water lily's leaf
蕹	140	艸	16	wèng	wèng	Ipomoea aquatica used as a vegetable
蕺	140	艸	15	jí	jí	Houttuynia cordata
蕻	140	艸	16	hóng	hóng	budding
蕼	140	艸	16	sì	sì	
蕽	140	艸	16	nóng	nóng	
蕾	140	艸	16	lěi	lěi	buds
蕿	140	艸	16	xuān	xuān	day-lily
薀	140	艸	16	yùn	yùn	the hippuris or mare's tail plant
薁	140	艸	15	ào	ào	vine
薂	140	艸	16	xí	xí	
薃	140	艸	16	hào	hào	
薄	140	艸	16	báo	báo/bó/bò	thin
薅	140	艸	16	hāo	hāo	to weed
薆	140	艸	16	ài	ài	to cover
薇	140	艸	16	wēi	wēi	Osmunda regalis
薈	140	艸	16	huì	huì	luxuriant
薉	140	艸	16	huì	huì	dirty
薊	140	艸	16	jì	jì	genus Cirsium
薋	140	艸	16	cí	cí	
薌	140	艸	14	xiāng	xiāng	fragrant smell of grain
薍	140	艸	16	wàn	wàn	
薎	140	艸	16	miè	miè	
薏	140	艸	16	yì	yì	seed of Job's tears
薐	140	艸	16	léng	léng	spinach
薑	140	艸	16	jiāng	jiāng	ginger
薒	140	艸	16	càn	càn	
薓	140	艸	16	shēn	shēn	ginseng
薔	140	艸	16	qiáng	qiáng	rose
薕	140	艸	16	lián	lián	
薖	140	艸	14	kē	kē	empty
薗	140	艸	16	yuán	yuán	garden
薘	140	艸	15	dá	dá	Plantago major
薙	140	艸	16	tì	tì	weed
薚	140	艸	16	tāng	tāng	
薛	140	艸	16	xuē	xuē	kind of marsh grass
薜	140	艸	16	bì	bì	evergreen shrubs
薝	140	艸	16	zhān	zhān	
薞	140	艸	16	sūn	sūn	
薟	140	艸	16	xiān	xiān	vine
薠	140	艸	16	fán	fán	
薡	140	艸	15	dǐng	dǐng	
薢	140	艸	16	xiè	xiè	woody climbing plant
薣	140	艸	16	gǔ	gǔ	
薤	140	艸	16	xiè	xiè	Allium bakeri
薥	140	艸	16	shǔ	shǔ	
薦	140	艸	17	jiàn	jiàn	offer
薧	140	艸	16	hāo	hāo	dried food
薨	140	艸	16	hōng	hōng	death of prince
薩	140	艸	16	sà	sà	transliteration of 'sat' in 'bodhisattva
薪	140	艸	16	xīn	xīn	fuel
薫	140	艸	16	xūn	xūn	a medicinal herb
薬	140	艸	16	yào	yào	drugs
薭	140	艸	16	bài	bài	
薮	140	艸	16	sǒu	sǒu	marsh
薯	140	艸	16	shǔ	shǔ	yam
薰	140	艸	17	xūn	xūn	a medicinal herb
薱	140	艸	17	duì	duì	
薲	140	艸	17	pín	pín	
薳	140	艸	17	wěi	wěi	name of a herb
薴	140	艸	17	níng	níng	China grass
薵	140	艸	17	chóu	chóu	(simplified form of 薵) name of a variety of grass
薶	140	艸	17	mái	mái	to bury
薷	140	艸	17	rú	rú	Elshotria paltrini
薸	140	艸	17	piáo	piáo	duckweed
薹	140	艸	17	tái	tái	Cyperus rotundus
薺	140	艸	18	jì	jì/qí	water-chestnuts
薻	140	艸	17	zǎo	zǎo	
薼	140	艸	17	chén	chén	
薽	140	艸	16	zhēn	zhēn	a bright blue orchid that grows in south China
薾	140	艸	17	ěr	ěr	luxuriant growth of flower
薿	140	艸	17	nǐ	nǐ	flower
藀	140	艸	17	yíng	yíng	
藁	140	艸	17	gǎo	gǎo	straw
藂	140	艸	17	cóng	cóng	
藃	140	艸	17	xiāo	xiāo	
藄	140	艸	17	qí	qí	edible fern
藅	140	艸	17	fá	fá	
藆	140	艸	17	jiǎn	jiǎn	
藇	140	艸	16	xù	xù	fine
藈	140	艸	17	kuí	kuí	
藉	140	艸	17	jí	jí/jiè	mat
藊	140	艸	17	biǎn	biǎn	a kind of bean with flat pods
藋	140	艸	18	diào	diào	
藌	140	艸	17	mì	mì	
藍	140	艸	18	lán	la/lán	blue
藎	140	艸	18	jìn	jìn	Arthraxon hispidus
藏	140	艸	17	cáng	cáng/zàng	hide
藐	140	艸	17	miǎo	miǎo	disregard
藑	140	艸	17	qióng	qióng	
藒	140	艸	17	qiè	qiè	
藓	140	艸	17	xiǎn	xiǎn	moss
藔	140	艸	21	liáo	liáo	
藕	140	艸	18	ǒu	ǒu	lotus root
藖	140	艸	18	xián	xián	
藗	140	艸	17	sù	sù	
藘	140	艸	18	lǘ	lǘ	madder
藙	140	艸	18	yì	yì	dogwood
藚	140	艸	18	xù	xù	water plant
藛	140	艸	18	xiě	xiě	
藜	140	艸	18	lí	lí	Chenopodium album
藝	140	艸	18	yì	yì	art
藞	140	艸	18	lǎ	lǎ	
藟	140	艸	18	lěi	lěi	vine
藠	140	艸	18	jiào	jiào	Allium chinense
藡	140	艸	17	dí	dí	
藢	140	艸	18	zhǐ	zhǐ	
藣	140	艸	18	bēi	bēi	
藤	140	艸	18	téng	téng	rattan
藥	140	艸	19	yào	yào	drugs
藦	140	艸	18	mó	mó	edible mushrooms
藧	140	艸	18	huàn	huàn	
藨	140	艸	19	biāo	biāo	raspberry
藩	140	艸	18	fān	fān	fence
藪	140	艸	18	sǒu	sǒu	marsh
藫	140	艸	18	tán	tán	
藬	140	艸	17	tuī	tuī	
藭	140	艸	18	qióng	qióng	Ligusticum chuanxiong rhizome
藮	140	艸	19	qiáo	qiáo	
藯	140	艸	18	wèi	wèi	
藰	140	艸	18	liú	liú	
藱	140	艸	17	huì	huì	
藲	140	艸	18	ōu	ōu	
藳	140	艸	18	gǎo	gǎo	
藴	140	艸	18	yùn	yùn	collect
藵	140	艸	18	bǎo	bǎo	
藶	140	艸	19	lì	lì	Draba nemorosa
藷	140	艸	18	shǔ	shǔ	yam
藸	140	艸	18	chú	chú	
藹	140	艸	19	ǎi	ǎi	lush
藺	140	艸	19	lìn	lìn	rush used in making mats
藻	140	艸	19	zǎo	zǎo	splendid
藼	140	艸	19	xuān	xuān	
藽	140	艸	19	qìn	qìn	
藾	140	艸	19	lài	lài	shade
藿	140	艸	19	huò	huò	Agastache rugosa
蘀	140	艸	19	tuò	tuò	falling leaves and barks
蘁	140	艸	19	wù	wù	
蘂	140	艸	19	ruǐ	ruǐ	stamen or pistil
蘃	140	艸	19	ruǐ	ruǐ	
蘄	140	艸	19	qí	qí	variety of Artemisia
蘅	140	艸	19	héng	héng	a fragrant plant with a medicinal root
蘆	140	艸	20	lú	lú/lǔ	rushes
蘇	140	艸	19	sū	sū	revive
蘈	140	艸	19	tuí	tuí	
蘉	140	艸	19	méng	méng	
蘊	140	艸	19	yùn	yùn	collect
蘋	140	艸	19	píng	píng	apple
蘌	140	艸	20	yǔ	yǔ	
蘍	140	艸	19	xūn	xūn	
蘎	140	艸	19	jì	jì	
蘏	140	艸	19	jiōng	jiōng	
蘐	140	艸	19	xuān	xuān	Hemerocallis lilioasphodelus
蘑	140	艸	19	mó	mó	type of edible mushroom
蘒	140	艸	19	qiū	qiū	
蘓	140	艸	19	sū	sū	thyme
蘔	140	艸	19	jiōng	jiōng	
蘕	140	艸	19	péng	péng	
蘖	140	艸	20	niè	niè	stump
蘗	140	艸	20	bò	bò	stump
蘘	140	艸	21	ráng	ráng	a kind of wild ginger
蘙	140	艸	20	yì	yì	
蘚	140	艸	20	xiǎn	xiǎn	moss
蘛	140	艸	20	yú	yú	
蘜	140	艸	20	jú	jú	
蘝	140	艸	20	liǎn	liǎn	
蘞	140	艸	20	liǎn	liǎn	wild vine
蘟	140	艸	19	yǐn	yǐn	
蘠	140	艸	20	qiáng	qiáng	
蘡	140	艸	20	yīng	yīng	a wild grape
蘢	140	艸	19	lóng	lóng	tall grass
蘣	140	艸	19	tǒu	tǒu	
蘤	140	艸	20	huā	huā	flower
蘥	140	艸	20	yuè	yuè	oats
蘦	140	艸	20	líng	líng	
蘧	140	艸	19	qú	qú	Dianthus superbus
蘨	140	艸	20	yáo	yáo	luxuriant vegetation
蘩	140	艸	20	fán	fán	Artemisia stelleriana
蘪	140	艸	20	méi	méi	
蘫	140	艸	20	hàn	hàn	
蘬	140	艸	21	kuī	kuī	
蘭	140	艸	20	lán	lán	orchid
蘮	140	艸	20	jì	jì	
蘯	140	艸	20	dàng	dàng	to toss about
蘰	140	艸	20	màn	màn	
蘱	140	艸	22	lèi	lèi	
蘲	140	艸	21	léi	léi	
蘳	140	艸	20	huī	huī	
蘴	140	艸	21	fēng	fēng	young shoots of the rapeturnip
蘵	140	艸	21	zhī	zhī	
蘶	140	艸	20	wèi	wèi	
蘷	140	艸	21	kuí	kuí	one-legged monster
蘸	140	艸	22	zhàn	zhàn	dip (a brush)
蘹	140	艸	22	huái	huái	
蘺	140	艸	21	lí	lí	Gracilaria verrucosa
蘻	140	艸	22	jì	jì	
蘼	140	艸	22	mí	mí	millet
蘽	140	艸	22	lěi	lěi	a creeper
蘾	140	艸	22	huài	huài	
蘿	140	艸	22	luó	luó	type of creeping plant
虀	140	艸	22	jī	jī	minced pickles
虁	140	艸	24	kuí	kuí	
虂	140	艸	24	lù	lù	
虃	140	艸	23	jiān	jiān	
虄	140	艸	26	sà	sà	
虅	140	艸	23	téng	téng	
虆	140	艸	24	léi	léi	entwine
虇	140	艸	23	quǎn	quǎn	
虈	140	艸	24	xiāo	xiāo	
虉	140	艸	24	yì	yì	
虊	140	艸	26	luán	luán	
虋	140	艸	29	mén	mén	asparagus a variety of red-stalked millet
虌	140	艸	27	biē	biē	
虍	141	虍	6	hū	hū	tiger
虎	141	虍	8	hǔ	hǔ	tiger
虏	141	虍	8	lǔ	lǔ	to capture
虐	141	虍	9	nüè	nüè	cruel
虑	141	虍	10	lǜ	lǜ	be concerned
虒	27	厂	10	sī	sī	an amphibious beast resembling a tiger with one horn
虓	141	虍	10	xiāo	xiāo	roar
虔	141	虍	10	qián	qián	act with reverence
處	141	虍	11	chù	chǔ/chù	place
虖	141	虍	11	hū	hū	to cry
虗	141	虍	11	xū	xū	
虘	141	虍	11	cuó	cuó	
虙	141	虍	11	fú	fú	
虚	141	虍	11	xū	xū	false
虛	141	虍	12	xū	xū	false
虜	141	虍	13	lǔ	lǔ	to capture
虝	141	虍	12	hǔ	hǔ	
虞	141	虍	13	yú	yú	concerned about
號	141	虍	13	hào	háo/hào	mark
虠	141	虍	14	jiāo	jiāo	
虡	141	虍	13	jù	jù	support structure for bell
虢	141	虍	15	guó	guó	name of ancient feudal State in Shenxi and Hunan
虣	141	虍	16	bào	bào	cruel
虤	141	虍	16	yán	yán	
虥	141	虍	16	zhàn	zhàn	
虦	141	虍	16	zhàn	zhàn	
虧	141	虍	17	kuī	kuī	lose
虨	141	虍	17	bīn	bīn	
虩	141	虍	18	xì	xì	fright
虪	141	虍	26	shù	shù	
虫	142	虫	6	chóng	chóng	insects
虬	142	虫	7	qiú	qiú	young dragon
虭	142	虫	8	diāo	diāo	
虮	142	虫	8	jǐ	jǐ	louse eggs
虯	142	虫	8	qiú	qiú	young dragon
虰	142	虫	8	dīng	dīng	
虱	142	虫	8	shī	shī	louse
虲	142	虫	8	xiā	xiā	
虳	142	虫	9	jué	jué	
虴	142	虫	9	zhé	zhé	
虵	142	虫	9	shé	shé	
虶	142	虫	9	yū	yū	
虷	142	虫	9	hán	gān/hán	worm
虸	142	虫	9	zǐ	zǐ	
虹	142	虫	9	hóng	hóng/jiàng	rainbow
虺	142	虫	9	huǐ	huǐ	large poisonous snake
虻	142	虫	9	méng	méng	horsefly
虼	142	虫	9	gè	gè	a flea
虽	142	虫	9	suī	suī	although
虾	142	虫	9	xiā	xiā	shrimp
虿	142	虫	9	chài	chài	a kind of scorpion
蚀	142	虫	9	shí	shí	nibble away
蚁	142	虫	9	yǐ	yǐ	ants
蚂	142	虫	9	mǎ	mǎ/mà	ant
蚃	142	虫	9	xiǎng	xiǎng	larvae
蚄	142	虫	10	fāng	fāng	
蚅	142	虫	10	è	è	
蚆	142	虫	10	bā	bā	
蚇	142	虫	10	chǐ	chǐ	
蚈	142	虫	10	qiān	qiān	
蚉	142	虫	10	wén	wén	(variant of 蚊) a mosquito
蚊	142	虫	10	wén	wén	mosquito
蚋	142	虫	10	ruì	ruì	gnat
蚌	142	虫	10	bàng	bàng/bèng	oysters
蚍	142	虫	10	pí	pí	mussels
蚎	142	虫	10	yuè	yuè	
蚏	142	虫	10	yuè	yuè	
蚐	142	虫	10	jūn	jūn	
蚑	142	虫	10	qí	qí	tip-toe
蚒	142	虫	10	tóng	tóng	(Cant.) an edible snake
蚓	142	虫	10	yǐn	yǐn	earthworm
蚔	142	虫	10	qí	qí	ant eggs
蚕	142	虫	10	cán	cán	silkworms
蚖	142	虫	10	yuán	yuán	
蚗	142	虫	10	jué	jué	
蚘	142	虫	10	huí	huí	tapeworm
蚙	142	虫	10	qín	qín	
蚚	142	虫	10	qí	qí	
蚛	142	虫	10	zhòng	zhòng	
蚜	142	虫	10	yá	yá	plant louse
蚝	142	虫	10	háo	háo	oyster
蚞	142	虫	10	mù	mù	
蚟	142	虫	10	wáng	wáng	
蚠	142	虫	10	fén	fén	person's name
蚡	142	虫	10	fén	fén	mole
蚢	142	虫	10	háng	háng	
蚣	142	虫	10	gōng	gōng	centipede
蚤	142	虫	9	zǎo	zǎo	flea
蚥	142	虫	10	fù	fù	
蚦	142	虫	10	rán	rán	a boa constrictor
蚧	142	虫	10	jiè	jiè	a red spotted lizard
蚨	142	虫	10	fú	fú	water-beetle
蚩	142	虫	10	chī	chī	worm
蚪	142	虫	10	dǒu	dǒu	tadpole
蚫	142	虫	11	bào	bào	abalone
蚬	142	虫	10	xiǎn	xiǎn	a variety of bivalves
蚭	142	虫	11	ní	ní	
蚮	142	虫	11	dài	dài	
蚯	142	虫	11	qiū	qiū	earthworm
蚰	142	虫	11	yóu	yóu	millipede
蚱	142	虫	11	zhà	zhà	grasshopper
蚲	142	虫	11	píng	píng	
蚳	142	虫	11	chí	chí	ant eggs
蚴	142	虫	11	yòu	yòu	larva
蚵	142	虫	11	hé	hé	oyster
蚶	142	虫	11	hān	hān	kind of clam
蚷	142	虫	10	jù	jù	
蚸	142	虫	11	lì	lì	
蚹	142	虫	11	fù	fù	
蚺	142	虫	11	rán	rán	a boa constrictor
蚻	142	虫	11	zhá	zhá	small species of cicada
蚼	142	虫	11	gǒu	gǒu	
蚽	142	虫	11	pí	pí	
蚾	142	虫	11	pí	pí	
蚿	142	虫	11	xián	xián	millipede
蛀	142	虫	11	zhù	zhù	insects that eat books
蛁	142	虫	11	diāo	diāo	a species of Pomponia (cidada)
蛂	142	虫	11	bié	bié	
蛃	142	虫	11	bǐng	bǐng	
蛄	142	虫	11	gū	gū/gǔ	mole cricket
蛅	142	虫	11	zhān	zhān	a caterpillar
蛆	142	虫	11	qū	qū	maggots
蛇	142	虫	11	shé	shé	snake
蛈	142	虫	11	tiě	tiě	
蛉	142	虫	11	líng	líng	dragonfly
蛊	142	虫	11	gǔ	gǔ	poison
蛋	142	虫	11	dàn	dàn	eggs
蛌	142	虫	11	gǔ	gǔ	cricket
蛍	142	虫	11	yíng	yíng	glow-worm
蛎	142	虫	11	lì	lì	oyster
蛏	142	虫	11	chēng	chēng	razor clam
蛐	142	虫	12	qū	qū	cricket
蛑	142	虫	12	móu	móu	a marine crab
蛒	142	虫	12	gé	gé	
蛓	142	虫	12	cì	cì	caterpillar
蛔	142	虫	12	huí	huí	tapeworm
蛕	142	虫	12	huí	huí	tapeworm
蛖	142	虫	13	máng	máng	
蛗	142	虫	12	fù	fù	a grasshopper
蛘	142	虫	12	yáng	yáng	a weevil found in rice
蛙	142	虫	12	wā	wā	frog
蛚	142	虫	12	liè	liè	
蛛	142	虫	12	zhū	zhū	spider
蛜	142	虫	12	yī	yī	
蛝	142	虫	12	xián	xián	
蛞	142	虫	12	kuò	kuò	snail
蛟	142	虫	12	jiāo	jiāo	scaly dragon with four legs
蛠	142	虫	12	lì	lì	
蛡	142	虫	12	yì	yì	
蛢	142	虫	12	píng	píng	
蛣	142	虫	12	qī	qī	(dung) beetle
蛤	142	虫	12	há	gé/há	clam
蛥	142	虫	12	shé	shé	
蛦	142	虫	12	yí	yí	
蛧	142	虫	12	wǎng	wǎng	
蛨	142	虫	12	mò	mò	
蛩	142	虫	12	qióng	qióng	cricket
蛪	142	虫	12	qiè	qiè	
蛫	142	虫	12	guǐ	guǐ	
蛬	142	虫	12	qióng	qióng	
蛭	142	虫	12	zhì	zhì	leech
蛮	142	虫	12	mán	mán	barbarians
蛯	142	虫	12	lǎo	lǎo	shrimp
蛰	142	虫	12	zhé	zhé	to hibernate
蛱	142	虫	12	jiá	jiá	kind of butterfly
蛲	142	虫	12	náo	náo	worms
蛳	142	虫	12	sī	sī	kind of snail with spiral shell
蛴	142	虫	12	qí	qí	maggots
蛵	142	虫	13	xīng	xīng	
蛶	142	虫	13	jiè	jiè	
蛷	142	虫	13	qiú	qiú	
蛸	142	虫	13	shāo	shāo/xiāo	long legged spider
蛹	142	虫	13	yǒng	yǒng	chrysalis
蛺	142	虫	13	jiá	jiá	kind of butterfly
蛻	142	虫	13	tuì	tuì	molt
蛼	142	虫	13	chē	chē	
蛽	142	虫	13	bèi	bèi	
蛾	142	虫	13	é	é	moth
蛿	142	虫	13	hàn	hàn	
蜀	142	虫	13	shǔ	shǔ	one of the Three Kingdoms
蜁	142	虫	13	xuán	xuán	
蜂	142	虫	13	fēng	fēng	bee
蜃	142	虫	13	shèn	shèn	marine monster which can change its shape
蜄	142	虫	13	shèn	shèn	
蜅	142	虫	13	fǔ	fǔ	crab
蜆	142	虫	13	xiàn	xiàn	a variety of bivalves
蜇	142	虫	13	zhē	zhē/zhé	jellyfish
蜈	142	虫	13	wú	wú	centipede
蜉	142	虫	13	fú	fú	mayfly
蜊	142	虫	13	lí	lí	clam
蜋	142	虫	13	láng	láng	mantis
蜌	142	虫	13	bì	bì	
蜍	142	虫	13	chú	chú	toad
蜎	142	虫	13	yuān	yuān	mosquito larva
蜏	142	虫	13	yǒu	yǒu	
蜐	142	虫	13	jié	jié	
蜑	142	虫	12	dàn	dàn	egg
蜒	142	虫	12	yán	yán	millipede
蜓	142	虫	12	tíng	tíng	dragonfly
蜔	142	虫	13	diàn	diàn	inlaid shell-work
蜕	142	虫	13	tuì	tuì	molt
蜖	142	虫	13	huí	huí	tapeworm
蜗	142	虫	13	wō	wō	a snail
蜘	142	虫	14	zhī	zhī	spider
蜙	142	虫	14	sōng	sōng	
蜚	142	虫	14	fēi	fēi/fěi	cockroach
蜛	142	虫	14	jū	jū	
蜜	142	虫	14	mì	mì	honey
蜝	142	虫	14	qí	qí	a kind of crab
蜞	142	虫	14	qí	qí	a kind of crab
蜟	142	虫	14	yù	yù	
蜠	142	虫	14	jùn	jùn	
蜡	142	虫	14	là	là	wax
蜢	142	虫	14	měng	měng	grasshopper
蜣	142	虫	13	qiāng	qiāng	dung beetle
蜤	142	虫	14	sī	sī	
蜥	142	虫	14	xī	xī	lizard
蜦	142	虫	14	lún	lún	
蜧	142	虫	14	lì	lì	
蜨	142	虫	14	dié	dié	butterfly
蜩	142	虫	14	tiáo	tiáo	cicada
蜪	142	虫	14	táo	táo	
蜫	142	虫	14	kūn	kūn	insects
蜬	142	虫	14	hán	hán	
蜭	142	虫	14	hàn	hàn	
蜮	142	虫	14	yù	yù	a fabulous creature like a turtle
蜯	142	虫	14	bàng	bàng	oysters
蜰	142	虫	14	féi	féi	tick
蜱	142	虫	14	pí	pí	a tick
蜲	142	虫	14	wēi	wēi	
蜳	142	虫	14	dūn	dūn	
蜴	142	虫	14	yì	yì	lizard
蜵	142	虫	15	yuān	yuān	
蜶	142	虫	14	suò	suò	a house cricket
蜷	142	虫	14	quán	quán	creep like a worm
蜸	142	虫	14	qiǎn	qiǎn	
蜹	142	虫	13	ruì	ruì	gnat
蜺	142	虫	14	ní	ní	reflection of rainbow
蜻	142	虫	14	qīng	qīng	dragonfly
蜼	142	虫	14	wèi	wèi	
蜽	142	虫	14	liǎng	liǎng	
蜾	142	虫	14	guǒ	guǒ	the solitary wasp
蜿	142	虫	14	wān	wān	creep
蝀	142	虫	14	dōng	dōng	rainbow
蝁	142	虫	14	è	è	
蝂	142	虫	14	bǎn	bǎn	
蝃	142	虫	14	dì	dì	rainbow
蝄	142	虫	14	wǎng	wǎng	
蝅	142	虫	14	cán	cán	
蝆	142	虫	13	yǎng	yǎng	
蝇	142	虫	14	yíng	yíng	flies
蝈	142	虫	14	guō	guō	small green frog
蝉	142	虫	14	chán	chán	cicada
蝊	142	虫	14	dìng	dìng	
蝋	142	虫	14	là	là	wax
蝌	142	虫	15	kē	kē	tadpole
蝍	142	虫	13	jié	jié	a centipede
蝎	142	虫	15	xiē	xiē	scorpion
蝏	142	虫	15	tíng	tíng	
蝐	142	虫	15	mào	mào	
蝑	142	虫	15	xū	xū	
蝒	142	虫	15	mián	mián	
蝓	142	虫	15	yú	yú	snail
蝔	142	虫	15	jiē	jiē	
蝕	142	虫	14	shí	shí	nibble away
蝖	142	虫	15	xuān	xuān	
蝗	142	虫	15	huáng	huáng	kind of locust
蝘	142	虫	15	yǎn	yǎn	gecko
蝙	142	虫	15	biān	biān	bat
蝚	142	虫	15	róu	róu	
蝛	142	虫	15	wēi	wēi	the sow-bug
蝜	142	虫	15	fù	fù	
蝝	142	虫	15	yuán	yuán	the larva of locust
蝞	142	虫	15	mèi	mèi	(Cant.) 塘蝞
蝟	142	虫	15	wèi	wèi	hedgehog
蝠	142	虫	15	fú	fú	bat
蝡	142	虫	15	rú	rú	genus Eumenes
蝢	142	虫	15	xié	xié	
蝣	142	虫	15	yóu	yóu	Ephemera strigata
蝤	142	虫	15	qiú	qiú/yóu	grub
蝥	142	虫	15	máo	máo	Chinese blister beetle
蝦	142	虫	15	xiā	há/xiā	shrimp
蝧	142	虫	14	yīng	yīng	
蝨	142	虫	15	shī	shī	louse
蝩	142	虫	15	chóng	chóng	
蝪	142	虫	15	tāng	tāng	
蝫	142	虫	14	zhū	zhū	
蝬	142	虫	15	zōng	zōng	
蝭	142	虫	15	tí	tí	
蝮	142	虫	15	fù	fù	venomous snake
蝯	142	虫	15	yuán	yuán	ape
蝰	142	虫	15	kuí	kuí	Daboia siamensis
蝱	142	虫	15	méng	méng	horsefly
蝲	142	虫	15	là	là	
蝳	142	虫	15	dú	dú	
蝴	142	虫	15	hú	hú	butterfly
蝵	142	虫	15	qiū	qiū	
蝶	142	虫	15	dié	dié	butterfly
蝷	142	虫	15	lì	lì	
蝸	142	虫	14	wō	wō	snail
蝹	142	虫	15	yūn	yūn	
蝺	142	虫	15	qǔ	qǔ	
蝻	142	虫	15	nǎn	nǎn	immature locusts
蝼	142	虫	15	lóu	lóu	a mole cricket
蝽	142	虫	15	chūn	chūn	bedbug
蝾	142	虫	15	róng	róng	lizard
蝿	142	虫	15	yíng	yíng	flies
螀	142	虫	15	jiāng	jiāng	kind of cicada
螁	142	虫	15	tuì	tuì	
螂	142	虫	14	láng	láng	mantis
螃	142	虫	16	páng	páng	crab
螄	142	虫	16	sī	sī	snail
螅	142	虫	16	xī	xī	intestinal worm
螆	142	虫	15	cì	cì	hairy and poisonous caterpillars
螇	142	虫	16	xī	xī	
螈	142	虫	16	yuán	yuán	a silkworm
螉	142	虫	16	wēng	wēng	wasp
螊	142	虫	16	lián	lián	
螋	142	虫	15	sōu	sōu	earwig
螌	142	虫	16	bān	bān	a striped
融	142	虫	16	róng	róng	melt
螎	142	虫	16	róng	róng	to blend
螏	142	虫	16	jí	jí	
螐	142	虫	16	wū	wū	
螑	142	虫	16	xiù	xiù	
螒	142	虫	16	hàn	hàn	
螓	142	虫	16	qín	qín	a small cicada with a square head
螔	142	虫	16	yí	yí	
螕	142	虫	16	bī	bī	a tick
螖	142	虫	15	huá	huá	
螗	142	虫	16	táng	táng	cicadas of the genus Tanna
螘	142	虫	16	yǐ	yǐ	ant
螙	142	虫	16	dù	dù	grubs in wood
螚	142	虫	16	nài	nài	
螛	142	虫	16	hé	hé	
螜	142	虫	16	hú	hú	
螝	142	虫	15	guī	guī	
螞	142	虫	16	mǎ	mǎ	ant
螟	142	虫	16	míng	míng	snout moth's larva
螠	142	虫	16	yì	yì	
螡	142	虫	16	wén	wén	
螢	142	虫	16	yíng	yíng	glowworm
螣	142	虫	16	téng	téng	mythological wingless dragon
螤	142	虫	16	zhōng	zhōng	
螥	142	虫	16	cāng	cāng	the house-fly
螦	142	虫	16	sāo	sāo	
螧	142	虫	16	qí	qí	
螨	142	虫	16	mǎn	mǎn	insect
螩	142	虫	16	dāo	dāo	
螪	142	虫	17	shāng	shāng	
螫	142	虫	17	shì	shì	poison
螬	142	虫	17	cáo	cáo	grubs in fruit
螭	142	虫	16	chī	chī	a dragon whose horns have not grown
螮	142	虫	17	dì	dì	rainbow
螯	142	虫	16	áo	áo	nippers
螰	142	虫	17	lù	lù	
螱	142	虫	17	wèi	wèi	
螲	142	虫	17	zhì	zhì	
螳	142	虫	17	táng	táng	mantis
螴	142	虫	16	chén	chén	
螵	142	虫	17	piāo	piāo	a chrysalis
螶	142	虫	16	qú	qú	
螷	142	虫	17	pí	pí	
螸	142	虫	17	yú	yú	
螹	142	虫	17	jiàn	jiàn	
螺	142	虫	17	luó	luó	spiral shell
螻	142	虫	17	lóu	lóu	a mole cricket
螼	142	虫	17	qǐn	qǐn	
螽	142	虫	17	zhōng	zhōng	katydid
螾	142	虫	17	yǐn	yǐn	the earthworm
螿	142	虫	17	jiāng	jiāng	kind of cicada
蟀	142	虫	17	shuài	shuài	cricket
蟁	142	虫	17	wén	wén	a mosquito
蟂	142	虫	17	xiāo	xiāo	
蟃	142	虫	17	wàn	wàn	
蟄	142	虫	17	zhé	zhé	to hibernate
蟅	142	虫	17	zhè	zhè	
蟆	142	虫	16	má	má	frog
蟇	142	虫	16	má	má	frog
蟈	142	虫	17	guō	guō	small green frog
蟉	142	虫	17	liú	liú	
蟊	142	虫	17	máo	máo	grain-eating grub
蟋	142	虫	17	xī	xī	cricket
蟌	142	虫	17	cōng	cōng	
蟍	142	虫	17	lí	lí	
蟎	142	虫	17	mǎn	mǎn	mite
蟏	142	虫	17	xiāo	xiāo	a kind of spider with long legs
蟐	142	虫	17	cháng	cháng	
蟑	142	虫	17	zhāng	zhāng	cockroach
蟒	142	虫	16	mǎng	mǎng	python
蟓	142	虫	17	xiàng	xiàng	an ancient term for silkworms
蟔	142	虫	18	mò	mò	
蟕	142	虫	19	zuī	zuī	a species of tortoise found near the mouth of the Yellow River
蟖	142	虫	18	sī	sī	the larva of a month
蟗	142	虫	18	qiū	qiū	
蟘	142	虫	18	tè	tè	
蟙	142	虫	18	zhí	zhí	
蟚	142	虫	18	péng	péng	a small land crab
蟛	142	虫	18	péng	péng	a land-crab
蟜	142	虫	18	jiǎo	jiǎo	insect
蟝	142	虫	17	qú	qú	(Cant.) 蠄蟝
蟞	142	虫	17	biē	biē	
蟟	142	虫	18	liáo	liáo	a kind of cicada
蟠	142	虫	18	pán	pán	coil
蟡	142	虫	18	guǐ	guǐ	
蟢	142	虫	18	xǐ	xǐ	caulk
蟣	142	虫	18	jǐ	jǐ	louse eggs
蟤	142	虫	18	zhuān	zhuān	
蟥	142	虫	17	huáng	huáng	leech
蟦	142	虫	18	féi	féi	
蟧	142	虫	18	láo	láo	(Cant.) 蠄蟧
蟨	142	虫	18	jué	jué	the Siberian jerboa
蟩	142	虫	18	jué	jué	
蟪	142	虫	18	huì	huì	a kind of cicada
蟫	142	虫	18	yín	yín	silverfish
蟬	142	虫	18	chán	chán	cicada
蟭	142	虫	18	jiāo	jiāo	very small bug
蟮	142	虫	18	shàn	shàn	earthworm
蟯	142	虫	18	náo	náo	Enterobius vermicularis
蟰	142	虫	19	xiāo	xiāo	small spider with long legs
蟱	142	虫	18	wú	wú	
蟲	142	虫	18	chóng	chóng	worms
蟳	142	虫	18	xún	xún	a kind of crab
蟴	142	虫	18	sī	sī	
蟵	142	虫	18	chú	chú	
蟶	142	虫	19	chēng	chēng	razor clam
蟷	142	虫	19	dāng	dāng	mantis
蟸	142	虫	19	lǐ	lǐ	
蟹	142	虫	19	xiè	xiè	crab
蟺	142	虫	19	shàn	shàn	earthworm
蟻	142	虫	19	yǐ	yǐ	ants
蟼	142	虫	18	jǐng	jǐng	
蟽	142	虫	18	dá	dá	
蟾	142	虫	19	chán	chán	toad
蟿	142	虫	19	qì	qì	Acrida chinensis
蠀	142	虫	19	cī	cī	
蠁	142	虫	17	xiǎng	xiǎng	larvae
蠂	142	虫	18	shè	shè	
蠃	142	虫	19	luǒ	luǒ	the solitary wasp
蠄	142	虫	18	qín	qín	(Cant.) 蠄蟧
蠅	142	虫	19	yíng	yíng	flies
蠆	142	虫	18	chài	chài	a kind of scorpion
蠇	142	虫	18	lì	lì	
蠈	142	虫	19	zéi	zéi	paddy-destroying grub
蠉	142	虫	19	xuān	xuān	mosquito larvae
蠊	142	虫	19	lián	lián	cockroach
蠋	142	虫	19	zhú	zhú	caterpillar
蠌	142	虫	19	zé	zé	
蠍	142	虫	19	xiē	xiē	scorpion
蠎	142	虫	17	mǎng	mǎng	python
蠏	142	虫	19	xiè	xiè	crab
蠐	142	虫	20	qí	qí	maggots
蠑	142	虫	20	róng	róng	lizard
蠒	142	虫	20	jiǎn	jiǎn	
蠓	142	虫	19	měng	měng	midges
蠔	142	虫	20	háo	háo	oyster
蠕	142	虫	20	rú	rú	to squirm
蠖	142	虫	19	huò	huò	inch-worm
蠗	142	虫	20	zhuó	zhuó	
蠘	142	虫	20	jié	jié	
蠙	142	虫	20	pín	pín	oyster
蠚	142	虫	20	hē	hē	to sting
蠛	142	虫	20	miè	miè	flies
蠜	142	虫	21	fán	fán	grasshopper
蠝	142	虫	21	lěi	lěi	
蠞	142	虫	19	jié	jié	
蠟	142	虫	21	là	là	wax
蠠	142	虫	21	mǐn	mǐn	
蠡	142	虫	21	lí	lí/lǐ	wood-boring insect
蠢	142	虫	21	chǔn	chǔn	wriggle
蠣	142	虫	20	lì	lì	oyster
蠤	142	虫	21	qiū	qiū	
蠥	142	虫	22	niè	niè	
蠦	142	虫	22	lú	lú	
蠧	142	虫	22	dù	dù	moth
蠨	142	虫	22	xiāo	xiāo	a kind of spider with long legs
蠩	142	虫	21	zhū	zhū	a toad
蠪	142	虫	22	lóng	lóng	
蠫	142	虫	21	lí	lí	
蠬	142	虫	22	lóng	lóng	
蠭	142	虫	22	fēng	fēng	bees
蠮	142	虫	23	yē	yē	bee
蠯	142	虫	23	pí	pí	
蠰	142	虫	23	náng	náng	
蠱	142	虫	23	gǔ	gǔ	poison
蠲	142	虫	23	juān	juān	millipede
蠳	142	虫	23	yīng	yīng	
蠴	142	虫	22	shǔ	shǔ	
蠵	142	虫	24	xī	xī	large turtles
蠶	142	虫	24	cán	cán	silkworm
蠷	142	虫	24	qú	qú	
蠸	142	虫	23	quán	quán	Aulacophora femoralis
蠹	142	虫	24	dù	dù	moth
蠺	142	虫	24	cán	cán	(same as 蚕) silkworms
蠻	142	虫	25	mán	mán	barbarians
蠼	142	虫	26	qú	qú	earwig
蠽	142	虫	27	jié	jié	
蠾	142	虫	27	zhú	zhú	
蠿	142	虫	27	zhuō	zhuō	
血	143	血	6	xuè	xiě/xuè	blood
衁	143	血	9	huāng	huāng	blood
衂	143	血	9	nǜ	nǜ	to be defeated
衃	143	血	10	pēi	pēi	coagulated blood
衄	143	血	10	nǜ	nǜ	epistaxis
衅	143	血	11	xìn	xìn	consecrate sacrificial vessels by smearing blood
衆	143	血	12	zhòng	zhòng	multitude
衇	143	血	12	mài	mài	blood vessels
衈	143	血	12	èr	èr	the blood of a sacrificial fowl which was sprinkled on the doors and vessels
衉	143	血	12	kā	kā	to vomit
衊	143	血	20	miè	miè	smear
衋	143	血	24	xì	xì	
行	144	行	6	xíng	háng/héng/xíng	go
衍	144	行	9	yǎn	yǎn	overflow
衎	144	行	9	kàn	kàn	to give pleasure
衏	144	行	10	yuàn	yuàn	
衐	144	行	10	qú	qú	
衑	144	行	11	líng	líng	
衒	144	行	11	xuàn	xuàn	brag
術	144	行	11	shù	shù	art
衔	144	行	11	xián	xián	bit
衕	144	行	12	tòng	tòng	alley
衖	144	行	12	xiàng	xiàng	lane
街	144	行	12	jiē	jiē	street
衘	144	行	13	xián	xián	
衙	144	行	13	yá	yá	public office
衚	144	行	15	hú	hú	lane
衛	144	行	15	wèi	wèi	guard
衜	144	行	15	dào	dào	way
衝	144	行	15	chōng	chōng/chòng	rush against
衞	144	行	16	wèi	wèi	guard
衟	144	行	16	dào	dào	
衠	144	行	16	zhūn	zhūn	pure
衡	144	行	16	héng	héng	measure
衢	144	行	24	qú	qú	highway
衣	145	衣	6	yī	yī	clothes
衤	145	衣	6	yī	yī	clothes
补	145	衣	7	bǔ	bǔ	mend
衦	145	衣	8	gǎn	gǎn	smooth out the clothes
衧	145	衣	8	yú	yú	
表	145	衣	8	biǎo	biǎo	show
衩	145	衣	8	chǎ	chǎ/chà	the open seam of a garment which allows freedom of movement
衪	145	衣	8	yí	yí	
衫	145	衣	8	shān	shān	shirt
衬	145	衣	8	chèn	chèn	underwear
衭	145	衣	9	fū	fū	the lapel of a garment
衮	145	衣	10	gǔn	gǔn	ceremonial dress worn by the emperor
衯	145	衣	9	fēn	fēn	
衰	145	衣	10	shuāi	shuāi	decline
衱	145	衣	8	jié	jié	
衲	145	衣	9	nà	nà	mend
衳	145	衣	9	zhōng	zhōng	
衴	145	衣	9	dǎn	dǎn	
衵	145	衣	9	yì	yì	chemise
衶	145	衣	9	zhòng	zhòng	
衷	145	衣	10	zhōng	zhōng	heart
衸	145	衣	9	jiè	jiè	
衹	145	衣	9	zhǐ	zhǐ	only
衺	145	衣	10	xié	xié	slit in garment to aid movement
衻	145	衣	9	rán	rán	
衼	145	衣	9	zhī	zhī	
衽	145	衣	9	rèn	rèn	lapel
衾	145	衣	10	qīn	qīn	coverlet
衿	145	衣	9	jīn	jīn	collar or lapel of garment
袀	145	衣	9	jūn	jūn	
袁	145	衣	10	yuán	yuán	robe
袂	145	衣	9	mèi	mèi	sleeves
袃	145	衣	10	chài	chài	
袄	145	衣	9	ǎo	ǎo	outer garments
袅	145	衣	10	niǎo	niǎo	curling upwards
袆	145	衣	9	huī	huī	ceremonial gowns of a queen
袇	145	衣	9	rán	rán	
袈	145	衣	11	jiā	jiā	Buddhist cassock
袉	145	衣	10	tuó	tuó	
袊	145	衣	10	lǐng	lǐng	
袋	145	衣	11	dài	dài	pocket
袌	145	衣	11	bào	bào	
袍	145	衣	10	páo	páo	long gown
袎	145	衣	10	yào	yào	
袏	145	衣	10	zuò	zuò	
袐	145	衣	10	bì	bì	
袑	145	衣	10	shào	shào	
袒	145	衣	10	tǎn	tǎn	strip
袓	145	衣	10	jù	jù	
袔	145	衣	10	hè	hè	
袕	145	衣	10	xué	xué	
袖	145	衣	10	xiù	xiù	sleeve
袗	145	衣	10	zhěn	zhěn	unlined garments
袘	145	衣	10	yí	yí	
袙	145	衣	10	pà	pà	
袚	145	衣	10	bō	bō	greave
袛	145	衣	10	dī	dī	(same as 只)
袜	145	衣	10	wà	wà	socks
袝	145	衣	10	fù	fù	
袞	145	衣	11	gǔn	gǔn	ceremonial dress worn by the emperor
袟	145	衣	10	zhì	zhì	book cover
袠	145	衣	11	zhì	zhì	book cover
袡	145	衣	10	rán	rán	
袢	145	衣	10	pàn	pàn	robe
袣	145	衣	10	yì	yì	
袤	145	衣	11	mào	mào	longitude
袥	145	衣	10	tuō	tuō	
袦	145	衣	10	nà	nà	
袧	145	衣	10	gōu	gōu	
袨	145	衣	10	xuàn	xuàn	
袩	145	衣	10	zhé	zhé	
袪	145	衣	10	qū	qū	sleeves
被	145	衣	10	bèi	bèi	passive indicator 'by'
袬	145	衣	11	yù	yù	
袭	145	衣	11	xí	xí	raid
袮	145	衣	10	mí	mí	(same as 你) deity
袯	145	衣	10	bó	bó	raincoat
袰	145	衣	11	bō	bō	
袱	145	衣	11	fú	fú	a piece of cloth used wrap bundles
袲	145	衣	12	chǐ	chǐ	
袳	145	衣	11	chǐ	chǐ	spread one's clothes
袴	145	衣	11	kù	kù	pants
袵	145	衣	11	rèn	rèn	lapel
袶	145	衣	11	jiàng	jiàng	
袷	145	衣	11	qiā	qiā	lined garment
袸	145	衣	11	jiàn	jiàn	
袹	145	衣	11	bó	bó	
袺	145	衣	11	jié	jié	hold up
袻	145	衣	11	ér	ér	
袼	145	衣	11	gē	gē	seam below armpit
袽	145	衣	11	rú	rú	clothes
袾	145	衣	11	zhū	zhū	
袿	145	衣	11	guī	guī	gown
裀	145	衣	11	yīn	yīn	mat
裁	145	衣	12	cái	cái	cut out
裂	145	衣	12	liè	liè	split
裃	145	衣	11	kǎ	kǎ	old ceremonial garb
裄	145	衣	11	háng	háng	sleeve length
装	145	衣	12	zhuāng	zhuāng	dress
裆	145	衣	11	dāng	dāng	crotch or seat of pants
裇	145	衣	12	xū	xū	(Cant.) a shirt (Engl. loanword)
裈	145	衣	11	kūn	kūn	trousers
裉	145	衣	11	kèn	kèn	seam in a garment
裊	145	衣	13	niǎo	niǎo	curling upwards
裋	145	衣	12	shù	shù	cotton clothes of a boy servant
裌	145	衣	12	jiá	jiá	lined garment
裍	145	衣	12	kǔn	kǔn	a border or band on the edge of a dress
裎	145	衣	12	chéng	chéng/chěng	to take off the clothes and expose the body
裏	145	衣	13	lǐ	lǐ/li	inside
裐	145	衣	12	juān	juān	
裑	145	衣	12	shēn	shēn	
裒	145	衣	12	póu	póu	collect
裓	145	衣	12	gé	gé	
裔	145	衣	13	yì	yì	progeny
裕	145	衣	12	yù	yù	abundant
裖	145	衣	12	zhěn	zhěn	
裗	145	衣	12	liú	liú	
裘	145	衣	13	qiú	qiú	fur garments
裙	145	衣	12	qún	qún	skirt
裚	145	衣	13	jì	jì	
裛	145	衣	13	yì	yì	to wrap and bind
補	145	衣	13	bǔ	bǔ	mend
裝	145	衣	13	zhuāng	zhuāng	dress
裞	145	衣	12	shuì	shuì	
裟	145	衣	13	shā	shā	a cassock or robe of a monk
裠	145	衣	13	qún	qún	a short skirt
裡	145	衣	12	lǐ	lǐ/li	inside
裢	145	衣	12	lián	lián	folding purse inserted in belt
裣	145	衣	12	liǎn	liǎn	draw one's hands into sleeve
裤	145	衣	12	kù	kù	trousers
裥	145	衣	12	jiǎn	jiǎn	folds
裦	145	衣	14	fóu	fóu	
裧	145	衣	13	chān	chān	
裨	145	衣	13	bì	bì	aid
裩	145	衣	13	kūn	kūn	
裪	145	衣	13	táo	táo	the sleeve
裫	145	衣	14	yuàn	yuàn	
裬	145	衣	13	líng	líng	
裭	145	衣	13	chǐ	chǐ	
裮	145	衣	13	chāng	chāng	
裯	145	衣	13	chóu	chóu	coverlet
裰	145	衣	13	duō	duō	to mend clothes
裱	145	衣	13	biǎo	biǎo	to mount maps or scrolls to paste
裲	145	衣	13	liǎng	liǎng	waistcoat
裳	145	衣	14	shang	shang	clothes
裴	145	衣	14	péi	péi	surname
裵	145	衣	14	péi	péi	surname
裶	145	衣	13	fēi	fēi	long robes trailing on ground
裷	145	衣	13	yuān	yuān	
裸	145	衣	13	luǒ	luǒ	bare
裹	145	衣	14	guǒ	guǒ	wrap
裺	145	衣	13	yǎn	yǎn	
裻	145	衣	14	dú	dú	
裼	145	衣	13	tì	tì/xī	to take off one's top
製	145	衣	14	zhì	zhì	make
裾	145	衣	13	jū	jū	lapel
裿	145	衣	13	yǐ	yǐ	
褀	145	衣	13	qí	qí	
褁	145	衣	12	guǒ	guǒ	
褂	145	衣	13	guà	guà	jacket
褃	145	衣	13	kèn	kèn	a seam in a garment
褄	145	衣	13	qī	qī	a skirt
褅	145	衣	14	tì	tì	
褆	145	衣	14	tí	tí	handsomely dressed
複	145	衣	15	fù	fù	repeat
褈	145	衣	14	chóng	chóng	
褉	145	衣	14	xiè	xiè	short garments
褊	145	衣	14	biǎn	biǎn	cramped
褋	145	衣	14	dié	dié	
褌	145	衣	14	kūn	kūn	trousers
褍	145	衣	14	duān	duān	
褎	145	衣	14	xiù	xiù	sleeve
褏	145	衣	14	xiù	xiù	sleeve
褐	145	衣	14	hè	hè	coarse woolen cloth
褑	145	衣	14	yuàn	yuàn	
褒	145	衣	15	bāo	bāo	praise
褓	145	衣	14	bǎo	bǎo	swaddling cloth
褔	145	衣	14	fù	fù	complex
褕	145	衣	14	yú	yú	shirt
褖	145	衣	14	tuàn	tuàn	
褗	145	衣	14	yǎn	yǎn	
褘	145	衣	14	huī	huī	ceremonial gowns of a queen
褙	145	衣	14	bèi	bèi	paper or cloth pasted together
褚	145	衣	13	chǔ	chǔ	bag
褛	145	衣	14	lǚ	lǚ	lapel
褜	145	衣	15	páo	páo	
褝	145	衣	14	dān	dān	unlined garment
褞	145	衣	14	yǔn	yǔn	a robe
褟	145	衣	15	tā	tā	inner shirt or singlet
褠	145	衣	15	gōu	gōu	
褡	145	衣	14	dā	dā	girdle
褢	145	衣	15	huái	huái	to carry in the bosom or the sleeve
褣	145	衣	15	róng	róng	
褤	145	衣	15	yuàn	yuàn	
褥	145	衣	15	rù	rù	mattress
褦	145	衣	15	nài	nài	stupid
褧	145	衣	16	jiǒng	jiǒng	unlined clothes
褨	145	衣	14	suǒ	suǒ	
褩	145	衣	16	bān	bān	
褪	145	衣	14	tuì	tuì/tùn	strip
褫	145	衣	15	chǐ	chǐ	strip
褬	145	衣	15	sǎng	sǎng	
褭	145	衣	16	niǎo	niǎo	
褮	145	衣	16	yīng	yīng	
褯	145	衣	15	jiè	jiè	children's garments. a mat for wrapping garments
褰	145	衣	16	qiān	qiān	underclothing
褱	145	衣	16	huái	huái	to carry in the bosom or the sleeve
褲	145	衣	15	kù	kù	trousers
褳	145	衣	15	lián	lián	folding purse inserted in belt
褴	145	衣	15	lán	lán	ragged
褵	145	衣	15	lí	lí	bridal veil
褶	145	衣	16	zhě	zhě	pleat
褷	145	衣	16	shī	shī	
褸	145	衣	16	lǚ	lǚ	lapel
褹	145	衣	16	yì	yì	
褺	145	衣	17	diē	diē	dirty
褻	145	衣	17	xiè	xiè	dirty
褼	145	衣	17	xiān	xiān	
褽	145	衣	17	wèi	wèi	cushion
褾	145	衣	16	biǎo	biǎo	
褿	145	衣	16	cáo	cáo	
襀	145	衣	16	jī	jī	a pleat
襁	145	衣	17	qiǎng	qiǎng	swaddling clothes
襂	145	衣	16	sēn	sēn	
襃	145	衣	16	bāo	bāo	commend
襄	145	衣	17	xiāng	xiāng	aid
襅	145	衣	15	bì	bì	
襆	145	衣	17	fú	fú	hood or cowl
襇	145	衣	17	jiǎn	jiǎn	folds
襈	145	衣	17	zhuàn	zhuàn	
襉	145	衣	17	jiǎn	jiǎn	folds
襊	145	衣	17	cuì	cuì	
襋	145	衣	17	jí	jí	collar
襌	145	衣	17	dān	dān	unlined garment
襍	145	衣	17	zá	zá	mixed
襎	145	衣	17	fán	fán	
襏	145	衣	17	bó	bó	raincoat
襐	145	衣	16	xiàng	xiàng	
襑	145	衣	17	xín	xín	
襒	145	衣	16	bié	bié	
襓	145	衣	17	ráo	ráo	
襔	145	衣	16	mǎn	mǎn	
襕	145	衣	17	lán	lán	a one-piece garment
襖	145	衣	17	ǎo	ǎo	outer garments
襗	145	衣	18	zé	zé	
襘	145	衣	18	guì	guì	
襙	145	衣	18	cào	cào	
襚	145	衣	17	suì	suì	grave clothes
襛	145	衣	18	nóng	nóng	fine clothes
襜	145	衣	18	chān	chān	flutter
襝	145	衣	18	liǎn	liǎn	draw one's hands into sleeve
襞	145	衣	19	bì	bì	fold
襟	145	衣	18	jīn	jīn	lapel
襠	145	衣	18	dāng	dāng	crotch or seat of pants
襡	145	衣	18	shǔ	shǔ	short coat
襢	145	衣	18	tǎn	tǎn	strip
襣	145	衣	19	bì	bì	
襤	145	衣	19	lán	lán	ragged
襥	145	衣	19	fú	fú	
襦	145	衣	19	rú	rú	short coat
襧	145	衣	19	zhǐ	zhǐ	
襨	145	衣	20	duì	duì	
襩	145	衣	20	shǔ	shǔ	
襪	145	衣	19	wà	wà	socks
襫	145	衣	20	shì	shì	raincoat
襬	145	衣	20	bǎi	bǎi	lower part of a robe
襭	145	衣	20	xié	xié	tuck up hem of garment and wrap
襮	145	衣	20	bó	bó	collar
襯	145	衣	21	chèn	chèn	underwear
襰	145	衣	21	lài	lài	
襱	145	衣	21	lóng	lóng	legs of trousers
襲	145	衣	22	xí	xí	raid
襳	145	衣	22	xiān	xiān	
襴	145	衣	22	lán	lán	a one-piece garment
襵	145	衣	23	zhě	zhě	a pleat in a skirt
襶	145	衣	22	dài	dài	ignorant
襷	145	衣	22	jǔ	jǔ	a cord for holding up sleeves
襸	145	衣	24	zàn	zàn	
襹	145	衣	24	shī	shī	
襺	145	衣	23	jiǎn	jiǎn	
襻	145	衣	24	pàn	pàn	a loop
襼	145	衣	23	yì	yì	'kimono' sleeve
襽	145	衣	25	lán	lán	
襾	146	襾	6	yà	yà	cover
西	146	襾	6	xī	xī	west(ern)
覀	146	襾	6	xī	xī	variant of Kangxi radical 146
要	146	襾	9	yào	yāo/yào	necessary
覂	146	襾	10	fěng	fěng	to throw a rider
覃	146	襾	12	tán	qín/tán	reach to
覄	146	襾	12	fù	fù	
覅	146	襾	13	fiào	fiào	
覆	146	襾	18	fù	fù	cover
覇	146	襾	19	bà	bà	rule by might rather than right
覈	146	襾	19	hé	hé	investigate
覉	146	襾	23	jī	jī	an inn
覊	146	襾	25	jī	jī	halter
見	147	見	7	jiàn	jiàn	see
覌	147	見	9	guān	guān	see
覍	147	見	10	biàn	biàn	
覎	147	見	10	yàn	yàn	place name
規	147	見	11	guī	guī	rules
覐	147	見	11	jué	jué	to sleep
覑	147	見	11	piǎn	piǎn	
覒	147	見	11	mào	mào	
覓	147	見	11	mì	mì	seek
覔	147	見	11	mì	mì	to search for
覕	147	見	12	miè	miè	
視	113	示	11	shì	shì	look at
覗	147	見	12	sì	sì	peek
覘	147	見	12	chān	chān	peek
覙	147	見	12	luó	luó	explain in detail
覚	147	見	12	jué	jué	to wake up from sleep
覛	147	見	13	mì	mì	
覜	147	見	13	tiào	tiào	mission
覝	147	見	14	lián	lián	
覞	147	見	14	yào	yào	
覟	147	見	14	zhì	zhì	
覠	147	見	14	jūn	jūn	
覡	147	見	14	xí	xí	wizard
覢	147	見	15	shǎn	shǎn	
覣	147	見	15	wēi	wēi	
覤	147	見	15	xì	xì	
覥	147	見	15	tiǎn	tiǎn	ashamed
覦	147	見	16	yú	yú	desire strongly
覧	147	見	16	lǎn	lǎn	look at
覨	147	見	16	è	è	
覩	147	見	16	dǔ	dǔ	see
親	147	見	16	qīn	qīn/qìng	relatives
覫	147	見	17	pǎng	pǎng	
覬	147	見	17	jì	jì	covet
覭	147	見	17	míng	míng	
覮	147	見	17	yíng	yíng	
覯	147	見	17	gòu	gòu	meet or see unexpectedly
覰	147	見	18	qū	qū/qù	to spy
覱	147	見	18	zhàn	zhàn	
覲	147	見	18	jìn	jìn	have imperial audience
観	147	見	18	guān	guān	see
覴	147	見	19	dēng	dēng	
覵	147	見	19	jiàn	jiàn	steal look
覶	147	見	19	luó	luó	to look about
覷	147	見	18	qù	qù	peep at
覸	147	見	19	jiān	jiān	steal look
覹	147	見	20	wéi	wéi	
覺	147	見	20	jué	jiào/jué	to wake up from sleep
覻	147	見	20	qū	qū/qù	peep at
覼	147	見	21	luó	luó	to explain in detail
覽	147	見	21	lǎn	lǎn	look at
覾	147	見	22	shěn	shěn	
覿	147	見	22	dí	dí	see
觀	147	見	25	guān	guān/guàn	see
见	147'	见	4	jiàn	jiàn/xiàn	see
观	147'	见	6	guān	guān/guàn	see
觃	147'	见	7	yàn	yàn	place name
规	147'	见	8	guī	guī	rules
觅	147'	见	8	mì	mì	seek
视	113	示	8	shì	shì	look at
觇	147'	见	9	chān	chān	peek
览	147'	见	9	lǎn	lǎn	look at
觉	147'	见	9	jué	jiào/jué	to wake up from sleep
觊	147'	见	10	jì	jì	covet
觋	147'	见	11	xí	xí	wizard
觌	147'	见	12	dí	dí	see
觍	147'	见	12	tiǎn	tiǎn	ashamed
觎	147'	见	13	yú	yú	desire strongly
觏	147'	见	14	gòu	gòu	meet or see unexpectedly
觐	147'	见	15	jìn	jìn	have imperial audience
觑	147'	见	15	qù	qù	peep at
角	148	角	7	jiǎo	jiǎo/jué	horn
觓	148	角	9	qiú	qiú	
觔	148	角	9	jīn	jīn	catty
觕	148	角	11	cū	cū	coarse
觖	148	角	11	jué	jué	to long for
觗	148	角	11	zhì	zhì	
觘	148	角	11	chào	chào	
觙	148	角	10	jí	jí	
觚	148	角	12	gū	gū	jug
觛	148	角	12	dàn	dàn	
觜	148	角	13	zī	zī	turtle beak
觝	148	角	12	dǐ	dǐ	gore
觞	148	角	12	shāng	shāng	wine vessel
觟	148	角	13	huà	huà	
觠	148	角	13	quán	quán	
觡	148	角	13	gé	gé	antlers
觢	148	角	13	shì	shì	
解	148	角	13	jiě	jiě/jiè/xiè	loosen
觤	148	角	13	guǐ	guǐ	
觥	148	角	13	gōng	gōng	a cup made of horn
触	148	角	13	chù	chù	butt
觧	148	角	13	jiě	jiě/jiè	loosen
觨	148	角	14	hùn	hùn	
觩	148	角	14	qiú	qiú	strong
觪	148	角	14	xīng	xīng	
觫	148	角	14	sù	sù	to start
觬	148	角	15	ní	ní	
觭	148	角	15	jī	jī	one turning up and one turning down
觮	148	角	15	lù	lù	
觯	148	角	15	zhì	zhì	wine goblet made from horn
觰	148	角	15	zhā	zhā	
觱	148	角	16	bì	bì	tartar horn
觲	148	角	17	xīng	xīng	
觳	148	角	17	hú	hú	an ancient measure
觴	148	角	18	shāng	shāng	wine vessel
觵	148	角	18	gōng	gōng	a cup made of rhinoceros horn
觶	148	角	19	zhì	zhì	wine goblet made from horn
觷	148	角	20	xué	xué	to process or carve horns
觸	148	角	20	chù	chù	touch
觹	148	角	19	xī	xī	
觺	148	角	21	yí	yí	
觻	148	角	22	lì	lì	
觼	148	角	21	jué	jué	buckle
觽	148	角	22	xī	xī	
觾	148	角	23	yàn	yàn	
觿	148	角	25	xī	xī	a bodkin made of ivory
言	149	言	7	yán	yán	words
訁	149	言	7	yán	yán	Kangxi radical 149
訂	149	言	9	dìng	dìng	draw up agreement
訃	149	言	9	fù	fù	obituary
訄	149	言	9	qiú	qiú	to coerce
訅	149	言	9	qiú	qiú	
訆	149	言	9	jiào	jiào	
訇	149	言	9	hōng	hōng	the sound of a crash
計	149	言	9	jì	jì	plan
訉	149	言	10	fàn	fàn	
訊	149	言	10	xùn	xùn	inquire
訋	149	言	10	diào	diào	
訌	149	言	10	hòng	hòng	confusion
訍	149	言	10	chài	chài	
討	149	言	10	tǎo	tǎo	to discuss
訏	149	言	10	xū	xū	boast
訐	149	言	10	jié	jié	expose other's secrets
訑	149	言	10	yí	yí	deceive
訒	149	言	10	rèn	rèn	hesitate to say
訓	149	言	10	xùn	xùn	teach
訔	149	言	10	yín	yín	
訕	149	言	10	shàn	shàn	abuse
訖	149	言	10	qì	qì	finish
託	149	言	10	tuō	tuō	entrust
記	149	言	10	jì	jì	record
訙	149	言	10	xùn	xùn	
訚	149	言	10	yín	yín	speak gently
訛	149	言	11	é	é	swindle
訜	149	言	11	fēn	fēn	
訝	149	言	11	yà	yà	express surprise
訞	149	言	11	yāo	yāo	
訟	149	言	11	sòng	sòng	accuse
訠	149	言	11	shěn	shěn	much more
訡	149	言	11	yín	yín	to chant
訢	149	言	11	xīn	xīn	pleased
訣	149	言	11	jué	jué	take leave of
訤	149	言	11	xiáo	xiáo	
訥	149	言	11	nè	nè	slow of speech
訦	149	言	11	chén	chén	sincere
訧	149	言	11	yóu	yóu	fault
訨	149	言	11	zhǐ	zhǐ	
訩	149	言	11	xiōng	xiōng	noisily
訪	149	言	11	fǎng	fǎng	visit
訫	149	言	11	xìn	xìn	
訬	149	言	11	chāo	chāo	clamour
設	149	言	11	shè	shè	build
訮	149	言	11	yán	yán	
訯	149	言	10	sǎ	sǎ	
訰	149	言	11	zhùn	zhùn	
許	149	言	11	xǔ	xǔ	allow
訲	149	言	11	yì	yì	
訳	149	言	11	yì	yì	translate
訴	149	言	12	sù	sù	accuse
訵	149	言	12	chī	chī	
訶	149	言	12	hē	hē	scold loudly
訷	149	言	12	shēn	shēn	
訸	149	言	12	hé	hé	
訹	149	言	12	xù	xù	to beguile with false stories
診	149	言	12	zhěn	zhěn	examine patient
註	149	言	12	zhù	zhù	explain
証	149	言	12	zhèng	zhèng	prove
訽	149	言	12	gòu	gòu	blame
訾	149	言	13	zǐ	zǐ	bad-mouth
訿	149	言	13	zǐ	zǐ	
詀	149	言	12	zhān	zhān	garrulous to whisper. to joke
詁	149	言	12	gǔ	gǔ	exegesis
詂	149	言	12	fù	fù	
詃	149	言	12	jiǎn	jiǎn	
詄	149	言	12	dié	dié	
詅	149	言	12	líng	líng	to sell
詆	149	言	12	dǐ	dǐ	slander
詇	149	言	12	yàng	yàng	
詈	149	言	12	lì	lì	scold
詉	149	言	12	náo	náo	gibberish
詊	149	言	12	pàn	pàn	
詋	149	言	12	zhòu	zhòu	to curse
詌	149	言	12	gàn	gàn	
詍	149	言	12	yì	yì	
詎	149	言	11	jù	jù	interjection used to express surprise
詏	149	言	12	yào	yào	(Cant.) to argue
詐	149	言	12	zhà	zhà	cheat
詑	149	言	12	yí	yí	cheat
詒	149	言	12	yí	yí	bequeath
詓	149	言	12	qǔ	qǔ	
詔	149	言	12	zhào	zhào	decree
評	149	言	12	píng	píng	appraise
詖	149	言	12	bì	bì	argue
詗	149	言	12	xiòng	xiòng	to spy
詘	149	言	12	qū	qū	bend
詙	149	言	12	bá	bá	
詚	149	言	12	dá	dá	
詛	149	言	12	zǔ	zǔ	curse
詜	149	言	12	tāo	tāo	
詝	149	言	12	zhǔ	zhǔ	
詞	149	言	12	cí	cí	words
詟	149	言	12	zhé	zhé	fear
詠	149	言	12	yǒng	yǒng	sing
詡	149	言	13	xǔ	xǔ	boast
詢	149	言	13	xún	xún	inquire into
詣	149	言	13	yì	yì	reach
詤	149	言	13	huǎng	huǎng	to make wild statements to lie
詥	149	言	13	hé	hé	
試	149	言	13	shì	shì	test
詧	149	言	13	chá	chá	to examine into judicially to find out
詨	149	言	13	xiào	xiào	genus of cicada
詩	149	言	13	shī	shī	poetry
詪	149	言	13	hěn	hěn	difficulty in speaking
詫	149	言	13	chà	chà	to brag
詬	149	言	13	gòu	gòu	abuse
詭	149	言	13	guǐ	guǐ	deceive
詮	149	言	13	quán	quán	explain
詯	149	言	13	huì	huì	
詰	149	言	13	jié	jié	question
話	149	言	13	huà	huà	speech
該	149	言	13	gāi	gāi	should
詳	149	言	13	xiáng	xiáng	detailed
詴	149	言	13	wēi	wēi	
詵	149	言	13	shēn	shēn	inquire
詶	149	言	13	zhòu	zhòu	
詷	149	言	13	tóng	tóng	
詸	149	言	13	mí	mí	riddle
詹	149	言	13	zhān	zhān	surname
詺	149	言	13	mìng	mìng	
詻	149	言	13	è	è	orders
詼	149	言	13	huī	huī	tease
詽	149	言	13	yán	yán	
詾	149	言	13	xiōng	xiōng	noisily
詿	149	言	13	guà	guà	error
誀	149	言	13	èr	èr	
誁	149	言	13	bìng	bìng	
誂	149	言	13	tiǎo	tiǎo	tempt
誃	149	言	13	yí	yí	part
誄	149	言	13	lěi	lěi	eulogize
誅	149	言	13	zhū	zhū	execute
誆	149	言	13	kuāng	kuāng	cheat
誇	149	言	13	kuā	kuā	exaggerate
誈	149	言	13	wū	wū	
誉	149	言	13	yù	yù	fame
誊	149	言	13	téng	téng	copy
誋	149	言	14	jì	jì	
誌	149	言	14	zhì	zhì	write down
認	149	言	14	rèn	rèn	recognize
誎	149	言	14	cù	cù	
誏	149	言	14	lǎng	lǎng	
誐	149	言	14	é	é	to intone
誑	149	言	14	kuáng	kuáng	deceive
誒	149	言	14	éi	ēi/éi/ěi/èi	an exclamation of confirmation
誓	149	言	14	shì	shì	swear
誔	149	言	13	tǐng	tǐng	
誕	149	言	13	dàn	dàn	to bear children
誖	149	言	14	bèi	bèi	obstinate
誗	149	言	14	chán	chán	
誘	149	言	14	yòu	yòu	persuade
誙	149	言	14	kēng	kēng	
誚	149	言	14	qiào	qiào	criticize
誛	149	言	14	qīn	qīn	
誜	149	言	14	shuà	shuà	
誝	149	言	14	ān	ān	
語	149	言	14	yǔ	yǔ	language
誟	149	言	14	xiào	xiào	
誠	149	言	13	chéng	chéng	sincere
誡	149	言	14	jiè	jiè	warn
誢	149	言	14	xiàn	xiàn	
誣	149	言	14	wū	wū	make false accusation
誤	149	言	14	wù	wù	err
誥	149	言	14	gào	gào	inform
誦	149	言	14	sòng	sòng	recite
誧	149	言	14	bū	bū	huge
誨	149	言	14	huì	huì	teach
誩	149	言	14	jìng	jìng	to quarrel
說	149	言	14	shuō	shuō	speak
誫	149	言	14	zhèn	zhèn	
説	149	言	14	shuō	shuō	speak
読	149	言	14	dú	dú	read
誮	149	言	14	huā	huā	
誯	149	言	15	chàng	chàng	
誰	149	言	15	shuí	shuí	who? whom? whose? anyone?
誱	149	言	15	jié	jié	
課	149	言	15	kè	kè	lesson
誳	149	言	15	qū	qū	
誴	149	言	15	cóng	cóng	
誵	149	言	15	xiáo	xiáo	
誶	149	言	15	suì	suì	speak ill of
誷	149	言	15	wǎng	wǎng	
誸	149	言	15	xián	xián	
誹	149	言	15	fěi	fěi	slander
誺	149	言	15	chī	chī	
誻	149	言	15	tà	tà	
誼	149	言	15	yì	yì	friendship
誽	149	言	15	nì	nì	
誾	149	言	15	yín	yín	speak gently
調	149	言	15	diào	diào	transfer
諀	149	言	15	pǐ	pǐ	
諁	149	言	15	zhuó	zhuó	to suck
諂	149	言	15	chǎn	chǎn	flatter
諃	149	言	15	chēn	chēn	
諄	149	言	15	zhūn	zhūn	patient
諅	149	言	15	jì	jì	
諆	149	言	15	qī	qī	to cheat
談	149	言	15	tán	tán	talk
諈	149	言	15	zhuì	zhuì	
諉	149	言	15	wěi	wěi	pass buck
諊	149	言	15	jū	jū	to make a judicial investigation
請	149	言	15	qǐng	qǐng	ask
諌	149	言	15	dǒng	dǒng	remonstrate
諍	149	言	13	zhèng	zhèng	to expostulate
諎	149	言	15	zé	zé	
諏	149	言	15	zōu	zōu	consult
諐	149	言	15	qiān	qiān	fault
諑	149	言	15	zhuó	zhuó	slander
諒	149	言	15	liàng	liàng	excuse
諓	149	言	15	jiàn	jiàn	flattering
諔	149	言	15	chù	chù	
諕	149	言	15	háo	háo	to intimidate
論	149	言	15	lùn	lún/lùn	debate
諗	149	言	15	shěn	shěn	consult carefully with
諘	149	言	15	biǎo	biǎo	
諙	149	言	15	huà	huà	
諚	149	言	15	pián	pián	(kokuji) command
諛	149	言	15	yú	yú	flatter
諜	149	言	16	dié	dié	an intelligence report
諝	149	言	16	xū	xū	knowledge
諞	149	言	16	piǎn	piǎn	brag
諟	149	言	16	shì	shì	to examine
諠	149	言	16	xuān	xuān	noisy
諡	149	言	16	shì	shì	posthumous name
諢	149	言	16	hùn	hùn	jokes
諣	149	言	15	huà	huà	
諤	149	言	16	è	è	honest speech
諥	149	言	16	zhòng	zhòng	
諦	149	言	16	dì	dì	careful
諧	149	言	16	xié	xié	harmonize
諨	149	言	16	fú	fú	
諩	149	言	15	pǔ	pǔ	
諪	149	言	16	tíng	tíng	
諫	149	言	16	jiàn	jiàn	remonstrate
諬	149	言	16	qǐ	qǐ	to open to begin to explain to inform a letter
諭	149	言	16	yù	yù	proclaim
諮	149	言	16	zī	zī	consult
諯	149	言	16	zhuān	zhuān	
諰	149	言	16	xǐ	xǐ	apprehensive
諱	149	言	16	huì	huì	conceal
諲	149	言	16	yīn	yīn	
諳	149	言	16	ān	ān	versed in
諴	149	言	16	xián	xián	in harmony
諵	149	言	16	nán	nán	mutter
諶	149	言	16	chén	chén	sincere
諷	149	言	16	fěng	fěng	recite
諸	149	言	16	zhū	zhū	several
諹	149	言	16	yáng	yáng	
諺	149	言	16	yàn	yàn	proverb
諻	149	言	16	huáng	huáng	
諼	149	言	16	xuān	xuān	forget
諽	149	言	16	gé	gé	
諾	149	言	15	nuò	nuò	promise
諿	149	言	16	qī	qī	
謀	149	言	16	móu	móu	plan
謁	149	言	16	yè	yè	visit
謂	149	言	16	wèi	wèi	say
謃	149	言	16	xīng	xīng	
謄	149	言	17	téng	téng	copy
謅	149	言	17	zhōu	zhōu	play with words
謆	149	言	17	shàn	shàn	beguile
謇	149	言	17	jiǎn	jiǎn	stutter
謈	149	言	17	pó	pó	
謉	149	言	16	kuì	kuì	
謊	149	言	16	huǎng	huǎng	lie
謋	149	言	17	huò	huò	sound of flesh and bone being separated
謌	149	言	17	gē	gē	song
謍	149	言	17	yíng	yíng	
謎	149	言	16	mí	mí	riddle
謏	149	言	16	xiǎo	xiǎo	scold
謐	149	言	17	mì	mì	calm
謑	149	言	17	xǐ	xǐ	shame
謒	149	言	17	qiāng	qiāng	
謓	149	言	17	chēn	chēn	
謔	149	言	16	xuè	xuè	jeer
謕	149	言	17	tí	tí	
謖	149	言	17	sù	sù	rise up
謗	149	言	17	bàng	bàng	slander
謘	149	言	17	chí	chí	
謙	149	言	17	qiān	qiān	humble
謚	149	言	17	shì	shì	to confer posthumous titles
講	149	言	17	jiǎng	jiǎng	explain
謜	149	言	17	yuán	yuán	
謝	149	言	17	xiè	xiè	thank
謞	149	言	17	hè	hè	
謟	149	言	17	tāo	tāo	flatter
謠	149	言	17	yáo	yáo	sing
謡	149	言	17	yáo	yáo	sing
謢	149	言	17	lū	lū	
謣	149	言	18	yú	yú	
謤	149	言	18	biāo	biāo	
謥	149	言	18	còng	còng	
謦	149	言	18	qìng	qǐng/qìng	to speak softly
謧	149	言	17	lí	lí	loquacious
謨	149	言	18	mó	mó	scheme
謩	149	言	17	mó	mó	
謪	149	言	18	shāng	shāng	to consult
謫	149	言	18	zhé	zhé	charge
謬	149	言	18	miù	miù	error
謭	149	言	18	jiǎn	jiǎn	shallow
謮	149	言	18	zé	zé	
謯	149	言	18	jiē	jiē	
謰	149	言	17	lián	lián	
謱	149	言	18	lóu	lóu	chatter
謲	149	言	18	càn	càn	
謳	149	言	18	ōu	ōu	to sing
謴	149	言	18	gùn	gùn	
謵	149	言	18	xí	xí	
謶	149	言	18	zhuó	zhuó	
謷	149	言	17	áo	áo	slander
謸	149	言	17	áo	áo	
謹	149	言	18	jǐn	jǐn	prudent
謺	149	言	18	zhé	zhé	
謻	149	言	18	yí	yí	
謼	149	言	18	hū	hū	to shout
謽	149	言	19	jiàng	jiàng	
謾	149	言	18	mán	mán	deceive
謿	149	言	19	cháo	cháo	ridicule
譀	149	言	18	hàn	hàn	
譁	149	言	17	huá	huá	noise
譂	149	言	19	chǎn	chǎn	
譃	149	言	18	xū	xū	
譄	149	言	19	zēng	zēng	
譅	149	言	21	sè	sè	wriggling
譆	149	言	19	xī	xī	scream
譇	149	言	18	zhā	zhā	
譈	149	言	19	duì	duì	dislike
證	149	言	19	zhèng	zhèng	proof
譊	149	言	19	náo	náo	wrangling
譋	149	言	19	lán	lán	
譌	149	言	19	é	é	false
譍	149	言	20	yīng	yīng/yìng	answer
譎	149	言	19	jué	jué	cunning
譏	149	言	19	jī	jī	ridicule
譐	149	言	19	zǔn	zǔn	to talk
譑	149	言	19	jiǎo	jiǎo	
譒	149	言	19	bò	bò	
譓	149	言	19	huì	huì	
譔	149	言	19	zhuàn	zhuàn	to eulogize
譕	149	言	19	wú	wú	
譖	149	言	19	zèn	zèn	to slander
譗	149	言	19	zhá	zhá	
識	149	言	19	shí	shí/zhì	recognize
譙	149	言	19	qiào	qiào	tower
譚	149	言	19	tán	tán	surname
譛	149	言	19	zèn	zèn	to slander
譜	149	言	19	pǔ	pǔ	register
譝	149	言	20	shéng	shéng	
譞	149	言	20	xuān	xuān	
譟	149	言	20	zào	zào	clamor
譠	149	言	20	tán	tán	
譡	149	言	20	dǎng	dǎng	
譢	149	言	19	suì	suì	
譣	149	言	20	xiǎn	xiǎn	
譤	149	言	20	jī	jī	
譥	149	言	20	jiào	jiào	
警	149	言	19	jǐng	jǐng	guard
譧	149	言	20	zhàn	zhàn	
譨	149	言	20	náng	náng	
譩	149	言	20	yī	yī	
譪	149	言	19	ǎi	ǎi	
譫	149	言	20	zhān	zhān	talkative
譬	149	言	20	pì	pì	metaphor
譭	149	言	20	huǐ	huǐ	to slander
譮	149	言	20	huà	huà	
譯	149	言	20	yì	yì	translate
議	149	言	20	yì	yì	consult
譱	149	言	20	shàn	shàn	
譲	149	言	20	ràng	ràng	allow
譳	149	言	21	nòu	nòu	
譴	149	言	20	qiǎn	qiǎn	reprimand
譵	149	言	21	duì	duì	
譶	149	言	21	tà	tà	
護	149	言	21	hù	hù	protect
譸	149	言	21	zhōu	zhōu	deceive
譹	149	言	21	háo	háo	to shout
譺	149	言	21	ài	ài	
譻	149	言	21	yīng	yīng	
譼	149	言	21	jiàn	jiàn	to supervise to confine a government establishment
譽	149	言	20	yù	yù	fame
譾	149	言	22	jiǎn	jiǎn	shallow
譿	149	言	22	huì	huì	
讀	149	言	22	dú	dòu/dú	read
讁	149	言	21	zhé	zhé	punish
讂	149	言	21	xuàn	xuàn	
讃	149	言	22	zàn	zàn	praise
讄	149	言	22	lěi	lěi	
讅	149	言	22	shěn	shěn	know in detail
讆	149	言	22	wèi	wèi	to exaggerate
讇	149	言	23	chǎn	chǎn	flatter
讈	149	言	23	lì	lì	
讉	149	言	22	yí	yí	
變	149	言	23	biàn	biàn	change
讋	149	言	23	zhé	zhé	fear
讌	149	言	23	yàn	yàn	a feast
讍	149	言	23	è	è	honest speech
讎	149	言	23	chóu	chóu	enemy
讏	149	言	23	wèi	wèi	
讐	149	言	23	chóu	chóu	enemy
讑	149	言	24	yào	yào	
讒	149	言	24	chán	chán	slander
讓	149	言	24	ràng	ràng	allow
讔	149	言	23	yǐn	yǐn	
讕	149	言	24	lán	lán	accuse falsely
讖	149	言	24	chèn	chèn	prophecy
讗	149	言	25	xié	xié	
讘	149	言	25	niè	niè	to chatter
讙	149	言	24	huān	huān	cheer
讚	149	言	26	zàn	zàn	praise
讛	149	言	25	yì	yì	talk in one's sleep
讜	149	言	27	dǎng	dǎng	counsel
讝	149	言	26	zhān	zhān	
讞	149	言	27	yàn	yàn	to decide
讟	149	言	29	dú	dú	slander
讠	149'	讠	2	yán	yán	simplified Kangxi radical 149
计	149'	讠	4	jì	jì	plan
订	149'	讠	4	dìng	dìng	draw up agreement
讣	149'	讠	4	fù	fù	obituary
认	149'	讠	4	rèn	rèn	recognize
讥	149'	讠	4	jī	jī	ridicule
讦	149'	讠	5	jié	jié	expose other's secrets
讧	149'	讠	5	hòng	hòng	confusion
讨	149'	讠	5	tǎo	tǎo	to discuss
让	149'	讠	5	ràng	ràng	allow
讪	149'	讠	5	shàn	shàn	abuse
讫	149'	讠	5	qì	qì	finish
讬	149'	讠	5	tuō	tuō	entrust
训	149'	讠	5	xùn	xùn	teach
议	149'	讠	5	yì	yì	consult
讯	149'	讠	5	xùn	xùn	inquire
记	149'	讠	5	jì	jì	record
讱	149'	讠	5	rèn	rèn	hesitate to say
讲	149'	讠	6	jiǎng	jiǎng	explain
讳	149'	讠	6	huì	huì	conceal
讴	149'	讠	6	ōu	ōu	sing
讵	149'	讠	6	jù	jù	an interjection used express surprise
讶	149'	讠	6	yà	yà	express surprise
讷	149'	讠	6	nè	nè	slow of speech
许	149'	讠	6	xǔ	xǔ	allow
讹	149'	讠	6	é	é	swindle
论	149'	讠	6	lùn	lún/lùn	debate
讻	149'	讠	6	xiōng	xiōng	noisily
讼	149'	讠	6	sòng	sòng	accuse
讽	149'	讠	6	fěng	fěng	recite
设	149'	讠	6	shè	shè	build
访	149'	讠	6	fǎng	fǎng	visit
诀	149'	讠	6	jué	jué	take leave of
证	149'	讠	7	zhèng	zhèng	prove
诂	149'	讠	7	gǔ	gǔ	exegesis
诃	149'	讠	7	hē	hē	scold loudly
评	149'	讠	7	píng	píng	appraise
诅	149'	讠	7	zǔ	zǔ	curse
识	149'	讠	7	shí	shí/zhì	recognize
诇	149'	讠	7	xiòng	xiòng	to spy
诈	149'	讠	7	zhà	zhà	cheat
诉	149'	讠	7	sù	sù	accuse
诊	149'	讠	7	zhěn	zhěn	examine patient
诋	149'	讠	7	dǐ	dǐ	slander
诌	149'	讠	7	zhōu	zhōu	play with words
词	149'	讠	7	cí	cí	words
诎	149'	讠	7	qū	qū	bend
诏	149'	讠	7	zhào	zhào	decree
诐	149'	讠	7	bì	bì	argue
译	149'	讠	7	yì	yì	translate
诒	149'	讠	7	yí	yí	bequeath
诓	149'	讠	8	kuāng	kuāng	cheat
诔	149'	讠	8	lěi	lěi	eulogize
试	149'	讠	8	shì	shì	test
诖	149'	讠	8	guà	guà	error
诗	149'	讠	8	shī	shī	poetry
诘	149'	讠	8	jié	jié	question
诙	149'	讠	8	huī	huī	tease
诚	149'	讠	8	chéng	chéng	sincere
诛	149'	讠	8	zhū	zhū	execute
诜	149'	讠	8	shēn	shēn	inquire
话	149'	讠	8	huà	huà	speech
诞	149'	讠	8	dàn	dàn	bear children
诟	149'	讠	8	gòu	gòu	abuse
诠	149'	讠	8	quán	quán	explain
诡	149'	讠	8	guǐ	guǐ	deceive
询	149'	讠	8	xún	xún	inquire into
诣	149'	讠	8	yì	yì	reach
诤	149'	讠	8	zhèng	zhèng	to expostulate
该	149'	讠	8	gāi	gāi	should
详	149'	讠	8	xiáng	xiáng	detailed
诧	149'	讠	8	chà	chà	be surprised
诨	149'	讠	8	hùn	hùn	jokes
诩	149'	讠	8	xǔ	xǔ	boast
诪	149'	讠	9	zhōu	zhōu	deceive
诫	149'	讠	9	jiè	jiè	warn
诬	149'	讠	9	wū	wū	make false accusation
语	149'	讠	9	yǔ	yǔ	language
诮	149'	讠	9	qiào	qiào	criticize
误	149'	讠	9	wù	wù	err
诰	149'	讠	9	gào	gào	inform
诱	149'	讠	9	yòu	yòu	persuade
诲	149'	讠	9	huì	huì	teach
诳	149'	讠	9	kuáng	kuáng	deceive
说	149'	讠	9	shuō	shuì/shuō	speak
诵	149'	讠	9	sòng	sòng	recite
诶	149'	讠	9	éi	éi	an exclamation of confirmation
请	149'	讠	10	qǐng	qǐng	ask
诸	149'	讠	10	zhū	zhū	various
诹	149'	讠	10	zōu	zōu	consult
诺	149'	讠	10	nuò	nuò	promise
读	149'	讠	10	dú	dòu/dú	read
诼	149'	讠	10	zhuó	zhuó	slander
诽	149'	讠	10	fěi	fěi	slander
课	149'	讠	10	kè	kè	lesson
诿	149'	讠	10	wěi	wěi	pass buck
谀	149'	讠	10	yú	yú	flatter
谁	149'	讠	10	shéi	shéi/shuí	who? whom? whose? anyone?
谂	149'	讠	10	shěn	shěn	consult carefully with
调	149'	讠	10	diào	diào/tiáo	transfer
谄	149'	讠	10	chǎn	chǎn	flatter
谅	149'	讠	10	liàng	liàng	excuse
谆	149'	讠	10	zhūn	zhūn	patient
谇	149'	讠	10	suì	suì	speak ill of
谈	149'	讠	10	tán	tán	talk
谉	149'	讠	10	shěn	shěn	to know in detail
谊	149'	讠	10	yì	yì	friendship
谋	149'	讠	11	móu	móu	plan
谌	149'	讠	11	chén	chén	sincere
谍	149'	讠	11	dié	dié	an intelligence report
谎	149'	讠	11	huǎng	huǎng	lie
谏	149'	讠	11	jiàn	jiàn	remonstrate
谐	149'	讠	11	xié	xié	harmonize
谑	149'	讠	11	xuè	xuè	jeer
谒	149'	讠	11	yè	yè	visit
谓	149'	讠	11	wèi	wèi	say
谔	149'	讠	11	è	è	honest speech
谕	149'	讠	11	yù	yù	proclaim
谖	149'	讠	11	xuān	xuān	forget
谗	149'	讠	11	chán	chán	slander
谘	149'	讠	11	zī	zī	consult
谙	149'	讠	11	ān	ān	versed in
谚	149'	讠	11	yàn	yàn	proverb
谛	149'	讠	11	dì	dì	careful
谜	149'	讠	11	mí	mí	riddle
谝	149'	讠	11	piǎn	piǎn	brag
谞	149'	讠	11	xū	xū	knowledge
谟	149'	讠	12	mó	mó	scheme
谠	149'	讠	12	dǎng	dǎng	counsel
谡	149'	讠	12	sù	sù	rise up
谢	149'	讠	12	xiè	xiè	thank
谣	149'	讠	12	yáo	yáo	sing
谤	149'	讠	12	bàng	bàng	slander
谥	149'	讠	12	shì	shì	to confer posthumous titles
谦	149'	讠	12	qiān	qiān	humble
谧	149'	讠	12	mì	mì	calm
谨	149'	讠	13	jǐn	jǐn	prudent
谩	149'	讠	13	màn	màn	deceive
谪	149'	讠	13	zhé	zhé	charge
谫	149'	讠	13	jiǎn	jiǎn	shallow
谬	149'	讠	13	miù	miù	error
谭	149'	讠	14	tán	tán	surname
谮	149'	讠	14	zèn	zèn	to slander
谯	149'	讠	14	qiáo	qiáo	tower
谰	149'	讠	14	lán	lán	accuse falsely
谱	149'	讠	14	pǔ	pǔ	list
谲	149'	讠	14	jué	jué	cunning
谳	149'	讠	15	yàn	yàn	to decide
谴	149'	讠	15	qiǎn	qiǎn	reprimand
谵	149'	讠	15	zhān	zhān	talkative
谶	149'	讠	19	chèn	chèn	prophecy
谷	150	谷	7	gǔ	gǔ	valley
谸	150	谷	10	qiān	qiān	
谹	150	谷	11	hóng	hóng	
谺	150	谷	11	xiā	xiā	the mouth of a valley
谻	150	谷	11	jí	jí	
谼	150	谷	13	hóng	hóng	
谽	150	谷	14	hān	hān	a mouth or opening
谾	150	谷	15	hōng	hōng	
谿	150	谷	17	xī	xī	valley
豀	150	谷	17	xī	xī	to quarrel
豁	150	谷	17	huō	huō/huò	open up
豂	150	谷	18	liáo	liáo	
豃	150	谷	18	hǎn	hǎn	
豄	150	谷	22	dú	dú	
豅	150	谷	23	lóng	lóng	
豆	151	豆	7	dòu	dòu	beans
豇	151	豆	10	jiāng	jiāng	a small kidney bean
豈	151	豆	10	qǐ	qǐ	how? what?
豉	151	豆	11	chǐ	chǐ	fermented beans
豊	151	豆	13	lǐ	lǐ	abundant
豋	151	豆	13	dēng	dēng	ceremonial vessel
豌	151	豆	15	wān	wān	peas
豍	151	豆	15	bī	bī	
豎	151	豆	15	shù	shù	vertical
豏	151	豆	17	xiàn	xiàn	half-grown beans
豐	151	豆	18	fēng	fēng	abundant
豑	151	豆	20	zhì	zhì	
豒	151	豆	25	zhì	zhì	
豓	151	豆	27	yàn	yàn	beautiful
豔	151	豆	28	yàn	yàn	plump
豕	152	豕	7	shǐ	shǐ	a pig
豖	152	豕	8	chù	chù	a shackled pig
豗	152	豕	10	huī	huī	clamor
豘	152	豕	11	tún	tún	a small pig
豙	152	豕	11	yì	yì	
豚	152	豕	11	tún	tún	small pig
豛	152	豕	11	yì	yì	
豜	152	豕	11	jiān	jiān	pig of 3 years
豝	152	豕	11	bā	bā	sow (female pig)
豞	152	豕	12	hòu	hòu	
豟	152	豕	12	è	è	
豠	152	豕	12	chú	chú	
象	152	豕	11	xiàng	xiàng	elephant
豢	152	豕	13	huàn	huàn	domestic animals
豣	152	豕	13	jiān	jiān	pig of 3 years
豤	152	豕	13	kěn	kěn	
豥	152	豕	13	gāi	gāi	
豦	152	豕	13	jù	jù	a wild boar
豧	152	豕	14	fū	fū	
豨	152	豕	14	xī	xī	pig
豩	152	豕	14	bīn	bīn	
豪	152	豕	14	háo	háo	brave
豫	152	豕	15	yù	yù	relaxed
豬	152	豕	16	zhū	zhū	pig
豭	152	豕	16	jiā	jiā	boar
豮	152	豕	16	fén	fén	castrated pig
豯	152	豕	17	xī	xī	
豰	152	豕	17	bó	bó	
豱	152	豕	16	wēn	wēn	
豲	152	豕	17	huán	huán	
豳	152	豕	17	bīn	bīn	a Zhou-dynasty state
豴	152	豕	18	dí	dí	a pig's hoof
豵	152	豕	18	zōng	zōng	young pig
豶	152	豕	19	fén	fén	castrated pig
豷	152	豕	19	yì	yì	person's name
豸	153	豸	7	zhì	zhài/zhì	legless insect-like animal
豹	153	豸	10	bào	bào	leopard
豺	153	豸	10	chái	chái	wolf
豻	153	豸	10	àn	àn	prison
豼	153	豸	11	pí	pí	fox
豽	153	豸	11	nà	nà	
豾	153	豸	12	pī	pī	
豿	153	豸	12	gǒu	gǒu	
貀	153	豸	12	nà	nà	
貁	153	豸	12	yòu	yòu	
貂	153	豸	12	diāo	diāo	marten
貃	153	豸	12	mò	mò	
貄	153	豸	13	sì	sì	
貅	153	豸	13	xiū	xiū	brave
貆	153	豸	13	huán	huán	small badger
貇	153	豸	13	kūn	kūn	to root
貈	153	豸	13	hé	hé	
貉	153	豸	13	háo	háo/hé	badger
貊	153	豸	13	mò	mò	leopard
貋	153	豸	14	àn	àn	
貌	153	豸	14	mào	mào	countenance
貍	153	豸	14	lí	lí	fox
貎	153	豸	15	ní	ní	lion
貏	153	豸	15	bǐ	bǐ	
貐	153	豸	16	yǔ	yǔ	䝟貐 a legendary man-eating monster
貑	153	豸	16	jiā	jiā	
貒	153	豸	16	tuān	tuān	
貓	153	豸	15	māo	māo/máo	cat
貔	153	豸	17	pí	pí	a legendary bear-like animal
貕	153	豸	17	xī	xī	
貖	153	豸	17	yì	yì	
貗	153	豸	18	jù	jù	
貘	153	豸	17	mò	mò	tapir
貙	153	豸	18	chū	chū	a kind of animal like a tiger
貚	153	豸	19	tán	tán	
貛	153	豸	24	huān	huān	badger
貜	153	豸	27	jué	jué	ape
貝	154	貝	7	bèi	bèi	sea shell
貞	154	貝	9	zhēn	zhēn	virtuous
貟	154	貝	9	yuán	yuán	member
負	154	貝	9	fù	fù	load
財	154	貝	10	cái	cái	wealth
貢	154	貝	10	gòng	gòng	offer tribute
貣	154	貝	10	tè	tè	to beg
貤	154	貝	10	yí	yí	steps
貥	154	貝	11	háng	háng	
貦	154	貝	11	wán	wán	
貧	154	貝	11	pín	pín	poor
貨	154	貝	11	huò	huò	goods
販	154	貝	11	fàn	fàn	peddler
貪	154	貝	11	tān	tān	greedy
貫	154	貝	11	guàn	guàn	a string of 1000 coins
責	154	貝	11	zé	zé	one's responsibility
貭	154	貝	11	zhì	zhì	matter
貮	154	貝	11	èr	èr	number two
貯	154	貝	12	zhù	zhù	store
貰	154	貝	12	shì	shì	borrow
貱	154	貝	12	bì	bì	
貲	154	貝	13	zī	zī	property
貳	154	貝	12	èr	èr	accounting numeral for two
貴	154	貝	12	guì	guì	expensive
貵	154	貝	12	piǎn	piǎn	
貶	154	貝	11	biǎn	biǎn	decrease
買	154	貝	12	mǎi	mǎi	buy
貸	154	貝	12	dài	dài	lend
貹	154	貝	12	shèng	shèng	
貺	154	貝	12	kuàng	kuàng	give
費	154	貝	12	fèi	fèi	expenses
貼	154	貝	12	tiē	tiē	paste to
貽	154	貝	12	yí	yí	give to
貾	154	貝	12	chí	chí	
貿	154	貝	12	mào	mào	trade
賀	154	貝	12	hè	hè	congratulate
賁	154	貝	12	bì	bì	forge ahead
賂	154	貝	13	lù	lù	bribe
賃	154	貝	13	lìn	lìn	rent
賄	154	貝	13	huì	huì	bribe
賅	154	貝	13	gāi	gāi	prepared for
賆	154	貝	13	pián	pián	
資	154	貝	13	zī	zī	property
賈	154	貝	13	jiǎ	jiǎ	surname
賉	154	貝	13	xù	xù	to give alms
賊	154	貝	13	zéi	zéi	thief
賋	154	貝	13	jiǎo	jiǎo	
賌	154	貝	13	gāi	gāi	
賍	154	貝	13	zāng	zāng	booty
賎	154	貝	13	jiàn	jiàn	mean
賏	154	貝	14	yīng	yīng	pearls or shells strung together
賐	154	貝	14	xùn	xùn	
賑	154	貝	14	zhèn	zhèn	relieve
賒	154	貝	14	shē	shē	buy and sell on credit
賓	154	貝	14	bīn	bīn	guest
賔	154	貝	14	bīn	bīn	guest
賕	154	貝	14	qiú	qiú	bribe
賖	154	貝	14	shē	shē	
賗	154	貝	14	chuàn	chuàn	
賘	154	貝	14	zāng	zāng	
賙	154	貝	15	zhōu	zhōu	give for charity
賚	154	貝	15	lài	lài	give
賛	154	貝	15	zàn	zàn	help
賜	154	貝	15	cì	cì	give
賝	154	貝	15	chēn	chēn	precious
賞	154	貝	15	shǎng	shǎng	reward
賟	154	貝	15	tiǎn	tiǎn	
賠	154	貝	15	péi	péi	indemnify
賡	154	貝	15	gēng	gēng	continue
賢	154	貝	15	xián	xián	virtuous
賣	154	貝	15	mài	mài	sell
賤	154	貝	15	jiàn	jiàn	mean
賥	154	貝	15	suì	suì	
賦	154	貝	15	fù	fù	tax
賧	154	貝	15	tàn	tàn	fine
賨	154	貝	15	cóng	cóng	tribute paid in cloth by the tribes in Szechwan and Yunnan under the Han dynasty
賩	154	貝	15	cóng	cóng	
質	154	貝	15	zhì	zhì	matter
賫	154	貝	15	jī	jī	present
賬	154	貝	15	zhàng	zhàng	accounts
賭	154	貝	15	dǔ	dǔ	bet
賮	154	貝	16	jìn	jìn	farewell gift
賯	154	貝	16	xiōng	xiōng	
賰	154	貝	16	chǔn	chǔn	plentiful
賱	154	貝	16	yǔn	yǔn	
賲	154	貝	16	bǎo	bǎo	
賳	154	貝	16	zāi	zāi	
賴	154	貝	16	lài	lài	rely
賵	154	貝	16	fèng	fèng	gift
賶	154	貝	17	càng	càng	
賷	154	貝	17	jī	jī	take in both hands and offer to
賸	154	貝	17	shèng	shèng	leftovers
賹	154	貝	17	yì	yì	
賺	154	貝	17	zhuàn	zhuàn	make money
賻	154	貝	17	fù	fù	gift of money to help pay for a funeral
購	154	貝	17	gòu	gòu	buy
賽	154	貝	17	sài	sài	compete
賾	154	貝	18	zé	zé	abstruse
賿	154	貝	18	liáo	liáo	
贀	154	貝	18	yì	yì	
贁	66	攴	18	bài	bài	to defeat to spoil or be spoiled
贂	154	貝	18	chěn	chěn	
贃	154	貝	18	wàn	wàn	to earn
贄	154	貝	18	zhì	zhì	gift to a superior
贅	154	貝	18	zhuì	zhuì	unnecessary
贆	154	貝	19	biāo	biāo	
贇	154	貝	19	yūn	yūn	affable
贈	154	貝	19	zèng	zèng	give present
贉	154	貝	19	dàn	dàn	earnest money
贊	154	貝	19	zàn	zàn	help
贋	154	貝	19	yàn	yàn	false
贌	154	貝	19	pú	pú	
贍	154	貝	20	shàn	shàn	support
贎	154	貝	19	wàn	wàn	
贏	154	貝	20	yíng	yíng	win
贐	154	貝	21	jìn	jìn	farewell present
贑	154	貝	21	gàn	gàn	Jiangxi province
贒	154	貝	21	xián	xián	virtuous
贓	154	貝	21	zāng	zāng	booty
贔	154	貝	21	bì	bì	strong
贕	154	貝	22	dú	dú	
贖	154	貝	22	shú	shú	buy
贗	154	貝	22	yàn	yàn	counterfeit
贘	154	貝	22	shǎng	shǎng	
贙	154	貝	23	xuàn	xuàn	
贚	154	貝	23	lòng	lòng	
贛	154	貝	24	gàn	gàn	Jiangxi province
贜	154	貝	24	zāng	zāng	booty
贝	154'	贝	4	bèi	bèi	sea shell
贞	154'	贝	6	zhēn	zhēn	virtuous
负	154'	贝	6	fù	fù	load
贠	154'	贝	6	yuán	yuán	member
贡	154'	贝	7	gòng	gòng	offer tribute
财	154'	贝	7	cái	cái	wealth
责	154'	贝	8	zé	zé	one's responsibility
贤	154'	贝	8	xián	xián	virtuous
败	154'	贝	8	bài	bài	be defeated
账	154'	贝	8	zhàng	zhàng	accounts
货	154'	贝	8	huò	huò	goods
质	154'	贝	8	zhì	zhì	matter
贩	154'	贝	8	fàn	fàn	peddler
贪	154'	贝	8	tān	tān	be greedy
贫	154'	贝	8	pín	pín	poor
贬	154'	贝	8	biǎn	biǎn	decrease
购	154'	贝	8	gòu	gòu	buy
贮	154'	贝	8	zhù	zhù	store
贯	154'	贝	8	guàn	guàn	a string of 1000 coins
贰	154'	贝	9	èr	èr	number two
贱	154'	贝	9	jiàn	jiàn	mean
贲	154'	贝	9	bēn	bēn	forge ahead
贳	154'	贝	9	shì	shì	borrow
贴	154'	贝	9	tiē	tiē	paste to
贵	154'	贝	9	guì	guì	expensive
贶	154'	贝	9	kuàng	kuàng	give
贷	154'	贝	9	dài	dài	lend
贸	154'	贝	9	mào	mào	trade
费	154'	贝	9	fèi	fèi	expenses
贺	154'	贝	9	hè	hè	congratulate
贻	154'	贝	9	yí	yí	give to
贼	154'	贝	10	zéi	zéi	thief
贽	154'	贝	10	zhì	zhì	gift superior
贾	154'	贝	10	jiǎ	gǔ/jiǎ	surname
贿	154'	贝	10	huì	huì	bribe
赀	154'	贝	10	zī	zī	property
赁	154'	贝	10	lìn	lìn	rent
赂	154'	贝	10	lù	lù	bribe
赃	154'	贝	10	zāng	zāng	booty
资	154'	贝	10	zī	zī	property
赅	154'	贝	10	gāi	gāi	prepared for
赆	154'	贝	10	jìn	jìn	farewell present
赇	154'	贝	11	qiú	qiú	bribe
赈	154'	贝	11	zhèn	zhèn	relieve
赉	154'	贝	11	lài	lài	give
赊	154'	贝	11	shē	shē	buy and sell on credit
赋	154'	贝	12	fù	fù	tax
赌	154'	贝	12	dǔ	dǔ	bet
赍	154'	贝	12	jī	jī	present
赎	154'	贝	12	shú	shú	buy
赏	154'	贝	12	shǎng	shǎng	reward
赐	154'	贝	12	cì	cì	give
赑	154'	贝	12	bì	bì	strong
赒	154'	贝	12	zhōu	zhōu	give for charity
赓	154'	贝	12	gēng	gēng	continue
赔	154'	贝	12	péi	péi	indemnify
赕	154'	贝	12	dǎn	dǎn	fine
赖	154'	贝	13	lài	lài	rely
赗	154'	贝	13	fèng	fèng	gift
赘	154'	贝	14	zhuì	zhuì	unnecessary
赙	154'	贝	14	fù	fù	gift of money help pay funeral
赚	154'	贝	14	zhuàn	zhuàn	make money
赛	154'	贝	14	sài	sài	compete
赜	154'	贝	15	zé	zé	abstruse
赝	154'	贝	16	yàn	yàn	false
赞	154'	贝	16	zàn	zàn	help
赟	154'	贝	16	yūn	yūn	affable
赠	154'	贝	16	zèng	zèng	give present
赡	154'	贝	17	shàn	shàn	support
赢	154'	贝	17	yíng	yíng	win
赣	154'	贝	21	gàn	gàn	Jiangxi province
赤	155	赤	7	chì	chì	red
赥	155	赤	11	xī	xī	
赦	155	赤	11	shè	shè	forgive
赧	155	赤	11	nǎn	nǎn	blush
赨	155	赤	13	tóng	tóng	
赩	155	赤	13	xì	xì	
赪	155	赤	13	chēng	chēng	deep red
赫	155	赤	14	hè	hè	bright
赬	155	赤	16	chēng	chēng	deep red
赭	155	赤	15	zhě	zhě	reddish brown
赮	155	赤	16	xiá	xiá	
赯	155	赤	17	táng	táng	red
走	156	走	7	zǒu	zǒu	walk
赱	156	走	6	zǒu	zǒu	walk
赲	156	走	9	lì	lì	
赳	156	走	9	jiū	jiū	grand
赴	156	走	9	fù	fù	go to
赵	156	走	9	zhào	zhào	surname
赶	156	走	10	gǎn	gǎn	pursue
起	156	走	10	qǐ	qǐ	rise
赸	156	走	10	shàn	shàn	abuse
赹	156	走	11	qióng	qióng	
赺	156	走	11	yǐn	yǐn	
赻	156	走	11	xiǎn	xiǎn	
赼	156	走	11	zī	zī	
赽	156	走	11	jué	jué	
赾	156	走	11	qǐn	qǐn	
赿	156	走	11	chí	chí	late slow
趀	156	走	11	cī	cī	
趁	156	走	12	chèn	chèn	take advantage of
趂	156	走	12	chèn	chèn	to take advantage of
趃	156	走	12	dié	dié	
趄	156	走	12	jū	jū/qiè	weak
超	156	走	12	chāo	chāo	jump over
趆	156	走	12	dī	dī	
趇	156	走	12	xì	xì	
趈	156	走	12	zhān	zhān	
趉	156	走	12	jué	jué	
越	156	走	12	yuè	yuè	exceed
趋	156	走	12	qū	qū	hasten
趌	156	走	13	jí	jí	(Cant.) to order someone to leave
趍	156	走	13	chí	chí	
趎	156	走	13	chú	chú	
趏	156	走	13	guā	guā	
趐	156	走	13	xuè	xuè	
趑	156	走	13	zī	zī	can't move
趒	156	走	13	tiáo	tiáo	to jump
趓	156	走	13	duǒ	duǒ	
趔	156	走	13	liè	liè	not progressing
趕	156	走	14	gǎn	gǎn	pursue
趖	156	走	14	suō	suō	to walk
趗	156	走	14	cù	cù	
趘	156	走	14	xí	xí	
趙	156	走	14	zhào	zhào	surname
趚	156	走	14	sù	sù	
趛	156	走	15	yǐn	yǐn	
趜	156	走	15	jú	jú	(Cant.) to suffocate
趝	156	走	15	jiàn	jiàn	to pursue
趞	156	走	15	què	què	
趟	156	走	15	tàng	tàng	time
趠	156	走	15	chuò	chuò	
趡	156	走	15	cuǐ	cuǐ	place
趢	156	走	15	lù	lù	
趣	156	走	15	qù	qù	what attracts one's attention
趤	156	走	15	dàng	dàng	
趥	156	走	16	qiū	qiū	
趦	156	走	16	zī	zī	unable to move
趧	156	走	16	tí	tí	
趨	156	走	17	qū	qū	hasten
趩	156	走	18	chì	chì	
趪	156	走	18	huáng	huáng	
趫	156	走	19	qiáo	qiáo	nimble
趬	156	走	19	qiāo	qiāo	
趭	156	走	19	jiào	jiào	
趮	156	走	20	zào	zào	easily provoked
趯	156	走	21	tì	tì	jump
趰	156	走	21	ěr	ěr	
趱	156	走	23	zǎn	zǎn	go in hurry
趲	156	走	26	zǎn	zǎn	go in hurry
足	157	足	7	zú	zú	foot
趴	157	足	9	pā	pā	lying prone
趵	157	足	10	bào	bào	noise of tramping feet
趶	157	足	10	kù	kù	
趷	157	足	10	kē	kē	to jolt
趸	157	足	10	dǔn	dǔn	sell or buy wholesale
趹	157	足	11	jué	jué	kick with hoof
趺	157	足	11	fū	fū	sit cross-legged
趻	157	足	11	chěn	chěn	
趼	157	足	11	jiǎn	jiǎn	callous skin on hands or feet
趽	157	足	11	fàng	fàng	
趾	157	足	11	zhǐ	zhǐ	toe
趿	157	足	10	tā	tā	to tread on
跀	157	足	11	yuè	yuè	to cut off the feet
跁	157	足	11	bà	bà	trample on
跂	157	足	11	qí	qí	creeping
跃	157	足	11	yuè	yuè	skip
跄	157	足	11	qiàng	qiàng	walk rapidly
跅	157	足	12	tuò	tuò	careless
跆	157	足	12	tái	tái	trample
跇	157	足	12	yì	yì	
跈	157	足	12	niǎn	niǎn	
跉	157	足	12	líng	líng	
跊	157	足	12	mèi	mèi	
跋	157	足	12	bá	bá	go by foot
跌	157	足	12	diē	diē	stumble
跍	157	足	12	kū	kū	
跎	157	足	12	tuó	tuó	slip
跏	157	足	12	jiā	jiā	sit cross-legged
跐	157	足	13	cī	cī	to trample
跑	157	足	12	pǎo	páo/pǎo	run
跒	157	足	12	qiǎ	qiǎ	
跓	157	足	12	zhù	zhù	
跔	157	足	12	jū	jū	numb feet
跕	157	足	12	diǎn	diǎn/diē	shuffle
跖	157	足	12	zhí	zhí	sole (of the foot)
跗	157	足	12	fū	fū	the instep
跘	157	足	12	pán	pán	
跙	157	足	12	jù	jù	weak
跚	157	足	12	shān	shān	stagger
跛	157	足	12	bǒ	bǒ	lame
跜	157	足	12	ní	ní	
距	157	足	11	jù	jù	distance
跞	157	足	12	lì	lì	walk
跟	157	足	13	gēn	gēn	heel
跠	157	足	13	yí	yí	
跡	157	足	13	jī	jī	search
跢	157	足	13	duò	duò	
跣	157	足	13	xiǎn	xiǎn	bare footed
跤	157	足	13	jiāo	jiāo	stumble
跥	157	足	13	duò	duò	stamp feet
跦	157	足	13	zhū	zhū	hop
跧	157	足	13	quán	quán	crouch
跨	157	足	13	kuà	kuà	straddle
跩	157	足	13	zhuǎi	zhuǎi	to waddle
跪	157	足	13	guì	guì	kneel
跫	157	足	13	qióng	qióng	sound of footsteps
跬	157	足	13	kuǐ	kuǐ	to step
跭	157	足	13	xiáng	xiáng	
跮	157	足	13	chì	chì	hasty walking
路	157	足	13	lù	lù	road
跰	157	足	13	pián	pián	
跱	157	足	13	zhì	zhì	stop
跲	157	足	13	jiá	jiá	hood
跳	157	足	13	tiào	tiào	jump
跴	157	足	13	cǎi	cǎi	step on
践	157	足	12	jiàn	jiàn	trample
跶	157	足	13	da	da	stumble
跷	157	足	13	qiāo	qiāo	raise one's foot
跸	157	足	13	bì	bì	clear way
跹	157	足	13	xiān	xiān	wander about
跺	157	足	13	duò	duò	stamp feet
跻	157	足	13	jī	jī	ascend
跼	157	足	14	jú	jú	bent
跽	157	足	14	jì	jì	to kneel for a long time
跾	157	足	14	shū	shū	
跿	157	足	14	tú	tú	to jump about
踀	157	足	14	chù	chù	
踁	157	足	14	jìng	jìng	tinkling
踂	157	足	14	niè	niè	
踃	157	足	14	xiāo	xiāo	
踄	157	足	14	bù	bù	
踅	157	足	14	xué	xué	to walk around
踆	157	足	14	cūn	cūn	squat
踇	157	足	14	mǔ	mǔ	
踈	157	足	14	shū	shū	neglect
踉	157	足	14	liàng	liàng	hop
踊	157	足	14	yǒng	yǒng	leap
踋	157	足	14	jiǎo	jiǎo	the foot or feet cast of a play
踌	157	足	14	chóu	chóu	hesitate
踍	157	足	14	qiāo	qiāo	
踎	157	足	14	móu	móu	(Cant.) to squat
踏	157	足	15	tà	tā/tà	step on
踐	157	足	15	jiàn	jiàn	trample
踑	157	足	15	qí	qí	
踒	157	足	15	wō	wō	to slip and sprain a limb
踓	157	足	15	wěi	wěi	
踔	157	足	15	chuō	chuō	to get ahead
踕	157	足	15	jié	jié	
踖	157	足	15	jí	jí	trample on
踗	157	足	15	niè	niè	
踘	157	足	15	jū	jū	ball
踙	157	足	15	niè	niè	
踚	157	足	15	lún	lún	
踛	157	足	15	lù	lù	
踜	157	足	15	lèng	lèng	to stumble
踝	157	足	15	huái	huái	ankle
踞	157	足	15	jù	jù	crouch
踟	157	足	15	chí	chí	hesitate
踠	157	足	15	wǎn	wǎn	to writhe
踡	157	足	15	quán	quán	curled
踢	157	足	15	tī	tī	kick
踣	157	足	15	bó	bó	to stumble and fall prone
踤	157	足	15	zú	zú	
踥	157	足	15	qiè	qiè	
踦	157	足	15	yǐ	yǐ	the shin
踧	157	足	15	cù	cù	level
踨	157	足	15	zōng	zōng	
踩	157	足	15	cǎi	cǎi	step on
踪	157	足	15	zōng	zōng	footprints
踫	157	足	15	pèng	pèng	collide
踬	157	足	15	zhì	zhì	stumble
踭	157	足	13	zhēng	zhēng	(Cant.) heel
踮	157	足	15	diǎn	diǎn	tiptoe
踯	157	足	15	zhí	zhí	waver
踰	157	足	16	yú	yú	exceed
踱	157	足	16	duó	duó	stroll
踲	157	足	16	dùn	dùn	
踳	157	足	16	chuǎn	chuǎn	mixed
踴	157	足	16	yǒng	yǒng	leap
踵	157	足	16	zhǒng	zhǒng	heel
踶	157	足	16	dì	dì	paw
踷	157	足	15	zhǎ	zhǎ	
踸	157	足	16	chěn	chěn	
踹	157	足	16	chuài	chuài	trample
踺	157	足	15	jiàn	jiàn	
踻	157	足	15	guā	guā	
踼	157	足	16	táng	táng	to fall flat
踽	157	足	16	jǔ	jǔ	to walk alone
踾	157	足	16	fú	fú	
踿	157	足	16	zú	zú	
蹀	157	足	16	dié	dié	to skip
蹁	157	足	16	pián	pián	to walk with a limp
蹂	157	足	16	róu	róu	trample under foot
蹃	157	足	15	nuò	nuò	
蹄	157	足	16	tí	tí	hoof
蹅	157	足	16	chǎ	chǎ	to tread on
蹆	157	足	16	tuǐ	tuǐ	(Cant.) to move in a straight line
蹇	157	足	17	jiǎn	jiǎn	lame
蹈	157	足	17	dǎo	dǎo	stamp feet
蹉	157	足	16	cuō	cuō	error
蹊	157	足	17	qī	qī/xī	footpath
蹋	157	足	17	tà	tà	step on
蹌	157	足	17	qiāng	qiāng/qiàng	walk rapidly
蹍	157	足	17	niǎn	niǎn	upper millstone
蹎	157	足	17	diān	diān	to stumble
蹏	157	足	17	tí	tí	hoof
蹐	157	足	17	jí	jí	take short steps
蹑	157	足	17	niè	niè	tread
蹒	157	足	17	pán	pán	to jump over
蹓	157	足	17	liū	liū	stroll
蹔	157	足	18	zàn	zàn	temporary
蹕	157	足	17	bì	bì	clear way
蹖	157	足	18	chōng	chōng	
蹗	157	足	18	lù	lù	
蹘	157	足	18	liáo	liáo	(Cant.) to roost
蹙	157	足	18	cù	cù	urgent
蹚	157	足	18	tāng	tāng	tread through mud and water
蹛	157	足	18	dài	dài	
蹜	157	足	18	sù	sù	walk carefully
蹝	157	足	18	xǐ	xǐ	sandal
蹞	157	足	18	kuǐ	kuǐ	
蹟	157	足	18	jī	jī	trace
蹠	157	足	18	zhí	zhí	step on
蹡	157	足	18	qiāng	qiāng/qiàng	to limp
蹢	157	足	18	dí	dí	pig's hoof
蹣	157	足	18	pán	pán	to jump over
蹤	157	足	18	zōng	zōng	footprints
蹥	157	足	17	lián	lián	
蹦	157	足	18	bèng	bèng	hop
蹧	157	足	18	zāo	zāo	to spoil
蹨	157	足	19	niǎn	niǎn	(Cant.) to stand on tiptoe
蹩	157	足	18	bié	bié	to limp
蹪	157	足	19	tuí	tuí	
蹫	157	足	19	jú	jú	
蹬	157	足	19	dēng	dēng	step on
蹭	157	足	19	cèng	cèng	to shuffle
蹮	157	足	19	xiān	xiān	to whirl
蹯	157	足	19	fán	fán	an animal's paws
蹰	157	足	19	chú	chú	hesitate
蹱	157	足	19	zhōng	zhōng	to stagger along
蹲	157	足	19	dūn	dūn	squat
蹳	157	足	19	bō	bō	
蹴	157	足	19	cù	cù	kick
蹵	157	足	19	cù	cù	to tread on
蹶	157	足	19	jué	jué/juě	stumble
蹷	157	足	19	jué	jué	to kick back
蹸	157	足	19	lìn	lìn	
蹹	157	足	19	tá	tá	to tread on
蹺	157	足	19	qiāo	qiāo	raise one's foot
蹻	157	足	19	juē	qiāo/juē	to raise the feet
蹼	157	足	19	pǔ	pǔ	webbed feet of waterfowl
蹽	157	足	19	liāo	liāo	to run
蹾	157	足	19	dūn	dūn	to squat
蹿	157	足	19	cuān	cuān	leap
躀	157	足	18	guàn	guàn	(Cant.) to stumble over
躁	157	足	20	zào	zào	tense
躂	157	足	19	dá	dá	stumble
躃	157	足	20	bì	bì	lame
躄	157	足	20	bì	bì	cripple
躅	157	足	20	zhú	zhú	walk carefully
躆	157	足	20	jù	jù	
躇	157	足	18	chú	chú	hesitate
躈	157	足	20	qiào	qiào	
躉	157	足	19	dǔn	dǔn	sell or buy wholesale
躊	157	足	21	chóu	chóu	hesitate
躋	157	足	21	jī	jī	ascend
躌	157	足	21	wǔ	wǔ	
躍	157	足	21	yuè	yuè	skip
躎	157	足	21	niǎn	niǎn	(non-classical form of 跈)
躏	157	足	21	lìn	lìn	trample down
躐	157	足	22	liè	liè	to stride over
躑	157	足	21	zhí	zhí	waver
躒	157	足	22	lì	lì/luò	walk
躓	157	足	22	zhì	zhì	stumble
躔	157	足	22	chán	chán	follow in
躕	157	足	22	chú	chú	hesitate
躖	157	足	22	duàn	duàn	
躗	157	足	22	wèi	wèi	exaggerate
躘	157	足	23	lóng	lóng	to walk
躙	157	足	23	lìn	lìn	trample down
躚	157	足	22	xiān	xiān	wander about
躛	157	足	23	wèi	wèi	exaggerate
躜	157	足	23	zuān	zuān	to jump
躝	157	足	24	lán	lán	to pass
躞	157	足	24	xiè	xiè	to walk
躟	157	足	24	ráng	ráng	
躠	157	足	23	sǎ	sǎ	to limp
躡	157	足	25	niè	niè	tread
躢	157	足	25	tà	tà	
躣	157	足	25	qú	qú	
躤	157	足	24	jí	jí	
躥	157	足	25	cuān	cuān	leap
躦	157	足	26	cuó	cuó	to jump
躧	157	足	26	xǐ	xǐ	sandal
躨	157	足	28	kuí	kuí	
躩	157	足	27	jué	jué	take quick
躪	157	足	26	lìn	lìn	trample down
身	158	身	7	shēn	shēn	body
躬	158	身	10	gōng	gōng	body
躭	158	身	11	dān	dān	to delay
躮	158	身	11	fēn	fēn	
躯	158	身	11	qū	qū	body
躰	158	身	12	tǐ	tǐ	body
躱	158	身	13	duǒ	duǒ	hide
躲	158	身	13	duǒ	duǒ	hide
躳	158	身	13	gōng	gōng	body
躴	158	身	14	láng	láng	tall
躵	158	身	14	rěn	rěn	
躶	158	身	15	luǒ	luǒ	bare
躷	158	身	15	ǎi	ǎi	of short stature
躸	158	身	15	jī	jī	
躹	158	身	15	jú	jú	
躺	158	身	15	tǎng	tǎng	lie down
躻	158	身	15	kōng	kōng	
躼	158	身	15	lào	lào	
躽	158	身	16	yǎn	yǎn	(Cant.) 躽胸凸肚
躾	158	身	16	měi	měi	to discipline
躿	158	身	18	kāng	kāng	tall
軀	158	身	18	qū	qū	body
軁	158	身	18	lóu	lóu	
軂	158	身	19	lào	lào	
軃	158	身	19	duǒ	duǒ	to droop
軄	158	身	19	zhí	zhí	to govern
軅	158	身	19	yàn	yàn	
軆	158	身	20	tǐ	tǐ	body
軇	158	身	21	dào	dào	
軈	158	身	24	yīng	yīng	soon after
軉	158	身	27	yù	yù	
車	159	車	7	chē	chē/jū	cart
軋	159	車	8	yà	yà	crush by weight
軌	159	車	9	guǐ	guǐ	track
軍	159	車	9	jūn	jūn	army
軎	159	車	10	wèi	wèi	a brass parts for a cart in ancient China
軏	159	車	10	yuè	yuè	cross-bar at the end of the poles of a cart
軐	159	車	10	xìn	xìn	
軑	159	車	10	dài	dài	a hubcap
軒	159	車	10	xuān	xuān	carriage
軓	159	車	10	fàn	fàn	
軔	159	車	10	rèn	rèn	a block that keeps a wheel from moving
軕	159	車	10	shān	shān	
軖	159	車	11	kuáng	kuáng	
軗	159	車	11	shū	shū	
軘	159	車	11	tún	tún	war car
軙	159	車	11	chén	chén	a Chinese family name to arrange
軚	159	車	11	dài	dài	(Cant.) a steering wheel
軛	159	車	11	è	è	yoke
軜	159	車	11	nà	nà	reins
軝	159	車	11	qí	qí	axle-tip
軞	159	車	11	máo	máo	
軟	159	車	11	ruǎn	ruǎn	soft
軠	159	車	11	kuáng	kuáng	
軡	159	車	11	qián	qián	
転	159	車	11	zhuǎn	zhuǎn	shift
軣	159	車	11	hōng	hōng	rumble
軤	159	車	12	hū	hū	surname
軥	159	車	12	qú	qú	yoke
軦	159	車	12	kuàng	kuàng	
軧	159	車	12	dǐ	dǐ	
軨	159	車	12	líng	líng	wooden cross-piece on front inside of carriage box
軩	159	車	12	dài	dài	
軪	159	車	12	āo	āo	
軫	159	車	12	zhěn	zhěn	cross-board at rear of a carriage
軬	159	車	12	fàn	fàn	
軭	159	車	13	kuāng	kuāng	(Cant.) to spoil
軮	159	車	12	yǎng	yǎng	
軯	159	車	12	pēng	pēng	surname
軰	159	車	12	bèi	bèi	a row of carriages
軱	159	車	12	gū	gū	large bone
軲	159	車	12	gū	gū	a wheel
軳	159	車	12	páo	páo	
軴	159	車	12	zhù	zhù	
軵	159	車	12	rǒng	rǒng	
軶	159	車	12	è	è	yoke
軷	159	車	12	bá	bá	sacrifice
軸	159	車	12	zhóu	zhóu	axle
軹	159	車	12	zhǐ	zhǐ	end of axle
軺	159	車	12	yáo	yáo	small light carriage
軻	159	車	12	kē	kē	axle
軼	159	車	12	yì	yì	rush forth
軽	159	車	12	zhì	zhì	light
軾	159	車	13	shì	shì	horizontal wooden bar in front of a sedan chair
軿	159	車	13	píng	píng	curtained carriage used by women
輀	159	車	13	ér	ér	hearse
輁	159	車	13	gǒng	gǒng	
輂	159	車	13	jú	jú	
較	159	車	13	jiào	jiào	compare
輄	159	車	13	guāng	guāng	
輅	159	車	13	lù	lù	a chariot
輆	159	車	13	kǎi	kǎi	
輇	159	車	13	quán	quán	cart wheel with no spokes
輈	159	車	13	zhōu	zhōu	shaft
載	159	車	13	zài	zài	load
輊	159	車	13	zhì	zhì	low rear portion of cart
輋	159	車	13	shē	shē	沙田禾輋
輌	159	車	13	liàng	liàng	numerary adjunct for vehicles
輍	159	車	14	yù	yù	
輎	159	車	14	shāo	shāo	
輏	159	車	14	yóu	yóu	light
輐	159	車	14	wàn	wàn	
輑	159	車	14	yǐn	yǐn	
輒	159	車	14	zhé	zhé	then
輓	159	車	14	wǎn	wǎn	mourn
輔	159	車	14	fǔ	fǔ	cheek bone
輕	159	車	14	qīng	qīng	light
輖	159	車	15	zhōu	zhōu	
輗	159	車	15	ní	ní	the cross-bar at the end of a carriage pole
輘	159	車	15	léng	léng	a car-rut
輙	159	車	15	zhé	zhé	then
輚	159	車	15	zhàn	zhàn	
輛	159	車	15	liàng	liàng	numerary adjunct for vehicles
輜	159	車	15	zī	zī	a supply cart
輝	159	車	15	huī	huī	brightness
輞	159	車	15	wǎng	wǎng	exterior rim of wheel
輟	159	車	15	chuò	chuò	stop
輠	159	車	15	guǒ	guǒ	grease pot hung under axle of cart
輡	159	車	15	kǎn	kǎn	(same as 轗) to fail
輢	159	車	15	yǐ	yǐ	
輣	159	車	15	péng	péng	
輤	159	車	15	qiàn	qiàn	a pall to cover a hearse
輥	159	車	15	gǔn	gǔn	turn round
輦	159	車	15	niǎn	niǎn	a handcart
輧	159	車	15	píng	píng	curtained carriage used by women
輨	159	車	15	guǎn	guǎn	
輩	159	車	15	bèi	bèi	generation
輪	159	車	15	lún	lún	wheel
輫	159	車	15	pái	pái	
輬	159	車	15	liáng	liáng	a hearse
輭	159	車	16	ruǎn	ruǎn	flexible
輮	159	車	16	róu	róu	exterior rim of wheel
輯	159	車	16	jí	jí	gather up
輰	159	車	16	yáng	yáng	
輱	159	車	16	xián	xián	
輲	159	車	16	chuán	chuán	
輳	159	車	16	còu	còu	hubs of wheel
輴	159	車	16	chūn	chūn	sled
輵	159	車	16	gé	gé	great array of spears and chariots
輶	159	車	16	yóu	yóu	light carriage
輷	159	車	16	hōng	hōng	
輸	159	車	16	shū	shū	transport
輹	159	車	16	fù	fù	two pieces of wood underneath a cart
輺	159	車	16	zī	zī	
輻	159	車	16	fú	fú	spokes of wheel
輼	159	車	16	wēn	wēn	
輽	159	車	17	bèn	bèn	vehicle
輾	159	車	17	zhǎn	zhǎn	turn over
輿	159	車	17	yú	yú	cart
轀	159	車	17	wēn	wēn	hearse
轁	159	車	17	tāo	tāo	
轂	159	車	17	gǔ	gǔ	hub of wheel
轃	159	車	17	zhēn	zhēn	
轄	159	車	17	xiá	xiá	linchpin of wheel
轅	159	車	17	yuán	yuán	axle
轆	159	車	18	lù	lù	windlass
轇	159	車	18	jiāo	jiāo	complicated
轈	159	車	18	cháo	cháo	turret on a chariot
轉	159	車	18	zhuǎn	zhuǎi/zhuǎn/zhuàn	shift
轊	159	車	18	wèi	wèi	axle-tip
轋	159	車	17	hún	hún	
轌	159	車	18	xuě	xuě	sled
轍	159	車	19	zhé	zhé	wagon ruts
轎	159	車	19	jiào	jiào	sedan-chair
轏	159	車	19	zhàn	zhàn	sleeping cart
轐	159	車	19	bú	bú	
轑	159	車	19	lǎo	lǎo	rut
轒	159	車	19	fén	fén	chariot
轓	159	車	19	fān	fān	
轔	159	車	19	lín	lín	rumbling of vehicles
轕	159	車	19	gé	gé	great array of spears and chariots
轖	159	車	20	sè	sè	framework of lattice on cart
轗	159	車	20	kǎn	kǎn	fail
轘	159	車	20	huán	huán	tear asunder between chariots
轙	159	車	20	yǐ	yǐ	rings on a yoke
轚	159	車	20	jí	jí	
轛	159	車	21	zhuì	zhuì	
轜	159	車	21	ér	ér	hearse
轝	159	車	20	yù	yù	envy
轞	159	車	21	jiàn	jiàn	a vehicle for transporting prisoners
轟	159	車	21	hōng	hōng	rumble
轠	159	車	22	léi	léi	
轡	159	車	22	pèi	pèi	bridle of horse
轢	159	車	22	lì	lì	run over something with vehicle
轣	159	車	23	lì	lì	to gallop
轤	159	車	23	lú	lú	pulley
轥	159	車	26	lìn	lìn	
车	159'	车	4	chē	chē/jū	cart
轧	159'	车	5	yà	yà/zhá	crush by weight
轨	159'	车	6	guǐ	guǐ	track
轩	159'	车	7	xuān	xuān	carriage
轪	159'	车	7	dài	dài	a hubcap
轫	159'	车	7	rèn	rèn	a block that keeps a wheel from moving
转	159'	车	8	zhuǎn	zhuǎn/zhuàn	shift
轭	159'	车	8	è	è	yoke
轮	159'	车	8	lún	lún	wheel
软	159'	车	8	ruǎn	ruǎn	soft
轰	159'	车	8	hōng	hōng	rumble
轱	159'	车	9	gū	gū	wheel
轲	159'	车	9	kē	kē	axle
轳	159'	车	9	lú	lú	pulley
轴	159'	车	9	zhóu	zhóu/zhòu	axle
轵	159'	车	9	zhǐ	zhǐ	end of axle
轶	159'	车	9	yì	yì	rush forth
轷	159'	车	9	hū	hū	surname
轸	159'	车	9	zhěn	zhěn	cross board at rear of carriage
轹	159'	车	9	lì	lì	run over something with vehicle
轺	159'	车	9	yáo	yáo	small light carriage
轻	159'	车	9	qīng	qīng	light
轼	159'	车	10	shì	shì	horizontal wooden bar in front
载	159'	车	10	zài	zǎi/zài	load
轾	159'	车	10	zhì	zhì	low rear portion of cart
轿	159'	车	10	jiào	jiào	sedan-chair
辀	159'	车	10	zhōu	zhōu	shaft
辁	159'	车	10	quán	quán	cart wheel with no spokes
辂	159'	车	10	lù	lù	a chariot
较	159'	车	10	jiào	jiào	compare
辄	159'	车	11	zhé	zhé	sides of chariot where weapons
辅	159'	车	11	fǔ	fǔ	cheek bone
辆	159'	车	11	liàng	liàng	numerary adjunct for vehicles
辇	159'	车	12	niǎn	niǎn	hand-cart
辈	159'	车	12	bèi	bèi	generation
辉	159'	车	12	huī	huī	brightness
辊	159'	车	12	gǔn	gǔn	turn round
辋	159'	车	12	wǎng	wǎng	exterior rim of wheel
辌	159'	车	12	liáng	liáng	a hearse
辍	159'	车	12	chuò	chuò	stop
辎	159'	车	12	zī	zī	a supply cart
辏	159'	车	13	còu	còu	hubs of wheel
辐	159'	车	13	fú	fú	spokes of wheel
辑	159'	车	13	jí	jí	gather up
辒	159'	车	13	wēn	wēn	hearse
输	159'	车	13	shū	shū	transport
辔	159'	车	13	pèi	pèi	bridle of horse
辕	159'	车	14	yuán	yuán	axle
辖	159'	车	14	xiá	xiá	linchpin of wheel
辗	159'	车	14	zhǎn	zhǎn	turn over
辘	159'	车	15	lù	lù	windlass
辙	159'	车	16	zhé	zhé	wagon ruts
辚	159'	车	16	lín	lín	rumbling of vehicles
辛	160	辛	7	xīn	xīn	bitter
辜	160	辛	12	gū	gū	crime
辝	160	辛	12	cí	cí	
辞	160	辛	13	cí	cí	words
辟	160	辛	13	pì	bì/pì	law
辠	160	辛	13	zuì	zuì	crime
辡	160	辛	14	biàn	biàn	recrimination
辢	160	辛	14	là	là	bitter
辣	160	辛	14	là	là	peppery
辤	160	辛	15	cí	cí	words
辥	160	辛	16	xuē	xuē	variety of marsh grass
辦	160	辛	16	bàn	bàn	manage
辧	160	辛	16	biàn	biàn	manage
辨	160	辛	16	biàn	biàn	distinguish
辩	160	辛	16	biàn	biàn	dispute
辪	160	辛	16	xuē	xuē	
辫	160	辛	17	biàn	biàn	braid
辬	160	辛	18	bān	bān	
辭	160	辛	19	cí	cí	words
辮	160	辛	20	biàn	biàn	braid
辯	160	辛	21	biàn	biàn	dispute
辰	161	辰	7	chén	chén	early morning
辱	161	辰	10	rǔ	rǔ	humiliate
農	161	辰	13	nóng	nóng	agriculture
辳	161	辰	15	nóng	nóng	agriculture
辴	161	辰	19	chǎn	chǎn	
辵	162	辵	7	chuò	chuò	walk
辶	162	辵	4	chuò	chuò	walk
辷	162	辵	4	yī	yī	smooth
辸	162	辵	5	réng	réng	
边	162	辵	5	biān	biān	edge
辺	162	辵	5	biān	biān	edge
辻	162	辵	5	shí	shí	crossroads
込	162	辵	5	yū	yū	crowd into
辽	162	辵	5	liáo	liáo	distant
达	162	辵	6	dá	dá	arrive at
辿	162	辵	6	chān	chān	follow
迀	162	辵	6	gān	gān	
迁	162	辵	6	qiān	qiān	move
迂	162	辵	6	yū	yū	doctrinaire
迃	162	辵	6	yū	yū	
迄	162	辵	6	qì	qì	extend
迅	162	辵	6	xùn	xùn	quick
迆	162	辵	6	yí	yí/yǐ	wind
过	162	辵	6	guò	guō/guò	pass
迈	162	辵	6	mài	mài	take a big stride
迉	162	辵	6	qī	qī	
迊	162	辵	7	zā	zā	to go round
迋	162	辵	7	wàng	wàng	travel
迌	162	辵	7	tù	tù	
迍	162	辵	7	zhūn	zhūn	falter
迎	162	辵	7	yíng	yíng	receive
迏	162	辵	8	dá	dá	
运	162	辵	7	yùn	yùn	luck
近	162	辵	7	jìn	jìn	near
迒	162	辵	7	háng	háng	footprints of passing animals
迓	162	辵	7	yà	yà	to go to meet
返	162	辵	7	fǎn	fǎn	return
迕	162	辵	7	wǔ	wǔ	obstinate
迖	162	辵	7	dá	dá	
迗	162	辵	7	é	é	
还	162	辵	7	hái	hái/huán	still
这	162	辵	7	zhè	zhè	this
迚	162	辵	7	dá	dá	very
进	162	辵	7	jìn	jìn	advance
远	162	辵	7	yuǎn	yuǎn	distant
违	162	辵	7	wéi	wéi	disobey
连	162	辵	7	lián	lián	join
迟	162	辵	7	chí	chí	late
迠	162	辵	8	chè	chè	made
迡	162	辵	8	nì	nì	
迢	162	辵	8	tiáo	tiáo	far
迣	162	辵	8	zhì	zhì	to leap over
迤	162	辵	8	yí	yí/yǐ	wind
迥	162	辵	8	jiǒng	jiǒng	distant
迦	162	辵	8	jiā	jiā	character for transliteration
迧	162	辵	8	chén	chén	a Chinese family name arrange
迨	162	辵	8	dài	dài	until
迩	162	辵	8	ěr	ěr	be near
迪	162	辵	8	dí	dí	enlighten
迫	162	辵	8	pò	pǎi/pò	coerce
迬	162	辵	8	zhù	zhù	to walk along
迭	162	辵	8	dié	dié	repeatedly
迮	162	辵	8	zé	zé	to rise
迯	162	辵	8	táo	táo	escape
述	162	辵	8	shù	shù	narrate
迱	162	辵	8	tuó	tuó	
迲	162	辵	8	qù	qù	
迳	162	辵	8	jìng	jìng	pass by
迴	162	辵	9	huí	huí	revolve
迵	162	辵	9	dòng	dòng	
迶	162	辵	10	yòu	yòu	
迷	162	辵	9	mí	mí	bewitch
迸	162	辵	9	bèng	bèng	gush out
迹	162	辵	9	jì	jì	traces
迺	162	辵	9	nǎi	nǎi	then
迻	162	辵	9	yí	yí	to shift
迼	162	辵	9	jié	jié	
追	162	辵	9	zhuī	zhuī	pursue
迾	162	辵	9	liè	liè	(Cant.) row
迿	162	辵	9	xùn	xùn	to be the first to begin a quarrel
退	162	辵	9	tuì	tuì	step back
送	162	辵	9	sòng	sòng	see off
适	162	辵	9	shì	shì	go
逃	162	辵	9	táo	táo	escape
逄	162	辵	9	páng	páng	a surname
逅	162	辵	9	hòu	hòu	meet unexpectedly
逆	162	辵	9	nì	nì	disobey
逇	162	辵	9	dùn	dùn	
逈	162	辵	10	jiǒng	jiǒng	distant
选	162	辵	9	xuǎn	xuǎn	choose
逊	162	辵	9	xùn	xùn	humble
逋	162	辵	10	bū	bū	flee
逌	162	辵	10	yōu	yōu	please
逍	162	辵	10	xiāo	xiāo	ramble
逎	162	辵	10	qiú	qiú	strong
透	162	辵	10	tòu	tòu	penetrate
逐	162	辵	10	zhú	zhú	chase
逑	162	辵	10	qiú	qiú	collect
递	162	辵	10	dì	dì	hand over
逓	162	辵	10	dì	dì	hand over
途	162	辵	10	tú	tú	way
逕	162	辵	10	jìng	jìng	pass by
逖	162	辵	10	tì	tì	far
逗	162	辵	10	dòu	dòu	tempt
逘	162	辵	10	yǐ	yǐ	
這	162	辵	11	zhè	zhè/zhèi	this
通	162	辵	10	tōng	tōng/tòng	pass through
逛	162	辵	10	guàng	guàng	ramble
逜	162	辵	10	wù	wù	
逝	162	辵	10	shì	shì	pass away
逞	162	辵	10	chěng	chěng	indulge oneself
速	162	辵	10	sù	sù	quick
造	162	辵	10	zào	zào	construct
逡	162	辵	10	qūn	qūn	retreat
逢	162	辵	10	féng	féng	come upon
連	162	辵	11	lián	lián	join
逤	162	辵	10	suò	suò	
逥	162	辵	10	huí	huí	return
逦	162	辵	10	lǐ	lǐ	meandering
逧	162	辵	10	gǔ	gǔ	
逨	162	辵	11	lái	lái	
逩	162	辵	11	bèn	bèn	to run quickly
逪	162	辵	11	cuò	cuò	
逫	162	辵	11	jué	jué	
逬	162	辵	11	bèng	bèng	to scatter
逭	162	辵	11	huàn	huàn	to escape from
逮	162	辵	11	dǎi	dǎi/dài	seize
逯	162	辵	11	lù	lù	leave without reason
逰	162	辵	11	yóu	yóu	wander
週	162	辵	11	zhōu	zhōu	week
進	162	辵	12	jìn	jìn	advance
逳	162	辵	11	yù	yù	(Cant.) to move
逴	162	辵	11	chuō	chuō	argue
逵	162	辵	11	kuí	kuí	thoroughfare
逶	162	辵	11	wēi	wēi	winding
逷	162	辵	11	tì	tì	distant
逸	162	辵	11	yì	yì	flee
逹	162	辵	12	dá	dá	arrive at
逺	162	辵	11	yuǎn	yuǎn	distant
逻	162	辵	11	luó	luó	patrol
逼	162	辵	12	bī	bī	compel
逽	162	辵	11	nuò	nuò	
逾	162	辵	12	yú	yú	go over
逿	162	辵	12	dàng	dàng	a time
遀	162	辵	13	suí	suí	
遁	162	辵	12	dùn	dùn	hide
遂	162	辵	12	suì	suí/suì	comply with
遃	162	辵	12	yǎn	yǎn	
遄	162	辵	12	chuán	chuán	to hurry
遅	162	辵	12	chí	chí	late
遆	162	辵	12	tí	tí	
遇	162	辵	12	yù	yù	meet
遈	162	辵	12	shí	shí	
遉	162	辵	12	zhēn	zhēn	spy
遊	162	辵	12	yóu	yóu	wander
運	162	辵	13	yùn	yùn	luck
遌	162	辵	12	è	è	
遍	162	辵	12	biàn	biàn	everywhere
過	162	辵	13	guò	guō/guò	pass
遏	162	辵	12	è	è	stop
遐	162	辵	12	xiá	xiá	afar
遑	162	辵	12	huáng	huáng	leisure
遒	162	辵	12	qiú	qiú	strong
道	162	辵	12	dào	dào	path
達	162	辵	13	dá	dá	arrive at
違	162	辵	13	wéi	wéi	disobey
遖	162	辵	12	nán	nán	
遗	162	辵	12	yí	yí	lose
遘	162	辵	13	gòu	gòu	to meet
遙	162	辵	13	yáo	yáo	far away
遚	162	辵	12	chòu	chòu	
遛	162	辵	13	liù	liù	take walk
遜	162	辵	14	xùn	xùn	humble
遝	162	辵	13	tà	tà	mixed
遞	162	辵	13	dì	dì	hand over
遟	162	辵	14	chí	chí	late
遠	162	辵	13	yuǎn	yuǎn	distant
遡	162	辵	13	sù	sù	go upstream
遢	162	辵	13	ta	tā/ta	careless
遣	162	辵	13	qiǎn	qiǎn	send
遤	162	辵	13	mǎ	mǎ	
遥	162	辵	13	yáo	yáo	far away
遦	162	辵	14	guàn	guàn	
遧	162	辵	14	zhāng	zhāng	
遨	162	辵	13	áo	áo	ramble
適	162	辵	15	shì	shì	match
遪	162	辵	14	cà	cà	
遫	162	辵	15	chì	chì	speed
遬	162	辵	14	sù	sù	
遭	162	辵	14	zāo	zāo	come across
遮	162	辵	14	zhē	zhē	cover
遯	162	辵	14	dùn	dùn	deceive
遰	162	辵	14	dì	dì	grunting sound of pigs
遱	162	辵	14	lóu	lóu	
遲	162	辵	15	chí	chí	late
遳	162	辵	13	cuō	cuō	
遴	162	辵	15	lín	lín	select
遵	162	辵	15	zūn	zūn	obey
遶	162	辵	15	rào	rào	entwine
遷	162	辵	15	qiān	qiān	move
選	162	辵	15	xuǎn	xuǎn	choose
遹	162	辵	15	yù	yù	comply with
遺	162	辵	15	yí	yí	lose
遻	162	辵	15	è	è	meet
遼	162	辵	16	liáo	liáo	distant
遽	162	辵	16	jù	jù	suddenly
遾	162	辵	16	shì	shì	
避	162	辵	16	bì	bì	avoid
邀	162	辵	16	yāo	yāo	invite
邁	162	辵	15	mài	mài	take a big stride
邂	162	辵	16	xiè	xiè	unexpected meeting
邃	162	辵	17	suì	suì	profound
還	162	辵	16	hái	hái/huán	still
邅	162	辵	16	zhān	zhān	hesitant
邆	162	辵	15	téng	téng	
邇	162	辵	17	ěr	ěr	be near
邈	162	辵	17	miǎo	miǎo	far
邉	162	辵	17	biān	biān	edge
邊	162	辵	18	biān	biān/bian	edge
邋	162	辵	18	lā	lā	rags
邌	162	辵	18	lí	lí	to walk slowly
邍	162	辵	19	yuán	yuán	
邎	162	辵	21	yáo	yáo	
邏	162	辵	22	luó	luó	patrol
邐	162	辵	22	lǐ	lǐ	meandering
邑	163	邑	7	yì	yì	area
邒	163	邑	4	tíng	tíng	
邓	163	邑	4	dèng	dèng	surname
邔	163	邑	5	qǐ	qǐ	
邕	163	邑	10	yōng	yōng	former or literary name for Nanning (in Guangxi)
邖	163	邑	5	shān	shān	
邗	163	邑	5	hán	hán	an ancient place in the state of Wu
邘	163	邑	5	yú	yú	state in Henan province
邙	163	邑	5	máng	máng	mountain in Henan province
邚	163	邑	5	rú	rú	
邛	163	邑	5	qióng	qióng	in distress
邜	163	邑	5	xī	xī	
邝	163	邑	5	kuàng	kuàng	surname
邞	163	邑	6	fū	fū	
邟	163	邑	6	kàng	kàng	
邠	163	邑	6	bīn	bīn	county in Shaanxi province
邡	163	邑	6	fāng	fāng	name of a district in Sichuan
邢	163	邑	6	xíng	xíng	surname
那	163	邑	6	nà	nā/nà	that
邤	163	邑	6	xīn	xīn	
邥	163	邑	6	shěn	shěn	
邦	163	邑	6	bāng	bāng	nation
邧	163	邑	6	yuán	yuán	town in Shanxi province
邨	163	邑	6	cūn	cūn	village
邩	163	邑	6	huǒ	huǒ	
邪	163	邑	6	xié	xié	wrong
邫	163	邑	11	bāng	bāng	
邬	163	邑	6	wū	wū	various place names
邭	163	邑	7	jù	jù	
邮	163	邑	7	yóu	yóu	postal
邯	163	邑	7	hán	hán	city in Hebei province
邰	163	邑	7	tái	tái	surname
邱	163	邑	7	qiū	qiū	surname
邲	163	邑	7	bì	bì	ancient name of a place in Henan
邳	163	邑	7	pī	pī	a department in the state of Lu
邴	163	邑	7	bǐng	bǐng	name of a city in the ancient state of Song
邵	163	邑	7	shào	shào	surname
邶	163	邑	7	bèi	bèi	place in today's Henan province
邷	163	邑	6	wǎ	wǎ	
邸	163	邑	7	dǐ	dǐ	official residence
邹	163	邑	7	zōu	zōu	name of an ancient state
邺	163	邑	7	yè	yè	place in today's Henan province
邻	163	邑	7	lín	lín	neighbor
邼	163	邑	8	kuāng	kuāng	
邽	163	邑	8	guī	guī	name of a place in Shaanxi province
邾	163	邑	8	zhū	zhū	a feudal state which existed B.C.700-469
邿	163	邑	8	shī	shī	a Zhou-dynasty state in modern Shandong province
郀	163	邑	8	kū	kū	
郁	163	邑	8	yù	yù	sweet smelling
郂	163	邑	8	gāi	gāi	
郃	163	邑	8	hé	hé	county in Shanxi province
郄	163	邑	8	qiè	qiè	surname
郅	163	邑	8	zhì	zhì	to go up to
郆	163	邑	8	jí	jí	
郇	163	邑	8	huán	huán/xún	an ancient feudal State in Shaanxi
郈	163	邑	8	hòu	hòu	place in Shandong province
郉	163	邑	8	xíng	xíng	surname
郊	163	邑	8	jiāo	jiāo	suburbs
郋	163	邑	8	xí	xí	
郌	163	邑	13	guī	guī	name of an ancient county in modern Gansu/Shaanxi area.
郍	163	邑	8	nuó	nuó	
郎	163	邑	8	láng	láng/làng	gentleman
郏	163	邑	8	jiá	jiá	county in Henan province
郐	163	邑	8	kuài	kuài	state in today's Henan province
郑	163	邑	8	zhèng	zhèng	state in today's Henan
郒	163	邑	13	láng	láng	
郓	163	邑	8	yùn	yùn	surname
郔	163	邑	8	yán	yán	place name in Shandong province
郕	163	邑	8	chéng	chéng	state in Shandong province
郖	163	邑	9	dòu	dòu	
郗	163	邑	9	xī	xī	surname
郘	163	邑	8	lǚ	lǚ	
郙	163	邑	9	fǔ	fǔ	to be exiled
郚	163	邑	9	wú	wú	towns in Shandong province
郛	163	邑	9	fú	fú	outer walls of city
郜	163	邑	9	gào	gào	surname
郝	163	邑	9	hǎo	hǎo	surname
郞	163	邑	10	láng	láng	gentleman
郟	163	邑	9	jiá	jiá	county in Henan province
郠	163	邑	9	gěng	gěng	place in Shandong province
郡	163	邑	9	jùn	jùn	administrative division
郢	163	邑	9	yǐng	yǐng	ancient city in Hubei
郣	163	邑	9	bó	bó	
郤	163	邑	9	xì	xì	crack
郥	163	邑	9	bèi	bèi	
郦	163	邑	9	lì	lì	place in today's Henan province
郧	163	邑	9	yún	yún	county in Hubei province
部	163	邑	10	bù	bù	part
郩	163	邑	10	xiáo	xiáo	
郪	163	邑	10	qī	qī	name of a stream in Sichuan province
郫	163	邑	10	pí	pí	a county in Sichuan
郬	163	邑	10	qīng	qīng	
郭	163	邑	10	guō	guō	outer part (of a city)
郮	163	邑	10	zhōu	zhōu	
郯	163	邑	10	tán	tán	a county in Shandong
郰	163	邑	10	zōu	zōu	birthplace of Confucius
郱	163	邑	8	píng	píng	
郲	163	邑	10	lái	lái	
郳	163	邑	10	ní	ní	state in Shandong province
郴	163	邑	10	chēn	chēn	county in Hunan province
郵	163	邑	10	yóu	yóu	postal
郶	163	邑	15	bù	bù	
郷	163	邑	10	xiāng	xiāng	country
郸	163	邑	10	dān	dān	county in Hebei province
郹	163	邑	11	jú	jú	
郺	163	邑	16	yōng	yōng	
郻	163	邑	11	qiāo	qiāo	
郼	163	邑	11	yī	yī	
都	163	邑	10	dōu	dōu/dū	metropolis
郾	163	邑	11	yǎn	yǎn	county in Henan province
郿	163	邑	11	méi	méi	county in Shaanxi province
鄀	163	邑	10	ruò	ruò	state in Henan province
鄁	163	邑	11	bèi	bèi	
鄂	163	邑	11	è	è	Hubei province
鄃	163	邑	11	shū	shū	
鄄	163	邑	11	juàn	juàn	a county in Shandong
鄅	163	邑	11	yǔ	yǔ	
鄆	163	邑	11	yùn	yùn	surname
鄇	163	邑	11	hóu	hóu	a name of a town in Henan province
鄈	163	邑	11	kuí	kuí	slippers
鄉	163	邑	13	xiāng	xiāng	country
鄊	163	邑	11	xiāng	xiāng	
鄋	163	邑	11	sōu	sōu	a Chunqiu-era state in modern Shandong
鄌	163	邑	12	táng	táng	a place in Shandong
鄍	163	邑	12	míng	míng	a town in Shandong province
鄎	163	邑	12	xī	xī	a place in Henan province
鄏	163	邑	12	rǔ	rǔ	place in Henan province
鄐	163	邑	12	chù	chù	town in Henan province
鄑	163	邑	12	zī	zī	kick
鄒	163	邑	12	zōu	zōu	a Zhou-dynasty state in modern Shandong
鄓	163	邑	12	yè	yè	
鄔	163	邑	12	wū	wū	various place names
鄕	163	邑	13	xiāng	xiāng	country
鄖	163	邑	12	yún	yún	county in Hubei province
鄗	163	邑	12	hào	hào	county in Hebei province
鄘	163	邑	13	yōng	yōng	state in Henan province
鄙	163	邑	13	bǐ	bǐ	mean
鄚	163	邑	12	mào	mào	place in today's Hebei province
鄛	163	邑	13	cháo	cháo	
鄜	163	邑	13	fū	fū	county in Shanxi province
鄝	163	邑	13	liǎo	liǎo	
鄞	163	邑	13	yín	yín	county in Zhejiang province
鄟	163	邑	13	zhuān	zhuān	
鄠	163	邑	13	hù	hù	county in Shanxi province
鄡	163	邑	13	qiāo	qiāo	
鄢	163	邑	13	yān	yān	name of a district in Honan
鄣	163	邑	13	zhāng	zhāng	name of an ancient city in N. Jiangsu
鄤	163	邑	13	màn	màn	place in Henan province
鄥	163	邑	13	qiāo	qiāo	
鄦	163	邑	14	xǔ	xǔ	
鄧	163	邑	15	dèng	dèng	a county in Henan
鄨	163	邑	18	bì	bì	
鄩	163	邑	14	xún	xún	county in Shandong province
鄪	163	邑	14	bì	bì	
鄫	163	邑	14	zēng	zēng	state in today's Shandong province
鄬	163	邑	14	wéi	wéi	place in Henan province
鄭	163	邑	15	zhèng	zhèng	state in today's Henan
鄮	163	邑	14	mào	mào	
鄯	163	邑	14	shàn	shàn	district in Gansu during the Tang dynasty
鄰	163	邑	14	lín	lín	neighbor
鄱	163	邑	14	pó	pó	county and lake in Jiangxi
鄲	163	邑	14	dān	dān	county in Hebei province
鄳	163	邑	15	méng	méng	
鄴	163	邑	15	yè	yè	ancient place in modern Hebei province
鄵	163	邑	15	cào	cào	
鄶	163	邑	15	kuài	kuài	state in today's Henan province
鄷	163	邑	15	fēng	fēng	
鄸	163	邑	15	méng	méng	
鄹	163	邑	16	zōu	zōu	name of an ancient state in modern Shandong
鄺	163	邑	16	kuàng	kuàng	surname
鄻	163	邑	17	liǎn	liǎn	spoil
鄼	163	邑	17	zàn	zàn	
鄽	163	邑	17	chán	chán	
鄾	163	邑	17	yōu	yōu	place in Hubei province
鄿	163	邑	17	jī	jī	county in Xinjiang province
酀	163	邑	18	yàn	yàn	
酁	163	邑	19	chán	chán	
酂	163	邑	18	zàn	zàn	collect
酃	163	邑	19	líng	líng	a county in Hunan
酄	163	邑	19	huān	huān	
酅	163	邑	20	xī	xī	raise feet
酆	163	邑	20	fēng	fēng	Zhou-era state in modern Sichuan
酇	163	邑	21	zàn	zàn	collect
酈	163	邑	21	lì	lì	place in today's Henan province
酉	164	酉	7	yǒu	yǒu	a wine vessel
酊	164	酉	9	dīng	dīng/dǐng	drunk
酋	164	酉	9	qiú	qiú	chief of tribe
酌	164	酉	10	zhuó	zhuó	serve wine
配	164	酉	10	pèi	pèi	match
酎	164	酉	10	zhòu	zhòu	double-fermented wine
酏	164	酉	10	yǐ	yǐ	millet wine
酐	164	酉	10	gān	gān	anhydride
酑	164	酉	10	yú	yú	
酒	164	酉	10	jiǔ	jiǔ	wine
酓	164	酉	11	yǎn	yǎn	
酔	164	酉	11	zuì	zuì	intoxicated
酕	164	酉	11	máo	máo	drunk
酖	164	酉	11	zhèn	zhèn	wine with bird poison added
酗	164	酉	11	xù	xù	drunk
酘	164	酉	11	dòu	dòu	
酙	164	酉	11	zhēn	zhēn	
酚	164	酉	11	fēn	fēn	carbolic acid
酛	164	酉	11	yuán	yuán	
酜	164	酉	11	fū	fū	
酝	164	酉	11	yùn	yùn	liquor
酞	164	酉	11	tài	tài	phthalein
酟	164	酉	12	tiān	tiān	
酠	164	酉	12	qiǎ	qiǎ	
酡	164	酉	12	tuó	tuó	flushed
酢	164	酉	12	zuò	zuò	toast one's host with wine
酣	164	酉	12	hān	hān	enjoy intoxicants
酤	164	酉	12	gū	gū	to deal in spirits
酥	164	酉	12	sū	sū	butter
酦	164	酉	12	pō	pō	fermentation
酧	164	酉	13	chóu	chóu	to pledge with wine
酨	164	酉	13	zài	zài	
酩	164	酉	13	mǐng	mǐng	drunk
酪	164	酉	13	lào	lào	cream
酫	164	酉	13	chuò	chuò	
酬	164	酉	13	chóu	chóu	toast
酭	164	酉	13	yòu	yòu	
酮	164	酉	13	tóng	tóng	ketones
酯	164	酉	13	zhǐ	zhǐ	ester
酰	164	酉	13	xiān	xiān	acyl
酱	164	酉	13	jiàng	jiàng	any jam-like or paste-like food
酲	164	酉	14	chéng	chéng	hangover
酳	164	酉	14	yìn	yìn	
酴	164	酉	14	tú	tú	leaven
酵	164	酉	14	jiào	jiào	yeast
酶	164	酉	14	méi	méi	enzymes
酷	164	酉	14	kù	kù	strong
酸	164	酉	14	suān	suān	tart
酹	164	酉	14	lèi	lèi	to pour out a libation
酺	164	酉	14	pú	pú	drink with others
酻	164	酉	14	zuì	zuì	
酼	164	酉	14	hǎi	hǎi	
酽	164	酉	14	yàn	yàn	thick
酾	164	酉	14	shī	shī	strain
酿	164	酉	14	niàng	niàng	brew
醀	164	酉	15	wéi	wéi	
醁	164	酉	15	lù	lù	a kind of green-colored wine
醂	164	酉	15	lǎn	lǎn	to remove astringency
醃	164	酉	15	yān	yān	marinate
醄	164	酉	15	táo	táo	drunk
醅	164	酉	15	pēi	pēi	unstrained spirits
醆	164	酉	15	zhǎn	zhǎn	wine cup
醇	164	酉	15	chún	chún	rich
醈	164	酉	15	tán	tán	
醉	164	酉	15	zuì	zuì	intoxicated
醊	164	酉	15	zhuì	zhuì	to pour wine in a libation
醋	164	酉	15	cù	cù	vinegar
醌	164	酉	15	kūn	kūn	quinone
醍	164	酉	16	tí	tí	essential oil of butter
醎	164	酉	16	xián	xián	
醏	164	酉	15	dū	dū	
醐	164	酉	16	hú	hú	purest cream
醑	164	酉	16	xǔ	xǔ	to strain spirits
醒	164	酉	16	xǐng	xǐng	wake up
醓	164	酉	16	tǎn	tǎn	salted meat
醔	164	酉	16	qiú	qiú	
醕	164	酉	16	chún	chún	
醖	164	酉	16	yùn	yùn	liquor
醗	164	酉	16	pò	pò	to brew for the second time
醘	164	酉	17	kē	kē	
醙	164	酉	16	sōu	sōu	
醚	164	酉	16	mí	mí	ether
醛	164	酉	16	quán	quán	aldehyde
醜	164	酉	16	chǒu	chǒu	ugly looking
醝	164	酉	16	cuō	cuō	white wine
醞	164	酉	17	yùn	yùn	liquor
醟	164	酉	17	yòng	yòng	
醠	164	酉	17	àng	àng	
醡	164	酉	17	zhà	zhà	wine press
醢	164	酉	17	hǎi	hǎi	minced pickled meat
醣	164	酉	17	táng	táng	carbohydrates
醤	164	酉	17	jiàng	jiàng	any jam-like or paste-like food
醥	164	酉	18	piǎo	piǎo	
醦	164	酉	18	chěn	chěn	
醧	164	酉	18	yù	yù	
醨	164	酉	17	lí	lí	dregs of wine
醩	164	酉	18	zāo	zāo	sediment
醪	164	酉	18	láo	láo	unclear wine
醫	164	酉	18	yī	yī	medicine
醬	164	酉	18	jiàng	jiàng	any jam-like or paste-like food
醭	164	酉	19	bú	bú	molds on liquids
醮	164	酉	19	jiào	jiào	religious service
醯	164	酉	19	xī	xī	vinegar
醰	164	酉	19	tán	tán	bitter taste in wine
醱	164	酉	19	fā	fā/pō	to brew for the second time
醲	164	酉	20	nóng	nóng	strong wine
醳	164	酉	20	yì	yì	
醴	164	酉	20	lǐ	lǐ	sweet wine
醵	164	酉	20	jù	jù	contribute for drinks
醶	164	酉	20	yàn	yàn	
醷	164	酉	20	yì	yì	
醸	164	酉	20	niàng	niàng	brew
醹	164	酉	21	rú	rú	strong wine
醺	164	酉	21	xūn	xūn	get drunk
醻	164	酉	21	chóu	chóu	to pledge
醼	164	酉	23	yàn	yàn	offer food and wine one's guests
醽	164	酉	24	líng	líng	kind of wine
醾	164	酉	24	mí	mí	a kind of liquor
醿	164	酉	24	mí	mí	a kind of liquor
釀	164	酉	24	niàng	niáng/niàng	brew
釁	164	酉	26	xìn	xìn	smear with blood in sacrifice
釂	164	酉	24	jiào	jiào	drain
釃	164	酉	26	shāi	shāi/shī	strain
釄	164	酉	26	mí	mí	wine brewed for a second time
釅	164	酉	26	yàn	yàn	thick
釆	165	釆	7	biàn	biàn	distinguish
采	165	釆	8	cǎi	cǎi/cài	collect
釈	165	釆	11	shì	shì	interpret
釉	165	釆	12	yòu	yòu	glaze
释	165	釆	12	shì	shì	interpret
釋	165	釆	20	shì	shì	interpret
里	166	里	7	lǐ	lǐ	unit of distance
重	166	里	9	zhòng	chóng/zhòng	heavy
野	166	里	11	yě	yě	open country
量	166	里	12	liàng	liáng/liàng	measure
釐	166	里	18	xī	xī	manage
金	167	金	8	jīn	jīn	gold
釒	167	金	8	jīn	jīn	Kangxi radical 167
釓	167	金	9	gá	gá	gadolinium (element 64
釔	167	金	9	yǐ	yǐ	yttrium (element 39
釕	167	金	10	liǎo	liǎo	ruthenium (element 44
釖	167	金	10	dāo	dāo	knife
釗	167	金	10	zhāo	zhāo	endeavor
釘	167	金	10	dīng	dīng	nail
釙	167	金	10	pò	pò	polonium (element 84
釚	167	金	10	qiú	qiú	
釛	167	金	10	bā	bā	
釜	167	金	10	fǔ	fǔ	cauldron
針	167	金	10	zhēn	zhēn	needle
釞	167	金	10	zhí	zhí	
釟	167	金	10	bā	bā	
釠	167	金	10	luàn	luàn	
釡	167	金	10	fǔ	fǔ	cauldron
釢	167	金	10	nǎi	nǎi	
釣	167	金	11	diào	diào	fish
釤	167	金	11	shàn	shàn	samarium (element 62
釥	167	金	11	qiǎo	qiǎo	
釦	167	金	11	kòu	kòu	button
釧	167	金	11	chuàn	chuàn	bracelet
釨	167	金	11	zǐ	zǐ	
釩	167	金	11	fǎn	fǎn	vanadium (element 23
釪	167	金	11	huá	huá	an alms bowl
釫	167	金	11	huá	huá	
釬	167	金	11	hàn	hàn	weld
釭	167	金	11	gāng	gāng	tire of wheel
釮	167	金	11	qí	qí	
釯	167	金	11	máng	máng	point of sword
釰	167	金	11	rì	rì	
釱	167	金	11	dì	dì	fetters
釲	167	金	11	sì	sì	
釳	167	金	11	xì	xì	
釴	167	金	11	yì	yì	
釵	167	金	11	chāi	chāi	ornamental hairpin
釶	167	金	11	shī	shī	
釷	167	金	11	tǔ	tǔ	thorium (Th)
釸	167	金	11	xī	xī	
釹	167	金	11	nǚ	nǚ	neodymium (Nd)
釺	167	金	11	qiān	qiān	tool for boring holes
釻	167	金	11	qiú	qiú	
釼	167	金	11	jiàn	jiàn	sword
釽	167	金	12	pì	pì	a farmer's hoeing fork
釾	167	金	12	yé	yé	obsolete name of einsteinium (Es)
釿	167	金	12	jīn	jīn	hew
鈀	167	金	12	bǎ	bǎ	palladium (Pd)
鈁	167	金	12	fāng	fāng	francium (Fr)
鈂	167	金	12	chén	chén	
鈃	167	金	12	xíng	xíng	ancient wine vessel
鈄	167	金	12	dǒu	dǒu	a wine flagon
鈅	167	金	12	yuè	yuè	
鈆	167	金	12	qiān	qiān	lead
鈇	167	金	12	fū	fū	an ax
鈈	167	金	12	bù	bù	plutonium (Pu)
鈉	167	金	12	nà	nà	sodium (Na)
鈊	167	金	12	xīn	xīn	gadolinium (element 64
鈋	167	金	12	é	é	
鈌	167	金	12	jué	jué	to pierce
鈍	167	金	12	dùn	dùn	blunt
鈎	167	金	12	gōu	gōu	hook
鈏	167	金	12	yǐn	yǐn	
鈐	167	金	12	qián	qián	lock
鈑	167	金	12	bǎn	bǎn	plate
鈒	167	金	11	sà	sà	spear
鈓	167	金	12	rén	rén	
鈔	167	金	12	chāo	chāo	paper money
鈕	167	金	12	niǔ	niǔ	button
鈖	167	金	12	fēn	fēn	
鈗	167	金	12	yǔn	yǔn	
鈘	167	金	12	yǐ	yǐ	
鈙	167	金	12	qín	qín	
鈚	167	金	12	pī	pī	an ancient type of arrow
鈛	167	金	12	guō	guō	
鈜	167	金	12	hóng	hóng	
鈝	167	金	12	yín	yín	
鈞	167	金	12	jūn	jūn	unit of measure equivalent to thirty catties
鈟	167	金	12	diào	diào	
鈠	167	金	12	yì	yì	
鈡	167	金	12	zhōng	zhōng	
鈢	167	金	12	xǐ	xǐ	
鈣	167	金	12	gài	gài	calcium (Ca)
鈤	167	金	12	rì	rì	
鈥	167	金	12	huǒ	huǒ	holmium (Ho)
鈦	167	金	12	tài	tài	titanium (Ti)
鈧	167	金	12	kàng	kàng	scandium (Sc)
鈨	167	金	12	yuán	yuán	
鈩	167	金	12	lú	lú	fireplace
鈪	167	金	12	è	è	(Cant.) bracelet
鈫	167	金	12	qín	qín	
鈬	167	金	12	duó	duó	bell
鈭	167	金	14	zī	zī	
鈮	167	金	13	nǐ	nǐ	niobium (Nb)
鈯	167	金	13	tú	tú	
鈰	167	金	13	shì	shì	cerium (element 58
鈱	167	金	13	mín	mín	
鈲	167	金	13	gū	gū	
鈳	167	金	13	kē	kē	a small cauldron
鈴	167	金	13	líng	líng	bell
鈵	167	金	13	bǐng	bǐng	
鈶	167	金	13	sì	sì	
鈷	167	金	13	gǔ	gǔ	cobalt (Co)
鈸	167	金	13	bó	bó	cymbals
鈹	167	金	13	pī	pī	a needle used in Chinese medicine
鈺	167	金	13	yù	yù	rare treasure
鈻	167	金	13	sì	sì	
鈼	167	金	13	zuó	zuó	
鈽	167	金	13	bū	bū	plutonium (element 94
鈾	167	金	13	yóu	yóu	uranium (U)
鈿	167	金	13	tián	tián	hairpin
鉀	167	金	13	jiǎ	jiǎ	potassium (K)
鉁	167	金	13	zhēn	zhēn	
鉂	167	金	13	shǐ	shǐ	
鉃	167	金	13	shì	shì	
鉄	167	金	13	tiě	tiě	iron
鉅	167	金	13	jù	jù	steel
鉆	167	金	13	chān	chān	tweezers
鉇	167	金	13	shī	shī	
鉈	167	金	13	shī	shī	a short spear
鉉	167	金	13	xuàn	xuàn	device for carrying a tripod
鉊	167	金	13	zhāo	zhāo	
鉋	167	金	13	bào	bào	carpenter's plane
鉌	167	金	13	hé	hé	the bells on the cart in ancient China
鉍	167	金	13	bì	bì	bismuth (Bi)
鉎	167	金	13	shēng	shēng	(Cant.) to rust
鉏	167	金	13	chú	chú	hoe
鉐	167	金	13	shí	shí	
鉑	167	金	13	bó	bó	platinum (Pt)
鉒	167	金	13	zhù	zhù	
鉓	167	金	13	chì	chì	
鉔	167	金	13	zā	zā	
鉕	167	金	13	pō	pō	promethium (element 145
鉖	167	金	13	tóng	tóng	
鉗	167	金	13	qián	qián	pincers
鉘	167	金	13	fú	fú	
鉙	167	金	13	zhǎi	zhǎi	
鉚	167	金	13	mǎo	mǎo	rivet
鉛	167	金	13	qiān	qiān	lead (element 82
鉜	167	金	13	fú	fú	
鉝	167	金	13	lì	lì	
鉞	167	金	13	yuè	yuè	broad-axe
鉟	167	金	13	pī	pī	
鉠	167	金	13	yāng	yāng	
鉡	167	金	13	bàn	bàn	
鉢	167	金	13	bō	bō	earthenware basin
鉣	167	金	13	jié	jié	
鉤	167	金	13	gōu	gōu	hook
鉥	167	金	13	shù	shù	needle
鉦	167	金	13	zhēng	zhēng	kind of gong used in ancient times by troops on the march
鉧	167	金	13	mǔ	mǔ	
鉨	167	金	13	xǐ	xǐ	[nǐ] Nihonium (Nh)
鉩	167	金	13	xǐ	xǐ	
鉪	167	金	13	dì	dì	
鉫	167	金	13	jiā	jiā	
鉬	167	金	13	mù	mù	molybdenum (element 42
鉭	167	金	13	tǎn	tǎn	tantalum (element 73
鉮	167	金	13	huán	huán	
鉯	167	金	12	yǐ	yǐ	
鉰	167	金	13	sī	sī	
鉱	167	金	13	kuàng	kuàng	mine
鉲	167	金	13	kǎ	kǎ	cadmium (element 48
鉳	167	金	13	běi	běi	
鉴	167	金	13	jiàn	jiàn	mirror
鉵	167	金	14	tóng	tóng	
鉶	167	金	14	xíng	xíng	sacrificial cauldron
鉷	167	金	14	hóng	hóng	trigger
鉸	167	金	14	jiǎo	jiǎo	hinge
鉹	167	金	14	chǐ	chǐ	
鉺	167	金	14	èr	èr	erbium (element 68
鉻	167	金	14	gè	gè	chromium (element 24
鉼	167	金	14	bǐng	bǐng	plate
鉽	167	金	14	shì	shì	
鉾	167	金	14	móu	móu	spear
鉿	167	金	14	jiā	jiā	hafnium (element 72
銀	167	金	14	yín	yín	silver (element 47
銁	167	金	14	jūn	jūn	a weight of thirty catties
銂	167	金	14	zhōu	zhōu	
銃	167	金	14	chòng	chòng	ancient weapon
銄	167	金	14	xiǎng	xiǎng	
銅	167	金	14	tóng	tóng	copper (element 29
銆	167	金	14	mò	mò	
銇	167	金	14	lèi	lèi	
銈	167	金	14	jī	jī	
銉	167	金	14	yù	yù	
銊	167	金	14	xù	xù	
銋	167	金	14	rén	rén	
銌	167	金	14	zùn	zùn	
銍	167	金	14	zhì	zhì	a sickle
銎	167	金	14	qióng	qióng	eyehole to hang an axe by
銏	167	金	13	shàn	shàn	
銐	167	金	14	chì	chì	
銑	167	金	14	xiǎn	xiǎn	mill
銒	167	金	14	xíng	xíng	ancient wine vessel
銓	167	金	14	quán	quán	weigh
銔	167	金	14	pī	pī	
銕	167	金	14	tiě	tiě	iron
銖	167	金	14	zhū	zhū	unit of weight
銗	167	金	14	xiàng	xiàng	
銘	167	金	14	míng	míng	inscribe
銙	167	金	14	kuǎ	kuǎ	
銚	167	金	14	yáo	yáo	large hoe
銛	167	金	14	xiān	xiān	sharp
銜	167	金	14	xián	xián	bit
銝	167	金	14	xiū	xiū	
銞	167	金	14	jūn	jūn	
銟	167	金	14	chā	chā	
銠	167	金	14	lǎo	lǎo	rhodium (element 45
銡	167	金	14	jí	jí	
銢	167	金	14	pǐ	pǐ	
銣	167	金	14	rú	rú	rubidium (element 37
銤	167	金	14	mǐ	mǐ	
銥	167	金	14	yī	yī	iridium (element 77
銦	167	金	14	yīn	yīn	indium (element 49
銧	167	金	14	guāng	guāng	point of a sword
銨	167	金	14	ǎn	ǎn	ammonium
銩	167	金	14	diū	diū	thulium (element 69
銪	167	金	14	yǒu	yǒu	europium (element 63
銫	167	金	14	sè	sè	caesium/cesium (element 55
銬	167	金	14	kào	kào	shackles
銭	167	金	14	qián	qián	money
銮	167	金	14	luán	luán	bells hung on horse
銯	167	金	14	sī	sī	
銰	167	金	14	āi	āi	
銱	167	金	14	diào	diào	hasp and staple
銲	167	金	15	hàn	hàn	solder
銳	167	金	15	ruì	ruì	sharp
銴	167	金	15	shì	shì	
銵	167	金	15	kēng	kēng	
銶	167	金	15	qiú	qiú	chisel
銷	167	金	15	xiāo	xiāo	melt
銸	167	金	15	zhé	zhé	
銹	167	金	15	xiù	xiù	rust
銺	167	金	15	zàng	zàng	
銻	167	金	15	tí	tí	antimony (element 51
銼	167	金	15	cuò	cuò	carpenter's file
銽	167	金	15	guā	guā	
銾	167	金	15	hòng	hòng	mercury (element 80
銿	167	金	15	zhōng	zhōng	
鋀	167	金	15	tōu	tōu	
鋁	167	金	14	lǚ	lǚ	aluminium/aluminum (element 13
鋂	167	金	15	méi	méi	bit cup
鋃	167	金	15	láng	láng	lock
鋄	167	金	15	wàn	wàn	
鋅	167	金	15	xīn	xīn	zinc (element 30
鋆	167	金	15	yún	yún	gold
鋇	167	金	15	bèi	bèi	barium (element 56
鋈	167	金	15	wù	wù	silver plating
鋉	167	金	15	sù	sù	
鋊	167	金	15	yù	yù	a poker
鋋	167	金	14	chán	chán	short
鋌	167	金	14	dìng	dìng	ingots
鋍	167	金	15	bó	bó	
鋎	167	金	15	hàn	hàn	
鋏	167	金	15	jiá	jiá	tongs
鋐	167	金	15	hóng	hóng	state in today's Hubei province
鋑	167	金	15	cuān	cuān	to engrave or carve
鋒	167	金	15	fēng	fēng	point of spear
鋓	167	金	15	chān	chān	
鋔	167	金	15	wǎn	wǎn	
鋕	167	金	15	zhì	zhì	engrave
鋖	167	金	15	sī	sī	
鋗	167	金	15	xuān	xuān	a small basin
鋘	167	金	15	huá	huá	sword
鋙	167	金	15	yǔ	yǔ	misfit
鋚	167	金	15	tiáo	tiáo	iron
鋛	167	金	15	kuàng	kuàng	
鋜	167	金	15	zhuó	zhuó	fetters
鋝	167	金	15	lüè	lüè	ancient unit of measure equal to 6 taels (about 300 grams)
鋞	167	金	15	xíng	xíng	
鋟	167	金	15	qǐn	qǐn	carve
鋠	167	金	15	shèn	shèn	
鋡	167	金	15	hán	hán	
鋢	167	金	15	lüè	lüè	
鋣	167	金	14	yé	yé	sword
鋤	167	金	15	chú	chú	hoe
鋥	167	金	15	zèng	zèng	polish
鋦	167	金	15	jū	jū	curium (element 96
鋧	167	金	15	xiàn	xiàn	small chisel
鋨	167	金	15	é	é	an ancient name for iron
鋩	167	金	14	máng	máng	point of a sword
鋪	167	金	15	pù	pù	spread out
鋫	167	金	15	lí	lí	
鋬	167	金	15	pàn	pàn	the part of the utensil that is held by the hand
鋭	167	金	15	ruì	ruì	sharp
鋮	167	金	14	chéng	chéng	person's name
鋯	167	金	15	gào	gào	zirconium (element 40
鋰	167	金	15	lǐ	lǐ	lithium (element 3
鋱	167	金	15	tè	tè	terbium (element 65
鋲	167	金	15	bīng	bīng	rivet
鋳	167	金	15	zhù	zhù	melt
鋴	167	金	15	zhèn	zhèn	
鋵	167	金	15	tū	tū	
鋶	167	金	15	liǔ	liǔ	matte
鋷	167	金	16	zuì	zuì	
鋸	167	金	16	jù	jù	a saw
鋹	167	金	16	chǎng	chǎng	sharp
鋺	167	金	16	yuǎn	yuǎn	a metal bowl
鋻	167	金	16	jiàn	jiàn	
鋼	167	金	16	gāng	gāng/gàng	steel
鋽	167	金	16	diào	diào	
鋾	167	金	16	táo	táo	
鋿	167	金	16	cháng	cháng	
錀	167	金	16	lún	lún	
錁	167	金	16	guǒ	guǒ	ingot
錂	167	金	16	líng	líng	
錃	167	金	16	pī	pī	
錄	167	金	16	lù	lù	copy
錅	167	金	16	lí	lí	
錆	167	金	16	qiāng	qiāng	the color of a mineral
錇	167	金	16	póu	póu	berkelium (element 97
錈	167	金	16	juǎn	juǎn	to bend iron
錉	167	金	16	mín	mín	
錊	167	金	16	zuì	zuì	
錋	167	金	16	péng	péng	
錌	167	金	16	àn	àn	
錍	167	金	16	pī	pī	
錎	167	金	16	xiàn	xiàn	
錏	167	金	16	yā	yā	soft steel
錐	167	金	16	zhuī	zhuī	gimlet
錑	167	金	16	lèi	lèi	
錒	167	金	15	ā	ā	actinium (element 89
錓	167	金	15	kōng	kōng	
錔	167	金	16	tà	tà	cap
錕	167	金	16	kūn	kūn	ancient treasured sword
錖	167	金	16	dú	dú	
錗	167	金	16	nèi	nèi	
錘	167	金	16	chuí	chuí	balance weight on scale
錙	167	金	16	zī	zī	an ancient unit of weight (one-eighth of a tael)
錚	167	金	14	zhēng	zhēng	clanging sound
錛	167	金	16	bēn	bēn	adz
錜	167	金	16	niè	niè	
錝	167	金	16	zòng	zòng	
錞	167	金	16	chún	chún	instrument
錟	167	金	16	tán	tán	long spear
錠	167	金	16	dìng	dìng	spindle
錡	167	金	16	qí	qí	a kind of pen
錢	167	金	16	qián	qián	money
錣	167	金	16	zhuì	zhuì	armor neckplates
錤	167	金	16	jī	jī	hoe
錥	167	金	16	yù	yù	
錦	167	金	16	jǐn	jǐn	brocade
錧	167	金	16	guǎn	guǎn	
錨	167	金	16	máo	máo	anchor
錩	167	金	16	chāng	chāng	vessel
錪	167	金	16	tiǎn	tiǎn	
錫	167	金	16	xī	xī	tin (element 50
錬	167	金	16	liàn	liàn	smelt metals
錭	167	金	16	táo	táo	
錮	167	金	16	gù	gù	run metal into cracks
錯	167	金	16	cuò	cuò	error
錰	167	金	16	shù	shù	
錱	167	金	16	zhēn	zhēn	
録	167	金	16	lù	lù	copy
錳	167	金	16	měng	měng	manganese (element 25
錴	167	金	16	lù	lù	
錵	167	金	15	huā	huā	
錶	167	金	16	biǎo	biǎo	a watch
錷	167	金	16	gá	gá	
錸	167	金	16	lái	lái	rhenium (element 75
錹	167	金	16	kěn	kěn	
錺	167	金	15	fāng	fāng	metal jewelry
錻	167	金	16	bū	bū	a tin plate
錼	167	金	16	nài	nài	neptunium (element 93
錽	167	金	16	wàn	wàn	
錾	167	金	16	zàn	zàn	engraving tool
錿	167	金	16	hǔ	hǔ	
鍀	167	金	16	dé	dé	technetium (element 43
鍁	167	金	16	xiān	xiān	shovel
鍂	167	金	16	piān	piān	
鍃	167	金	16	huō	huō	a kind of tool
鍄	167	金	16	liàng	liàng	
鍅	167	金	16	fǎ	fǎ	
鍆	167	金	16	mén	mén	mendelevium (element 101
鍇	167	金	17	kǎi	kǎi	high quality iron
鍈	167	金	16	yīng	yīng	
鍉	167	金	17	dī	dī	spoon
鍊	167	金	17	liàn	liàn	smelt metals
鍋	167	金	16	guō	guō	cooking-pot
鍌	167	金	17	xiǎn	xiǎn	
鍍	167	金	17	dù	dù	plate
鍎	167	金	17	tú	tú	
鍏	167	金	17	wéi	wéi	
鍐	167	金	17	zōng	zōng	a headstall
鍑	167	金	17	fù	fù	
鍒	167	金	17	róu	róu	
鍓	167	金	17	jí	jí	
鍔	167	金	17	è	è	high
鍕	167	金	17	jūn	jūn	
鍖	167	金	17	chěn	chěn	
鍗	167	金	17	tí	tí	
鍘	167	金	17	zhá	zhá	sickle for cutting grass or hay
鍙	167	金	17	hù	hù	
鍚	167	金	17	yáng	yáng	frontlet
鍛	167	金	17	duàn	duàn	forge metal
鍜	167	金	17	xiá	xiá	to forge
鍝	167	金	17	yú	yú	
鍞	167	金	17	kēng	kēng	
鍟	167	金	17	shēng	shēng	(Cant.) rust
鍠	167	金	17	huáng	huáng	weapon
鍡	167	金	17	wěi	wěi	
鍢	167	金	17	fù	fù	
鍣	167	金	16	zhāo	zhāo	
鍤	167	金	17	chā	chā	spade
鍥	167	金	17	qiè	qiè	sickle
鍦	167	金	17	shī	shī	
鍧	167	金	17	hōng	hōng	
鍨	167	金	17	kuí	kuí	
鍩	167	金	16	tiǎn	tiǎn	nobelium (element 102
鍪	167	金	17	móu	móu	an iron pan
鍫	167	金	17	qiāo	qiāo	shovel
鍬	167	金	17	qiāo	qiāo	shovel
鍭	167	金	17	hóu	hóu	arrow
鍮	167	金	17	tōu	tōu	brass
鍯	167	金	17	cōng	cōng	
鍰	167	金	17	huán	huán	measure
鍱	167	金	17	yè	yè	thin plates of metal
鍲	167	金	17	mín	mín	
鍳	167	金	17	jiàn	jiàn	
鍴	167	金	17	duān	duān	
鍵	167	金	16	jiàn	jiàn	door bolt
鍶	167	金	17	sōng	sōng	strontium (element 38
鍷	167	金	17	kuí	kuí	
鍸	167	金	17	hú	hú	food
鍹	167	金	17	xuān	xuān	
鍺	167	金	16	zhě	zhě	germanium (element 32
鍻	167	金	17	jié	jié	
鍼	167	金	17	zhēn	zhēn	needle
鍽	167	金	17	biān	biān	
鍾	167	金	17	zhōng	zhōng	cup
鍿	167	金	17	zī	zī	
鎀	167	金	17	xiū	xiū	
鎁	167	金	16	yé	yé	
鎂	167	金	17	měi	měi	magnesium (element 12
鎃	167	金	17	pài	pài	
鎄	167	金	17	āi	āi	einsteinium (element 99
鎅	167	金	17	jiè	jiè	(Cant.) to saw
鎆	167	金	17	jiǎn	jiǎn	
鎇	167	金	17	méi	méi	americium (element 95
鎈	167	金	17	suǒ	suǒ	
鎉	167	金	18	dá	dá	thallium (element 81
鎊	167	金	18	bàng	bàng	pound sterling
鎋	167	金	18	xiá	xiá	the linch-pin of a wheel to govern or control the noise of a barrow
鎌	167	金	18	lián	lián	sickle
鎍	167	金	18	suǒ	suǒ	chain
鎎	167	金	18	kài	kài	
鎏	167	金	18	liú	liú	pure gold
鎐	167	金	18	yáo	yáo	family name
鎑	167	金	18	yè	yè	
鎒	167	金	18	nòu	nòu	to hoe
鎓	167	金	18	wēng	wēng	
鎔	167	金	18	róng	róng	fuse
鎕	167	金	18	táng	táng	
鎖	167	金	18	suǒ	suǒ	lock
鎗	167	金	18	qiāng	qiāng	rifle
鎘	167	金	18	lì	lì	cadmium (element 48
鎙	167	金	18	shuò	shuò	large spear
鎚	167	金	17	chuí	chuí	hammer
鎛	167	金	18	bó	bó	large bell
鎜	167	金	18	pán	pán	
鎝	167	金	17	dā	dā	(TC) technetium (element 43
鎞	167	金	18	bī	bī	plowshare
鎟	167	金	18	sǎng	sǎng	
鎠	167	金	18	gāng	gāng	
鎡	167	金	17	zī	zī	hoe
鎢	167	金	18	wū	wū	tungsten (element 74
鎣	167	金	18	yíng	yíng	polish
鎤	167	金	18	huàng	huàng	sound of a bell
鎥	167	金	18	tiáo	tiáo	
鎦	167	金	18	liú	liú	distil
鎧	167	金	18	kǎi	kǎi	armor
鎨	167	金	18	sǔn	sǔn	
鎩	167	金	18	shā	shā	to spear
鎪	167	金	17	sōu	sōu	to engrave (metal or wood)
鎫	167	金	18	wàn	wàn	ornament over the horse's head
鎬	167	金	18	hào	hào	stove
鎭	167	金	18	zhèn	zhèn	town
鎮	167	金	18	zhèn	zhèn	town
鎯	167	金	16	láng	láng	large hammer
鎰	167	金	18	yì	yì	ancient of weight for gold
鎱	167	金	18	yuán	yuán	
鎲	167	金	18	tǎng	tǎng	ancient weapon resembling a pitchfork
鎳	167	金	18	niè	niè	nickel (element 28
鎴	167	金	18	xí	xí	
鎵	167	金	18	jiā	jiā	gallium (element 31
鎶	167	金	18	gē	gē	copernicium (element 112
鎷	167	金	18	mǎ	mǎ	
鎸	167	金	18	juān	juān	engraving tool
鎹	167	金	17	sòng	sòng	a clamp
鎺	167	金	17	zǔ	zǔ	
鎻	167	金	18	suǒ	suǒ	lock
鎼	167	金	18	xià	xià	
鎽	167	金	18	fēng	fēng	
鎾	167	金	17	wēn	wēn	
鎿	167	金	18	ná	ná	(HK) neptunium (element 93
鏀	167	金	19	lǔ	lǔ	
鏁	167	金	19	suǒ	suǒ	a lock
鏂	167	金	19	ōu	ōu	
鏃	167	金	19	zú	zú	arrowhead
鏄	167	金	19	tuán	tuán	
鏅	167	金	18	xiū	xiū	
鏆	167	金	19	guàn	guàn	
鏇	167	金	19	xuàn	xuàn	lathe
鏈	167	金	18	liàn	liàn	chain
鏉	167	金	19	shòu	shòu	
鏊	167	金	18	ào	ào	a flat
鏋	167	金	19	mǎn	mǎn	
鏌	167	金	18	mò	mò	sword
鏍	167	金	19	luó	luó	
鏎	167	金	18	bì	bì	
鏏	167	金	19	wèi	wèi	
鏐	167	金	19	liú	liú	pure gold
鏑	167	金	19	dí	dí	dysprosium (element 66
鏒	167	金	19	sǎn	sǎn	
鏓	167	金	19	zǒng	zǒng	
鏔	167	金	19	yí	yí	
鏕	167	金	19	lù	lù	
鏖	167	金	19	áo	áo	to fight to the end
鏗	167	金	19	kēng	kēng	strike
鏘	167	金	19	qiāng	qiāng	tinkle
鏙	167	金	19	cuī	cuī	
鏚	167	金	19	qī	qī	axe
鏛	167	金	19	cháng	cháng	to polish
鏜	167	金	19	tāng	tāng	boring tool
鏝	167	金	19	màn	màn	trowel
鏞	167	金	19	yōng	yōng	a large bell used as a musical instrument
鏟	167	金	19	chǎn	chǎn	spade
鏠	167	金	18	fēng	fēng	
鏡	167	金	19	jìng	jìng	mirror
鏢	167	金	19	biāo	biāo	dart
鏣	167	金	19	shù	shù	
鏤	167	金	19	lòu	lòu	carve
鏥	167	金	19	xiù	xiù	rust
鏦	167	金	19	cōng	cōng	a short spear
鏧	167	金	19	lóng	lóng	
鏨	167	金	19	zàn	zàn	engraving tool
鏩	167	金	19	jiàn	jiàn	
鏪	167	金	19	cáo	cáo	
鏫	167	金	19	lí	lí	
鏬	167	金	19	xià	xià	
鏭	167	金	19	xī	xī	
鏮	167	金	19	kāng	kāng	
鏯	167	金	19	shuǎng	shuǎng	
鏰	167	金	19	bèng	bèng	coin
鏱	167	金	19	jǐn	jǐn	
鏲	167	金	19	qiān	qiān	
鏳	167	金	20	chēng	chēng	
鏴	167	金	21	lù	lù	to plug a hole
鏵	167	金	18	huá	huá	spade
鏶	167	金	20	jí	jí	
鏷	167	金	20	pú	pú	protactinium (element 91
鏸	167	金	20	huì	huì	
鏹	167	金	20	qiǎng	qiǎng	coins
鏺	167	金	20	pō	pō	to cut with a sickle
鏻	167	金	20	lín	lín	phosphonium
鏼	167	金	20	sè	sè	
鏽	167	金	21	xiù	xiù	rust
鏾	167	金	20	sǎn	sǎn	the trigger of a crossbow
鏿	167	金	20	chēng	chēng	
鐀	167	金	20	kuì	kuì	a cupboard
鐁	167	金	20	sī	sī	
鐂	167	金	20	liú	liú	
鐃	167	金	20	náo	náo	cymbals
鐄	167	金	19	huáng	huáng	bell
鐅	167	金	19	piě	piě	
鐆	167	金	19	suì	suì	a lens
鐇	167	金	20	fán	fán	vanadium (element 23
鐈	167	金	20	qiáo	qiáo	
鐉	167	金	20	quān	quān	
鐊	167	金	19	yáng	yáng	
鐋	167	金	20	tāng	tāng	gong
鐌	167	金	19	xiàng	xiàng	
鐍	167	金	20	jué	jué	hasp of a lock
鐎	167	金	20	jiāo	jiāo	
鐏	167	金	20	zūn	zūn	cap
鐐	167	金	20	liáo	liáo	fetters
鐑	167	金	20	qiè	qiè	
鐒	167	金	20	láo	láo	lawrencium (element 103
鐓	167	金	20	duì	duì	ferrule
鐔	167	金	20	xín	xín	dagger
鐕	167	金	20	zān	zān	
鐖	167	金	20	jī	jī	hook
鐗	167	金	20	jiǎn	jiǎn	
鐘	167	金	20	zhōng	zhōng	clock
鐙	167	金	20	dèng	dèng	lamp
鐚	167	金	20	yā	yā	soft steel
鐛	167	金	20	yǐng	yǐng	
鐜	167	金	20	duī	duī	
鐝	167	金	20	jué	jué	a pick
鐞	167	金	20	nòu	nòu	
鐟	167	金	20	zān	zān	
鐠	167	金	20	pǔ	pǔ	praseodymium (element 59
鐡	167	金	20	tiě	tiě	iron
鐢	167	金	20	fán	fán	
鐣	167	金	20	chēng	chēng	
鐤	167	金	20	dǐng	dǐng	huge tripod of bronze with two ears
鐥	167	金	20	shàn	shàn	to swing a sickle to cut (grass or wheat)
鐦	167	金	20	kāi	kāi	californium (element 98
鐧	167	金	20	jiān	jiān	kind of rapier
鐨	167	金	20	fèi	fèi	fermium (element 100
鐩	167	金	20	suì	suì	lens
鐪	167	金	21	lǔ	lǔ	
鐫	167	金	20	juān	juān	engraving tool
鐬	167	金	21	huì	huì	
鐭	167	金	20	yù	yù	
鐮	167	金	21	lián	lián	sickle
鐯	167	金	19	zhuó	zhuó	to dig with a hoe
鐰	167	金	21	qiāo	qiāo	
鐱	167	金	21	jiàn	jiàn	
鐲	167	金	21	zhuó	zhuó	bracelet
鐳	167	金	21	léi	léi	radium (element 88
鐴	167	金	21	bì	bì	
鐵	167	金	21	tiě	tiě	iron (element 26
鐶	167	金	21	huán	huán	metal ring
鐷	167	金	20	yè	yè	
鐸	167	金	21	duó	duó	bell
鐹	167	金	19	guǒ	guǒ	
鐺	167	金	21	dāng	chēng/dāng	frying pan
鐻	167	金	21	jù	jù	drumstick
鐼	167	金	20	fén	fén	
鐽	167	金	20	dá	dá	
鐾	167	金	21	bèi	bèi	to strop
鐿	167	金	21	yì	yì	ytterbium (element 70
鑀	167	金	21	ài	ài	ionium
鑁	167	金	21	zōng	zōng	
鑂	167	金	22	xùn	xùn	
鑃	167	金	22	diào	diào	
鑄	167	金	22	zhù	zhù	melt
鑅	167	金	22	héng	héng	
鑆	167	金	22	zhuì	zhuì	
鑇	167	金	22	jī	jī	
鑈	167	金	22	niè	niè	straight
鑉	167	金	21	hé	hé	
鑊	167	金	21	huò	huò	cauldron
鑋	167	金	22	qīng	qīng	
鑌	167	金	22	bīn	bīn	high quality iron
鑍	167	金	22	yīng	yīng	
鑎	167	金	22	kuì	kuì	
鑏	167	金	22	níng	níng	
鑐	167	金	22	xū	xū	bolt of a Chinese lock
鑑	167	金	22	jiàn	jiàn	mirror
鑒	167	金	22	jiàn	jiàn	mirror
鑓	167	金	21	qiǎn	qiǎn	spear
鑔	167	金	22	chǎ	chǎ	cymbals
鑕	167	金	23	zhì	zhì	chopping block
鑖	167	金	22	miè	miè	
鑗	167	金	23	lí	lí	
鑘	167	金	23	léi	léi	
鑙	167	金	23	jī	jī	
鑚	167	金	23	zuàn	zuàn	drill
鑛	167	金	22	kuàng	kuàng	mine
鑜	167	金	23	shǎng	shǎng	
鑝	167	金	21	péng	péng	
鑞	167	金	23	là	là	solder
鑟	167	金	23	dú	dú	
鑠	167	金	23	shuò	shuò	melt
鑡	167	金	23	chuò	chuò	
鑢	167	金	23	lǜ	lǜ	file
鑣	167	金	23	biāo	biāo	bit
鑤	167	金	23	bào	bào	carpenter's plane
鑥	167	金	23	lǔ	lǔ	lutetium (element 71
鑦	167	金	23	xián	xián	
鑧	167	金	22	kuān	kuān	
鑨	167	金	24	lóng	lóng	
鑩	167	金	24	è	è	
鑪	167	金	24	lú	lú	fireplace
鑫	167	金	24	xīn	xīn	used in names
鑬	167	金	24	jiàn	jiàn	
鑭	167	金	25	làn	làn	lanthanum (element 57
鑮	167	金	24	bó	bó	
鑯	167	金	25	jiān	jiān	
鑰	167	金	25	yào	yào/yuè	key
鑱	167	金	25	chán	chán	spade
鑲	167	金	25	xiāng	xiāng	insert
鑳	167	金	25	jiàn	jiàn	
鑴	167	金	26	xī	xī	to engrave or carve
鑵	167	金	25	guàn	guàn	jar
鑶	167	金	25	cáng	cáng	
鑷	167	金	26	niè	niè	tweezers
鑸	167	金	26	lěi	lěi	
鑹	167	金	26	cuān	cuān	pick
鑺	167	金	26	qú	qú	
鑻	167	金	27	pàn	pàn	
鑼	167	金	27	luó	luó	gong
鑽	167	金	27	zuān	zuān/zuàn	drill
鑾	167	金	27	luán	luán	small tinkling bell
鑿	167	金	28	záo	záo/zuò	chisel
钀	167	金	28	niè	niè	
钁	167	金	28	jué	jué	a mattock
钂	167	金	28	tǎng	tǎng	an ancient weapon resembling a pitchfork
钃	167	金	29	zhú	zhú	
钄	167	金	28	lán	lán	
钅	167'	钅	5	jīn	jīn	gold
钆	167'	钅	6	gá	gá	gadolinium (element 64
钇	167'	钅	6	yǐ	yǐ	yttrium (element 39
针	167'	钅	7	zhēn	zhēn	needle
钉	167'	钅	7	dīng	dīng/dìng	nail
钊	167'	钅	7	zhāo	zhāo	endeavor
钋	167'	钅	7	pō	pō	polonium (element 84
钌	167'	钅	7	liǎo	liǎo/liào	ruthenium (element 44
钍	167'	钅	8	tǔ	tǔ	thorium (element 90
钎	167'	钅	8	qiān	qiān	tool for boring holes
钏	167'	钅	8	chuàn	chuàn	bracelet
钐	167'	钅	8	shān	shān/shàn	samarium (element 62
钑	167'	钅	8	sà	sà	spear
钒	167'	钅	8	fán	fán	vanadium (element 23
钓	167'	钅	8	diào	diào	fish
钔	167'	钅	8	mén	mén	mendelevium (Md)
钕	167'	钅	8	nǚ	nǚ	neodymium (element 60
钖	167'	钅	8	yáng	yáng	frontlet
钗	167'	钅	8	chāi	chāi	ornamental hairpin
钘	167'	钅	9	xíng	xíng	ancient wine vessel
钙	167'	钅	9	gài	gài	calcium (element 20
钚	167'	钅	9	bù	bù	plutonium (element 94
钛	167'	钅	9	tài	tài	titanium (element 22
钜	167'	钅	9	jù	jù	steel
钝	167'	钅	9	dùn	dùn	blunt
钞	167'	钅	9	chāo	chāo	paper money
钟	167'	钅	9	zhōng	zhōng	clock
钠	167'	钅	9	nà	nà	sodium
钡	167'	钅	9	bèi	bèi	barium (element 56
钢	167'	钅	9	gāng	gāng/gàng	steel
钣	167'	钅	9	bǎn	bǎn	plate
钤	167'	钅	9	qián	qián	lock
钥	167'	钅	9	yào	yào/yuè	key
钦	167'	钅	9	qīn	qīn	respect
钧	167'	钅	9	jūn	jūn	unit of measure equivalent to thirty catties
钨	167'	钅	9	wū	wū	tungsten (W)
钩	167'	钅	9	gōu	gōu	hook
钪	167'	钅	9	kàng	kàng	scandium (element 21
钫	167'	钅	9	fāng	fāng	francium (element 87
钬	167'	钅	9	huǒ	huǒ	holmium (element 67
钭	167'	钅	9	dǒu	dǒu	a wine flagon
钮	167'	钅	9	niǔ	niǔ	button
钯	167'	钅	9	bǎ	bǎ	palladium (element 46
钰	167'	钅	10	yù	yù	rare treasure
钱	167'	钅	10	qián	qián	money
钲	167'	钅	10	zhēng	zhēng	kind of gong used in ancient times by troops on the march
钳	167'	钅	10	qián	qián	pincers
钴	167'	钅	10	gǔ	gǔ	cobalt
钵	167'	钅	10	bō	bō	earthenware basin
钶	167'	钅	10	kē	kē	columbium
钷	167'	钅	10	pǒ	pǒ	promethium (element 61
钸	167'	钅	10	bū	bū	plutonium (element 94
钹	167'	钅	10	bó	bó	cymbals
钺	167'	钅	10	yuè	yuè	broad-axe
钻	167'	钅	10	zuān	zuān/zuàn	drill
钼	167'	钅	10	mù	mù	molybdenum (element 42
钽	167'	钅	10	tǎn	tǎn	tantalum (element 73
钾	167'	钅	10	jiǎ	jiǎ	potassium (element 19
钿	167'	钅	10	diàn	diàn	hairpin
铀	167'	钅	10	yóu	yóu	uranium (element 92
铁	167'	钅	10	tiě	tiě	iron
铂	167'	钅	10	bó	bó	platinum
铃	167'	钅	10	líng	líng	bell
铄	167'	钅	10	shuò	shuò	melt
铅	167'	钅	10	qiān	qiān/yán	lead (element 82
铆	167'	钅	10	mǎo	mǎo	rivet
铇	167'	钅	10	bào	bào	carpenter's plane
铈	167'	钅	10	shì	shì	cerium (element 58
铉	167'	钅	10	xuàn	xuàn	device for carrying a tripod
铊	167'	钅	10	tā	tā/tuó	thallium (element 81
铋	167'	钅	10	bì	bì	bismuth (element 83
铌	167'	钅	10	ní	ní	niobium (element 41
铍	167'	钅	10	pí	pí	beryllium (element 4
铎	167'	钅	10	duó	duó	bell
铏	167'	钅	11	xíng	xíng	sacrificial cauldron
铐	167'	钅	11	kào	kào	shackles
铑	167'	钅	11	lǎo	lǎo	rhodium (element 45
铒	167'	钅	11	ěr	ěr	erbium (element 68
铓	167'	钅	11	máng	máng	point of sword
铔	167'	钅	11	yā	yā	soft steel
铕	167'	钅	11	yǒu	yǒu	europium (element 63
铖	167'	钅	11	chéng	chéng	person's name
铗	167'	钅	11	jiá	jiá	tongs
铘	167'	钅	11	yé	yé	sword
铙	167'	钅	11	náo	náo	cymbals
铚	167'	钅	11	zhì	zhì	a sickle
铛	167'	钅	11	dāng	chēng/dāng	frying pan
铜	167'	钅	11	tóng	tóng	copper
铝	167'	钅	11	lǚ	lǚ	aluminium/aluminum (element 13
铞	167'	钅	11	diào	diào	hasp and staple
铟	167'	钅	11	yīn	yīn	indium (element 49
铠	167'	钅	11	kǎi	kǎi	armor
铡	167'	钅	11	zhá	zhá	sickle for cutting grass or hay
铢	167'	钅	11	zhū	zhū	unit of weight
铣	167'	钅	11	xǐ	xǐ	mill
铤	167'	钅	11	tǐng	tǐng	ingots
铥	167'	钅	11	diū	diū	thulium (element 69
铦	167'	钅	11	xiān	xiān	sharp
铧	167'	钅	11	huá	huá	spade
铨	167'	钅	11	quán	quán	weigh
铩	167'	钅	11	shā	shā	moult
铪	167'	钅	11	hā	hā	hafnium (element 72
铫	167'	钅	11	diào	diào/yáo	large hoe
铬	167'	钅	11	gè	gè	chromium (element 24
铭	167'	钅	11	míng	míng	inscribe
铮	167'	钅	11	zhēng	zhēng	clanging sound
铯	167'	钅	11	sè	sè	caesium/cesium (element 55
铰	167'	钅	11	jiǎo	jiǎo	hinge
铱	167'	钅	11	yī	yī	iridium (element 77
铲	167'	钅	11	chǎn	chǎn	spade
铳	167'	钅	11	chòng	chòng	ancient weapon
铴	167'	钅	11	tāng	tāng	gong
铵	167'	钅	11	ǎn	ǎn	ammonium
银	167'	钅	11	yín	yín	silver
铷	167'	钅	11	rú	rú	rubidium (element 37
铸	167'	钅	12	zhù	zhù	melt
铹	167'	钅	12	láo	láo	lawrencium (element 103
铺	167'	钅	12	pù	pū/pù	shop
铻	167'	钅	12	wú	wú	misfit
铼	167'	钅	12	lái	lái	rhenium (element 75
铽	167'	钅	12	tè	tè	terbium (element 65
链	167'	钅	12	liàn	liàn	chain
铿	167'	钅	12	kēng	kēng	strike
销	167'	钅	12	xiāo	xiāo	melt
锁	167'	钅	12	suǒ	suǒ	lock
锂	167'	钅	12	lǐ	lǐ	lithium (element 3
锃	167'	钅	12	zèng	zèng	polish
锄	167'	钅	12	chú	chú	hoe
锅	167'	钅	12	guō	guō	cooking-pot
锆	167'	钅	12	gào	gào	zirconium (element 40
锇	167'	钅	12	é	é	osmium (element 76
锈	167'	钅	12	xiù	xiù	rust
锉	167'	钅	12	cuò	cuò	carpenter's file
锊	167'	钅	12	lüè	lüè	ancient unit of measure equal to 6 taels (about 300 grams)
锋	167'	钅	12	fēng	fēng	point of spear
锌	167'	钅	12	xīn	xīn	zinc (element 30
锍	167'	钅	12	liǔ	liǔ	matte
锎	167'	钅	12	kāi	kāi	californium (element 98
锏	167'	钅	12	jiǎn	jiǎn	kind of rapier
锐	167'	钅	12	ruì	ruì	sharp
锑	167'	钅	12	tī	tī	antimony (element 51
锒	167'	钅	12	láng	láng	lock
锓	167'	钅	12	qǐn	qǐn	carve
锔	167'	钅	12	jū	jū/jú	curium (element 96
锕	167'	钅	12	ā	ā	actinium (Ac)
锖	167'	钅	13	qiāng	qiāng	the color of the a mineral
锗	167'	钅	13	zhě	zhě	germanium (element 32
锘	167'	钅	13	nuò	nuò	nobelium (No)
错	167'	钅	13	cuò	cuò	error
锚	167'	钅	13	máo	máo	anchor
锛	167'	钅	13	bēn	bēn	adze
锜	167'	钅	13	qí	qí	a kind of pen
锝	167'	钅	13	dé	dé	technetium (element 43
锞	167'	钅	13	kè	kè	ingot
锟	167'	钅	13	kūn	kūn	ancient treasured sword
锠	167'	钅	13	chāng	chāng	vessel
锡	167'	钅	13	xī	xī	tin
锢	167'	钅	13	gù	gù	run metal into cracks
锣	167'	钅	13	luó	luó	gong
锤	167'	钅	13	chuí	chuí	balance weight on scale
锥	167'	钅	13	zhuī	zhuī	gimlet
锦	167'	钅	13	jǐn	jǐn	brocade
锧	167'	钅	13	zhì	zhì	chopping block
锨	167'	钅	13	xiān	xiān	shovel
锩	167'	钅	13	juǎn	juǎn	to bend iron
锪	167'	钅	13	huō	huō	a kind of tool
锫	167'	钅	13	péi	péi	berkelium (element 97
锬	167'	钅	13	tán	tán	long spear
锭	167'	钅	13	dìng	dìng	spindle
键	167'	钅	13	jiàn	jiàn	door bolt
锯	167'	钅	13	jù	jù	a saw
锰	167'	钅	13	měng	měng	manganese (element 25
锱	167'	钅	13	zī	zī	an ancient unit of weight (one-eighth of a tael)
锲	167'	钅	14	qiè	qiè	sickle
锳	167'	钅	13	yīng	yīng	
锴	167'	钅	14	kǎi	kǎi	high quality iron
锵	167'	钅	14	qiāng	qiāng	tinkle
锶	167'	钅	14	sī	sī	strontium (element 38
锷	167'	钅	14	è	è	high
锸	167'	钅	14	chā	chā	spade
锹	167'	钅	14	qiāo	qiāo	shovel
锺	167'	钅	14	zhōng	zhōng	cup
锻	167'	钅	14	duàn	duàn	forge metal
锼	167'	钅	14	sōu	sōu	to engrave (metal or wood)
锽	167'	钅	14	huáng	huáng	weapon
锾	167'	钅	14	huán	huán	measure
锿	167'	钅	14	āi	āi	einsteinium (element 99
镀	167'	钅	14	dù	dù	plate
镁	167'	钅	14	měi	měi	magnesium (element 12
镂	167'	钅	14	lòu	lòu	carve
镃	167'	钅	14	zī	zī	hoe
镄	167'	钅	14	fèi	fèi	fermium (element 100
镅	167'	钅	14	méi	méi	americium (element 95
镆	167'	钅	15	mò	mò	sword
镇	167'	钅	15	zhèn	zhèn	town
镈	167'	钅	15	bó	bó	large bell
镉	167'	钅	15	gé	gé	cadmium (element 48
镊	167'	钅	15	niè	niè	tweezers
镋	167'	钅	15	tǎng	tǎng	ancient weapon resembling a pitchfork
镌	167'	钅	15	juān	juān	engraving tool
镍	167'	钅	15	niè	niè	nickel (element 28
镎	167'	钅	15	ná	ná	(SC) neptunium (element 93
镏	167'	钅	15	liú	liú/liù	distil
镐	167'	钅	15	gǎo	gǎo	stove
镑	167'	钅	15	bàng	bàng	pound sterling
镒	167'	钅	15	yì	yì	measure of weight for gold
镓	167'	钅	15	jiā	jiā	gallium (element 31
镔	167'	钅	15	bīn	bīn	high quality iron
镕	167'	钅	15	róng	róng	fuse
镖	167'	钅	16	biāo	biāo	dart
镗	167'	钅	16	tāng	tāng/táng	boring tool
镘	167'	钅	16	màn	màn	trowel
镙	167'	钅	16	luó	luó	
镚	167'	钅	16	bèng	bèng	small coin
镛	167'	钅	16	yōng	yōng	large bell used as musical instrument
镜	167'	钅	16	jìng	jìng	mirror
镝	167'	钅	16	dī	dī	dysprosium (element 66
镞	167'	钅	16	zú	zú	arrowhead
镟	167'	钅	16	xuàn	xuàn	lathe
镠	167'	钅	16	liú	liú	pure gold
镡	167'	钅	17	chán	chán/tán	dagger
镢	167'	钅	17	jué	jué	hoe
镣	167'	钅	17	liào	liào	fetters
镤	167'	钅	17	pú	pú	protactinium (Pa)
镥	167'	钅	17	lǔ	lǔ	lutetium (element 71
镦	167'	钅	17	dūn	dūn	ferrule
镧	167'	钅	17	lán	lán	lanthanum (element 57
镨	167'	钅	17	pǔ	pǔ	praseodymium (element 59
镩	167'	钅	17	cuān	cuān	pick
镪	167'	钅	17	qiāng	qiāng	coins
镫	167'	钅	17	dèng	dèng	lamp
镬	167'	钅	18	huò	huò	cauldron
镭	167'	钅	18	léi	léi	radium (element 88
镮	167'	钅	18	huán	huán	metal ring
镯	167'	钅	18	zhuó	zhuó	bracelet
镰	167'	钅	18	lián	lián	sickle
镱	167'	钅	18	yì	yì	ytterbium (element 70
镲	167'	钅	19	chǎ	chǎ	cymbals
镳	167'	钅	20	biāo	biāo	bit
镴	167'	钅	20	là	là	solder
镵	167'	钅	22	chán	chán	spade
镶	167'	钅	22	xiāng	xiāng	insert
長	168	長	8	zhǎng	cháng/zhǎng	long
镸	168	長	7	cháng	cháng	long
镹	168	長	10	jiǔ	jiǔ	
镺	168	長	11	ǎo	ǎo	
镻	168	長	12	dié	dié	
镼	168	長	15	qū	qū	
镽	168	長	19	liǎo	liǎo	
镾	168	長	21	mí	mí	
长	168'	长	4	zhǎng	cháng/zhǎng	long
門	169	門	8	mén	mén	gate
閁	169	門	9	mà	mà	
閂	169	門	9	shuān	shuān	bolt
閃	169	門	10	shǎn	shǎn	flash
閄	169	門	10	huò	huò	
閅	169	門	10	mén	mén	
閆	169	門	11	yán	yán	village gate
閇	169	門	11	bì	bì	shut
閈	169	門	11	hàn	hàn	village
閉	169	門	11	bì	bì	shut
閊	169	門	11	shān	shān	to be obstructed
開	169	門	12	kāi	kāi	open
閌	169	門	12	kàng	kàng	door
閍	169	門	12	bēng	bēng	
閎	169	門	12	hóng	hóng	gate
閏	169	門	12	rùn	rùn	intercalary
閐	169	門	12	sàn	sàn	
閑	169	門	12	xián	xián	fence
閒	169	門	12	xián	jiān/jiàn/xián	leisure
間	169	門	12	jiān	jiān	interval
閔	169	門	12	mǐn	mǐn	mourn
閕	169	門	12	xiā	xiā	
閖	169	門	12	shuǐ	shuǐ	(J) flower name
閗	169	門	12	dòu	dòu	
閘	169	門	13	zhá	zhá	sluice
閙	169	門	13	nào	nào	quarrel
閚	169	門	13	zhān	zhān	
閛	169	門	13	pēng	pēng	
閜	169	門	13	xiǎ	xiǎ	
閝	169	門	13	líng	líng	
閞	169	門	13	biàn	biàn	
閟	169	門	13	bì	bì	hide
閠	169	門	13	rùn	rùn	intercalary
閡	169	門	14	ài	ài	blocked or separated
関	169	門	14	guān	guān	frontier pass
閣	169	門	14	gé	gé	chamber
閤	169	門	14	gé	gé	small side door
閥	169	門	14	fá	fá	powerful and influential group
閦	169	門	14	chù	chù	crowd
閧	169	門	14	hòng	hòng	boisterous
閨	169	門	14	guī	guī	small entrance
閩	169	門	14	mǐn	mǐn	Fujian province
閪	169	門	14	sē	sē	to lose lost item
閫	169	門	15	kǔn	kǔn	threshold
閬	169	門	15	làng	làng	high door
閭	169	門	14	lǘ	lǘ	village of twenty-five families
閮	169	門	14	tíng	tíng	
閯	169	門	15	shà	shà	
閰	169	門	14	jú	jú	
閱	169	門	15	yuè	yuè	examine
閲	169	門	15	yuè	yuè	examine
閳	169	門	15	chǎn	chǎn	
閴	169	門	15	qù	qù	quiet
閵	169	門	16	lìn	lìn	
閶	169	門	16	chāng	chāng	gate of heaven
閷	169	門	16	shài	shài	
閸	169	門	16	kǔn	kǔn	
閹	169	門	16	yān	yān	castrate
閺	169	門	16	wén	wén	
閻	169	門	16	yán	yán	village gate
閼	169	門	16	è	è	block
閽	169	門	16	hūn	hūn	gatekeeper
閾	169	門	16	yù	yù	threshold
閿	169	門	16	wén	wén	name of a district in Henan province
闀	169	門	17	hòng	hòng	
闁	169	門	16	bāo	bāo	
闂	169	門	16	hòng	hòng	
闃	169	門	17	qù	qù	alone
闄	169	門	17	yǎo	yǎo	
闅	169	門	17	wén	wén	
闆	169	門	17	bǎn	bǎn	boss
闇	169	門	17	àn	àn	close
闈	169	門	17	wéi	wéi	gate
闉	169	門	17	yīn	yīn	curved
闊	169	門	17	kuò	kuò	broad
闋	169	門	17	què	què	close
闌	169	門	17	lán	lán	door screen
闍	169	門	16	dū	dū	tower over city gate
闎	169	門	17	quán	quán	
闏	169	門	17	fēng	fēng	
闐	169	門	18	tián	tián	a place in Xinjiang province
闑	169	門	18	niè	niè	the doorsill
闒	169	門	18	tà	tà	upper-story door or window
闓	169	門	18	kǎi	kǎi	open
闔	169	門	18	hé	hé	close
闕	169	門	18	què	què	watch tower
闖	169	門	18	chuǎng	chuǎng	rush in
闗	169	門	18	guān	guān	a frontier pass or gate to shut or close
闘	169	門	18	dòu	dòu	struggle
闙	169	門	19	qǐ	qǐ	
闚	169	門	19	kuī	kuī	flash
闛	169	門	19	táng	táng	
關	169	門	19	guān	guān	frontier pass
闝	169	門	19	piáo	piáo	patronize prostitutes
闞	169	門	19	kàn	kàn	glance
闟	169	門	20	xì	xì	peacefully
闠	169	門	20	huì	huì	gate of a market
闡	169	門	20	chǎn	chǎn	explain
闢	169	門	21	pì	pī/pì	open
闣	169	門	21	dàng	dàng	
闤	169	門	21	huán	huán	wall around market place
闥	169	門	20	tà	tà	door
闦	169	門	21	wén	wén	
闧	169	門	22	tā	tā	
门	169'	门	3	mén	mén	gate
闩	169'	门	4	shuān	shuān	bolt
闪	169'	门	5	shǎn	shǎn	flash
闫	169'	门	6	yán	yán	village gate
闬	169'	门	6	hàn	hàn	village
闭	169'	门	6	bì	bì	shut
问	169'	门	6	wèn	wèn	ask about
闯	169'	门	6	chuǎng	chuǎng	rush in
闰	169'	门	7	rùn	rùn	intercalary
闱	169'	门	7	wéi	wéi	gate
闲	169'	门	7	xián	xián	fence
闳	169'	门	7	hóng	hóng	gate
间	169'	门	7	jiān	jiān/jiàn	midpoint
闵	169'	门	7	mǐn	mǐn	mourn
闶	169'	门	7	kàng	kàng	door
闷	169'	门	7	mèn	mēn/mèn	gloomy
闸	169'	门	8	zhá	zhá	sluice
闹	169'	门	8	nào	nào	quarrel
闺	169'	门	9	guī	guī	small entrance
闻	169'	门	9	wén	wén	hear
闼	169'	门	9	tà	tà	door
闽	169'	门	9	mǐn	mǐn	fujian province
闾	169'	门	9	lǘ	lǘ	village of twenty-five families
闿	169'	门	9	kǎi	kǎi	open
阀	169'	门	9	fá	fá	powerful and influential group
阁	169'	门	9	gé	gé	chamber
阂	169'	门	9	hé	hé	blocked or separated
阃	169'	门	10	kǔn	kǔn	threshold
阄	169'	门	10	jiū	jiū	lots (to be drawn)
阅	169'	门	10	yuè	yuè	examine
阆	169'	门	10	làng	làng	high door
阇	169'	门	11	dū	dū/shé	a Buddhist high priest
阈	169'	门	11	yù	yù	threshold
阉	169'	门	11	yān	yān	castrate
阊	169'	门	11	chāng	chāng	gate of heaven
阋	169'	门	11	xì	xì	feud
阌	169'	门	11	wén	wén	wen xiang
阍	169'	门	11	hūn	hūn	gatekeeper
阎	169'	门	11	yán	yán	village gate
阏	169'	门	11	yān	yān	block
阐	169'	门	11	chǎn	chǎn	explain
阑	169'	门	12	lán	lán	door screen
阒	169'	门	12	qù	qù	alone
阓	169'	门	12	huì	huì	gate of a market
阔	169'	门	12	kuò	kuò	broad
阕	169'	门	12	què	què	close
阖	169'	门	13	hé	hé	close
阗	169'	门	13	tián	tián	a place in Xinjiang province
阘	169'	门	13	tà	tà	upper-story door or window
阙	169'	门	13	quē	quē/què	watch tower
阚	169'	门	14	kàn	kàn	glance
阛	169'	门	16	huán	huán	wall around market place
阜	170	阜	8	fù	fù	mound
阝	170	阜	3	fù	fù	place
阞	170	阜	5	lè	lè	vein
队	170	阜	4	duì	duì	team
阠	170	阜	5	xìn	xìn	
阡	170	阜	5	qiān	qiān	footpaths between fields
阢	170	阜	5	wù	wù	the stump of a tree
阣	170	阜	5	gài	gài	
阤	170	阜	5	zhì	zhì	hill
阥	170	阜	6	yīn	yīn	
阦	170	阜	6	yáng	yáng	
阧	170	阜	6	dǒu	dǒu	sloping
阨	170	阜	6	è	è	in distress
阩	170	阜	6	shēng	shēng	
阪	170	阜	6	bǎn	bǎn	hillside farmland
阫	170	阜	6	péi	péi	
阬	170	阜	6	kēng	kēng	pit
阭	170	阜	6	yǔn	yǔn	
阮	170	阜	6	ruǎn	ruǎn	ancient musical instrument: surname
阯	170	阜	6	zhǐ	zhǐ	foundation
阰	170	阜	6	pí	pí	
阱	170	阜	6	jǐng	jǐng	pitfall
防	170	阜	6	fáng	fáng	defend
阳	170	阜	6	yáng	yáng	'male' principle
阴	170	阜	6	yīn	yīn	'female' principle
阵	170	阜	6	zhèn	zhèn	column
阶	170	阜	6	jiē	jiē	stairs
阷	170	阜	7	chēng	chēng	
阸	170	阜	7	è	è	distress
阹	170	阜	7	qū	qū	a pen
阺	170	阜	7	dǐ	dǐ	
阻	170	阜	7	zǔ	zǔ	impede
阼	170	阜	7	zuò	zuò	the steps leading to the eastern door
阽	170	阜	7	diàn	diàn	wall ready to fall
阾	170	阜	8	lǐng	lǐng	
阿	170	阜	7	ā	ā/ē	prefix for people's names
陀	170	阜	7	tuó	tuó	steep bank
陁	170	阜	7	tuó	tuó	a steep bank
陂	170	阜	7	pí	pí	dam
陃	170	阜	7	bǐng	bǐng	particle expressing the idea of repeating or reminding
附	170	阜	7	fù	fù	adhere to
际	170	阜	7	jì	jì	border
陆	170	阜	7	lù	liù/lù	land
陇	170	阜	7	lǒng	lǒng	mountain located between Shanxi
陈	170	阜	7	chén	chén	exhibit
陉	170	阜	7	xíng	xíng	defile
陊	170	阜	8	duò	duò	
陋	170	阜	8	lòu	lòu	narrow
陌	170	阜	8	mò	mò	foot path between rice fields
降	170	阜	8	jiàng	jiàng/xiáng	descend
陎	170	阜	8	shū	shū	
陏	170	阜	8	duò	duò	
限	170	阜	8	xiàn	xiàn	boundary
陑	170	阜	8	ér	ér	
陒	170	阜	8	guǐ	guǐ	
陓	170	阜	8	yū	yū	
陔	170	阜	8	gāi	gāi	a step
陕	170	阜	8	shǎn	shǎn	mountain pass
陖	170	阜	9	jùn	jùn	
陗	170	阜	9	qiào	qiào	a steep hill
陘	170	阜	9	xíng	xíng	defile
陙	170	阜	9	chún	chún	
陚	170	阜	10	fù	fù	
陛	170	阜	9	bì	bì	steps leading throne
陜	170	阜	9	xiá	xiá	narrow
陝	170	阜	9	shǎn	shǎn	mountain pass
陞	170	阜	9	shēng	shēng	promote
陟	170	阜	9	zhì	zhì	climb
陠	170	阜	9	pū	pū	
陡	170	阜	9	dǒu	dǒu	steep
院	170	阜	9	yuàn	yuàn	courtyard
陣	170	阜	9	zhèn	zhèn	column
除	170	阜	9	chú	chú	eliminate
陥	170	阜	9	xiàn	xiàn	submerge
陦	170	阜	9	dǎo	dǎo	
陧	170	阜	9	niè	niè	in disorder
陨	170	阜	9	yǔn	yǔn	fall
险	170	阜	9	xiǎn	xiǎn	narrow pass
陪	170	阜	10	péi	péi	accompany
陫	170	阜	10	fèi	fèi	
陬	170	阜	10	zōu	zōu	corner
陭	170	阜	10	yì	yì	
陮	170	阜	10	duì	duì	
陯	170	阜	10	lún	lún	
陰	170	阜	11	yīn	yīn	the passive
陱	170	阜	10	jū	jū	
陲	170	阜	10	chuí	chuí	frontier
陳	170	阜	10	chén	chén	exhibit
陴	170	阜	10	pí	pí	a parapet on a city wall
陵	170	阜	10	líng	líng	hill
陶	170	阜	10	táo	táo	pottery
陷	170	阜	10	xiàn	xiàn	submerge
陸	170	阜	10	lù	liù/lù	land
陹	170	阜	10	shēng	shēng	
険	170	阜	10	xiǎn	xiǎn	narrow pass
陻	170	阜	11	yīn	yīn	small hill
陼	170	阜	10	zhǔ	zhǔ	islet
陽	170	阜	12	yáng	yáng	the active
陾	170	阜	11	réng	réng	in file
陿	170	阜	11	xiá	xiá	narrow
隀	170	阜	11	chóng	chóng	
隁	170	阜	11	yàn	yàn	
隂	170	阜	12	yīn	yīn	shady
隃	170	阜	11	shù	shù	to exceed
隄	170	阜	11	dī	dī	dike
隅	170	阜	11	yú	yú	corner
隆	170	阜	11	lóng	lóng	prosperous
隇	170	阜	11	wēi	wēi	
隈	170	阜	11	wēi	wēi	cove
隉	170	阜	11	niè	niè	in disorder
隊	170	阜	12	duì	duì	team
隋	170	阜	11	suí	suí	Sui dynasty
隌	170	阜	11	ǎn	ǎn	
隍	170	阜	11	huáng	huáng	dry ditch
階	170	阜	11	jiē	jiē	stairs
随	170	阜	11	suí	suí	follow
隐	170	阜	11	yǐn	yǐn	hide
隑	170	阜	12	gài	gài	
隒	170	阜	12	yǎn	yǎn	the appearance of a mountain
隓	170	阜	12	huī	huī	
隔	170	阜	12	gé	gé	separate
隕	170	阜	12	yǔn	yǔn	fall
隖	170	阜	12	wù	wù	entrenchment
隗	170	阜	11	wěi	wěi	high
隘	170	阜	12	ài	ài	narrow
隙	170	阜	12	xì	xì	crack
隚	170	阜	13	táng	táng	
際	170	阜	14	jì	jì	border
障	170	阜	13	zhàng	zhàng	separate
隝	170	阜	13	dǎo	dǎo	dock
隞	170	阜	12	áo	áo	
隟	170	阜	13	xì	xì	
隠	170	阜	13	yǐn	yǐn	to hide
隡	170	阜	13	sà	sà	
隢	170	阜	14	rǎo	rǎo	
隣	170	阜	14	lín	lín	neighbor
隤	170	阜	15	tuí	tuí	to fall in ruins
隥	170	阜	14	dèng	dèng	
隦	170	阜	15	jiǎo	jiǎo	
隧	170	阜	14	suì	suì	tunnel
隨	170	阜	14	suí	suí	follow
隩	170	阜	14	ào	ào	profound
險	170	阜	16	xiǎn	xiǎn	narrow pass
隫	170	阜	14	fén	fén	
隬	170	阜	16	nǐ	nǐ	
隭	170	阜	16	ér	ér	
隮	170	阜	16	jī	jī	to rise up
隯	170	阜	16	dǎo	dǎo	
隰	170	阜	16	xí	xí	low
隱	170	阜	16	yǐn	yǐn	hide
隲	170	阜	16	zhì	zhì	stallion
隳	170	阜	17	huī	huī	to destroy
隴	170	阜	18	lǒng	lǒng	short name for Gansu Province
隵	170	阜	19	xī	xī	
隶	171	隶	8	lì	lì	subservient
隷	171	隶	16	lì	lì	be subservient to
隸	171	隶	17	lì	lì	be subservient to
隹	172	隹	8	zhuī	zhuī	short-tailed bird
隺	172	隹	10	hè	hè	a bird flying high ambition
隻	172	隹	10	zhī	zhī	single
隼	172	隹	10	sǔn	sǔn	aquiline (nose)
隽	172	隹	10	juàn	juàn	superior
难	172	隹	10	nán	nán/nàn	difficult
隿	172	隹	11	yì	yì	
雀	172	隹	11	què	qiāo/qiǎo/què	sparrow
雁	172	隹	12	yàn	yàn	wild goose
雂	172	隹	12	qín	qín	
雃	172	隹	12	qiān	qiān	
雄	172	隹	12	xióng	xióng	male of species
雅	172	隹	12	yǎ	yǎ	elegant
集	172	隹	12	jí	jí	assemble
雇	172	隹	12	gù	gù	employ
雈	172	隹	12	huán	huán	
雉	172	隹	13	zhì	zhì	pheasant
雊	172	隹	13	gòu	gòu	the crow of a male pheasant
雋	172	隹	13	juàn	juàn/jùn	superior
雌	172	隹	14	cí	cí	female
雍	172	隹	13	yōng	yōng	harmony
雎	172	隹	13	jū	jū	osprey
雏	172	隹	13	chú	chú	chick
雐	172	隹	14	hū	hū	
雑	172	隹	14	zá	zá	mixed
雒	172	隹	14	luò	luò	black horse with white mane
雓	172	隹	15	yú	yú	
雔	172	隹	16	chóu	chóu	
雕	172	隹	16	diāo	diāo	engrave
雖	172	隹	17	suī	suī	although
雗	172	隹	18	hàn	hàn	a white pheasant
雘	172	隹	17	wò	wò	dye made from red soil
雙	172	隹	18	shuāng	shuāng	set of two
雚	172	隹	18	guàn	guàn	a heron
雛	172	隹	18	chú	chú	chick
雜	172	隹	18	zá	zá	mixed
雝	172	隹	18	yōng	yōng	marsh
雞	172	隹	18	jī	jī	chickens
雟	172	隹	18	xī	xī	sparrow
雠	172	隹	18	chóu	chóu	enemy
雡	172	隹	19	liù	liù	
離	172	隹	18	lí	lí	leave
難	172	隹	19	nán	nán/nàn	difficult
雤	172	隹	21	xué	xué	
雥	172	隹	24	zá	zá	
雦	172	隹	24	jí	jí	
雧	172	隹	28	jí	jí	
雨	173	雨	8	yǔ	yǔ	rain
雩	173	雨	11	yú	yú	offer sacrifice for rain
雪	173	雨	11	xuě	xuě	snow
雫	173	雨	11	nǎ	nǎ	a drop
雬	173	雨	12	fǒu	fǒu	
雭	173	雨	11	sè	sè	
雮	173	雨	12	mù	mù	
雯	173	雨	12	wén	wén	cloud patterns
雰	173	雨	12	fēn	fēn	atmosphere
雱	173	雨	12	pāng	pāng	snowing heavily
雲	173	雨	12	yún	yún	clouds
雳	173	雨	12	lì	lì	thunderclap
雴	173	雨	13	chì	chì	
雵	173	雨	13	yāng	yāng	
零	173	雨	13	líng	líng	zero
雷	173	雨	13	léi	léi	thunder
雸	173	雨	13	án	án	
雹	173	雨	13	báo	báo	hail
雺	173	雨	13	wù	wù	
電	173	雨	13	diàn	diàn	electricity
雼	173	雨	13	dàng	dàng	
雽	173	雨	13	hù	hù	
雾	173	雨	13	wù	wù	fog
雿	173	雨	14	diào	diào	
需	173	雨	14	xū	xū	need
霁	173	雨	14	jì	jì	to clear up after rain
霂	173	雨	15	mù	mù	fine rain
霃	173	雨	15	chén	chén	long continued rains
霄	173	雨	15	xiāo	xiāo	sky
霅	173	雨	15	zhà	zhà	thunder
霆	173	雨	14	tíng	tíng	a sudden peal of thunder
震	173	雨	15	zhèn	zhèn	shake
霈	173	雨	15	pèi	pèi	torrential rains
霉	173	雨	15	méi	méi	mildew
霊	173	雨	15	líng	líng	spirit
霋	173	雨	16	qī	qī	slight
霌	173	雨	16	zhōu	zhōu	
霍	173	雨	16	huò	huò	quickly
霎	173	雨	16	shà	shà	light rain
霏	173	雨	16	fēi	fēi	falling of snow and rain
霐	173	雨	16	hóng	hóng	
霑	173	雨	16	zhān	zhān	be moistened
霒	173	雨	16	yīn	yīn	
霓	173	雨	16	ní	ní	rainbow
霔	173	雨	16	zhù	zhù	
霕	173	雨	16	tún	tún	
霖	173	雨	16	lín	lín	long spell of rain
霗	173	雨	16	líng	líng	
霘	173	雨	17	dòng	dòng	
霙	173	雨	16	yīng	yīng	sleet
霚	173	雨	17	wù	wù	
霛	173	雨	17	líng	líng	
霜	173	雨	17	shuāng	shuāng	frost
霝	173	雨	17	líng	líng	drops of rain
霞	173	雨	17	xiá	xiá	rosy clouds
霟	173	雨	17	hóng	hóng	
霠	173	雨	17	yīn	yīn	
霡	173	雨	17	mài	mài	drizzling rain
霢	173	雨	18	mài	mài	dust
霣	173	雨	18	yǔn	yǔn	fall
霤	173	雨	18	liù	liù	drip
霥	173	雨	18	mèng	mèng	drizzle
霦	173	雨	19	bīn	bīn	
霧	173	雨	18	wù	wù	fog
霨	173	雨	19	wèi	wèi	clouding
霩	173	雨	18	kuò	kuò	
霪	173	雨	19	yín	yín	long and heavy rain
霫	173	雨	19	xí	xí	heavy rain
霬	173	雨	19	yì	yì	
霭	173	雨	19	ǎi	ǎi	cloudy sky
霮	173	雨	20	dàn	dàn	
霯	173	雨	20	tèng	tèng	
霰	173	雨	20	xiàn	xiàn	hail
霱	173	雨	20	yù	yù	cloud
露	173	雨	21	lù	lòu/lù	dew
霳	173	雨	19	lóng	lóng	
霴	173	雨	20	dài	dài	
霵	173	雨	20	jí	jí	
霶	173	雨	21	pāng	pāng	downpouring of rain
霷	173	雨	21	yáng	yáng	
霸	173	雨	21	bà	bà	rule by might rather than right
霹	173	雨	21	pī	pī	thunder
霺	173	雨	21	wéi	wéi	
霻	173	雨	21	fēng	fēng	
霼	173	雨	22	xì	xì	
霽	173	雨	22	jì	jì	to clear up after rain
霾	173	雨	22	mái	mái	misty
霿	173	雨	21	méng	méng	
靀	173	雨	21	méng	méng	drizzling
靁	173	雨	23	léi	léi	thick
靂	173	雨	24	lì	lì	thunderclap
靃	173	雨	24	huò	huò	
靄	173	雨	24	ǎi	ǎi	cloudy sky
靅	173	雨	24	fèi	fèi	
靆	173	雨	23	dài	dài	cloudy sky
靇	173	雨	24	lóng	lóng	
靈	173	雨	24	líng	líng	spirit
靉	173	雨	25	ài	ài	cloudy sky
靊	173	雨	26	fēng	fēng	
靋	173	雨	27	lì	lì	
靌	173	雨	27	bǎo	bǎo	
靍	173	雨	27	hè	hè	
靎	173	雨	27	hè	hè	
靏	173	雨	29	hè	hè	
靐	173	雨	39	bìng	bìng	
靑	174	靑	8	qīng	qīng	blue
青	174	靑	8	qīng	qīng	blue
靓	174	靑	12	jìng	jìng/liàng	make up face
靔	174	靑	12	tiān	tiān	
靕	174	靑	13	zhēn	zhēn	
靖	174	靑	13	jìng	jìng	pacify
靗	174	靑	14	chēng	chēng	
靘	174	靑	14	qìng	qìng	
静	174	靑	14	jìng	jìng	quiet
靚	174	靑	15	jìng	jìng	make up face
靛	174	靑	16	diàn	diàn	indigo
靜	174	靑	16	jìng	jìng	quiet
靝	174	靑	18	tiān	tiān	(in taoism) the heaven
非	175	非	8	fēi	fēi	not
靟	175	非	12	fēi	fēi	
靠	175	非	15	kào	kào	lean on
靡	175	非	19	mí	mí/mǐ	divide
面	176	面	9	miàn	miàn	face
靣	176	面	8	miàn	miàn	
靤	176	面	14	bào	bào	
靥	176	面	15	yè	yè	dimples
靦	176	面	16	tiǎn	tiǎn	timid
靧	176	面	21	huì	huì	wash face
靨	176	面	23	yè	yè	dimples
革	177	革	9	gé	gé	leather
靪	177	革	11	dīng	dīng	to cobble
靫	177	革	12	chá	chá	strong and pliable
靬	177	革	12	qián	qián	
靭	177	革	12	rèn	rèn	strong and pliable
靮	177	革	12	dí	dí	bridle
靯	177	革	12	dù	dù	
靰	177	革	12	wù	wù	leg warmer
靱	177	革	12	rèn	rèn	strong and pliable
靲	177	革	13	qín	qín	
靳	177	革	13	jìn	jìn	strap on a horse's breast
靴	177	革	13	xuē	xuē	boots
靵	177	革	13	niǔ	niǔ	
靶	177	革	13	bǎ	bǎ	target
靷	177	革	13	yǐn	yǐn	the leather belt that connects a horse with a cart
靸	177	革	12	sǎ	sǎ	a child's shoes
靹	177	革	13	nà	nà	
靺	177	革	14	mò	mò	stocking
靻	177	革	14	zǔ	zǔ	
靼	177	革	14	dá	dá	Tatars
靽	177	革	14	bàn	bàn	leather strap on the back of a horse
靾	177	革	14	yì	yì	
靿	177	革	14	yào	yào	the leg of a boot
鞀	177	革	14	táo	táo	drum
鞁	177	革	14	bèi	bèi	tack (of a horse)
鞂	177	革	14	jiē	jiē	
鞃	177	革	14	hóng	hóng	board
鞄	177	革	14	páo	páo	to work hides
鞅	177	革	14	yāng	yāng/yàng	leather strap over horse's neck
鞆	177	革	14	bǐng	bǐng	an archer's arm-protector
鞇	177	革	15	yīn	yīn	
鞈	177	革	15	gé	gé	
鞉	177	革	15	táo	táo	drum
鞊	177	革	15	jié	jié	
鞋	177	革	15	xié	xié	shoes
鞌	177	革	15	ān	ān	saddle
鞍	177	革	15	ān	ān	saddle
鞎	177	革	15	hén	hén	
鞏	177	革	15	gǒng	gǒng	bind
鞐	177	革	15	qiǎ	qiǎ	
鞑	177	革	15	dá	dá	the Tatars
鞒	177	革	15	qiáo	qiáo	mud shoe
鞓	177	革	16	tīng	tīng	leather belt
鞔	177	革	16	mán	mán	sides or uppers of shoes to stretch a skin on a frame for a drum
鞕	177	革	16	yìng	yìng	
鞖	177	革	16	suī	suī	
鞗	177	革	15	tiáo	tiáo	reins
鞘	177	革	16	qiào	qiào/shāo	scabbard
鞙	177	革	16	xuàn	xuàn	scabbard
鞚	177	革	17	kòng	kòng	bridle
鞛	177	革	17	běng	běng	
鞜	177	革	17	tà	tà	shoes
鞝	177	革	17	shàng	shàng	the piece of leather used for soles
鞞	177	革	17	bǐng	bǐng	sheath
鞟	177	革	17	kuò	kuò	skin
鞠	177	革	17	jū	jū	bow
鞡	177	革	17	la	la	leg warmer
鞢	177	革	18	xiè	xiè	
鞣	177	革	18	róu	róu	tan
鞤	177	革	18	bāng	bāng	
鞥	177	革	18	ēng	ēng	reins
鞦	177	革	18	qiū	qiū	leather strap
鞧	177	革	18	qiū	qiū	a leather strap
鞨	177	革	18	hé	hé	tribe
鞩	177	革	18	qiào	qiào	
鞪	177	革	18	mù	mù	
鞫	177	革	18	jū	jū	interrogate
鞬	177	革	17	jiān	jiān	a quiver on a horse
鞭	177	革	18	biān	biān	whip
鞮	177	革	18	dī	dī	leather shoes
鞯	177	革	18	jiān	jiān	saddle blanket
鞰	177	革	18	wēn	wēn	
鞱	177	革	19	tāo	tāo	
鞲	177	革	19	gōu	gōu	leather arm guard
鞳	177	革	18	tà	tà	
鞴	177	革	19	bèi	bèi	saddle up horse
鞵	177	革	19	xié	xié	shoes
鞶	177	革	19	pán	pán	big leather belt
鞷	177	革	19	gé	gé	
鞸	177	革	19	bì	bì	leather arm guard
鞹	177	革	19	kuò	kuò	skin
鞺	177	革	20	tāng	tāng	the sound of drums
鞻	177	革	20	lóu	lóu	
鞼	177	革	21	guì	guì	
鞽	177	革	21	qiáo	qiáo	mud shoe
鞾	177	革	19	xuē	xuē	boots
鞿	177	革	21	jī	jī	
韀	177	革	22	jiān	jiān	a saddle fastener
韁	177	革	22	jiāng	jiāng	reins
韂	177	革	22	chàn	chàn	a saddle-flap
韃	177	革	21	dá	dá	the Tatars
韄	177	革	22	hù	hù	
韅	177	革	23	xiǎn	xiǎn	harness
韆	177	革	24	qiān	qiān	swing
韇	177	革	24	dú	dú	
韈	177	革	23	wà	wà	socks
韉	177	革	25	jiān	jiān	saddle blanket
韊	177	革	29	lán	lán	a case for a bow
韋	178	韋	9	wéi	wéi	tanned leather
韌	178	韋	12	rèn	rèn	strong and pliable
韍	178	韋	14	fú	fú	a leather knee-pad worn during sacrifices
韎	178	韋	14	mèi	mèi	red
韏	178	韋	15	quàn	quàn	
韐	178	韋	15	gé	gé	knee-pad made of red-dyed leather
韑	178	韋	15	wěi	wěi	
韒	178	韋	16	qiào	qiào	a sheath
韓	178	韋	17	hán	hán	fence
韔	178	韋	17	chàng	chàng	a wrapper or case for bow
韕	178	韋	17	kuò	kuò	
韖	178	韋	18	rǒu	rǒu	tan
韗	178	韋	18	yùn	yùn	
韘	178	韋	18	shè	shè	archer's thumb ring
韙	178	韋	18	wěi	wěi	right
韚	178	韋	18	gé	gé	
韛	178	韋	19	bài	bài	bellows
韜	178	韋	19	tāo	tāo	sheath
韝	178	韋	19	gōu	gōu	leather arm band
韞	178	韋	18	yùn	yùn	an orange color
韟	178	韋	19	gāo	gāo	
韠	178	韋	19	bì	bì	knee-pad
韡	178	韋	19	wěi	wěi	gorgeous
韢	178	韋	21	suì	suì	
韣	178	韋	22	dú	dú	bow-bag
韤	178	韋	23	wà	wà	socks
韥	178	韋	24	dú	dú	
韦	178'	韦	4	wéi	wéi	tanned leather
韧	178'	韦	7	rèn	rèn	strong and pliable
韨	178'	韦	9	fú	fú	a leather knee-pad worn during sacrifices
韩	178'	韦	12	hán	hán	fence
韪	178'	韦	13	wěi	wěi	right
韫	178'	韦	13	yùn	yùn	secrete
韬	178'	韦	14	tāo	tāo	sheath
韭	179	韭	9	jiǔ	jiǔ	scallion
韮	179	韭	12	jiǔ	jiǔ	scallion
韯	179	韭	15	xiān	xiān	wild onions or leeks
韰	179	韭	16	xiè	xiè	
韱	179	韭	17	xiān	xiān	wild onions or leeks
韲	179	韭	19	jī	jī	break or smash into pieces
音	180	音	9	yīn	yīn	sound
韴	180	音	13	zá	zá	
韵	180	音	13	yùn	yùn	rhyme
韶	180	音	14	sháo	sháo	music of the emperor Shun
韷	180	音	14	lè	lè	
韸	180	音	16	péng	péng	
韹	180	音	18	huáng	huáng	music of bell and drum
韺	180	音	17	yīng	yīng	music
韻	180	音	19	yùn	yùn	rhyme
韼	180	音	19	péng	péng	
韽	180	音	20	ān	ān	
韾	180	音	20	yīn	yīn	
響	180	音	20	xiǎng	xiǎng	make sound
頀	180	音	22	hù	hù	music
頁	181	頁	9	yè	yè	page
頂	181	頁	11	dǐng	dǐng	top
頃	181	頁	11	qǐng	qǐng	a moment
頄	181	頁	11	kuí	kuí	cheekbone
項	181	頁	12	xiàng	xiàng	neck
順	181	頁	12	shùn	shùn	obey
頇	181	頁	12	hān	hān	large face
須	181	頁	12	xū	xū	must
頉	181	頁	13	yí	yí	cheeks
頊	181	頁	13	xū	xū	grieved
頋	181	頁	13	ě	ě	to care for
頌	181	頁	13	sòng	sòng	laud
頍	181	頁	13	kuǐ	kuǐ	to raise one's head
頎	181	頁	13	qí	qí	tall and slim
頏	181	頁	13	háng	háng	fly down or downward
預	181	頁	13	yù	yù	prepare
頑	181	頁	13	wán	wán	obstinate
頒	181	頁	13	bān	bān	confer
頓	181	頁	13	dùn	dùn	pause
頔	181	頁	14	dí	dí	good and beautiful
頕	181	頁	14	dān	dān	(Cant.) to raise the head
頖	181	頁	14	pàn	pàn	Zhou dynasty school
頗	181	頁	14	pō	pō	lean one side
領	181	頁	14	lǐng	lǐng	neck
頙	181	頁	14	chè	chè	correct
頚	181	頁	14	jǐng	jǐng	neck
頛	181	頁	15	lèi	lèi	
頜	181	頁	15	hé	hé	mouth
頝	181	頁	15	qiāo	qiāo	
頞	181	頁	15	è	è	(nose) bridge
頟	181	頁	15	é	é	the forehead
頠	181	頁	15	wěi	wěi	quiet
頡	181	頁	15	xié	xié	fly upward
頢	181	頁	15	kuò	kuò	
頣	181	頁	15	shěn	shěn	to view others with raised eyes
頤	181	頁	16	yí	yí	cheeks
頥	181	頁	16	yí	yí	
頦	181	頁	15	hái	hái	chin
頧	181	頁	15	duǐ	duǐ	
頨	181	頁	15	yǔ	yǔ	
頩	181	頁	15	pīng	pīng	
頪	181	頁	15	lèi	lèi	
頫	181	頁	15	fǔ	fǔ	bow
頬	181	頁	15	jiá	jiá	cheeks
頭	181	頁	16	tóu	tóu/tou	head
頮	181	頁	16	huì	huì	wash
頯	181	頁	16	kuí	kuí	cheekbone
頰	181	頁	16	jiá	jiá	cheeks
頱	181	頁	16	luō	luō	
頲	181	頁	15	tǐng	tǐng	straight
頳	181	頁	16	chēng	chēng	red
頴	181	頁	16	yǐng	yǐng	rice tassel
頵	181	頁	16	yūn	yūn	(Cant.) 大頭頵
頶	181	頁	16	hú	hú	
頷	181	頁	16	hàn	hàn	chin
頸	181	頁	16	jǐng	gěng/jǐng	neck
頹	181	頁	16	tuí	tuí	ruined
頺	181	頁	16	tuí	tuí	
頻	181	頁	16	pín	pín	frequently
頼	181	頁	16	lài	lài	rely
頽	181	頁	16	tuí	tuí	ruined
頾	181	頁	18	zī	zī	beard
頿	181	頁	18	zī	zī	
顀	181	頁	17	chuí	chuí	
顁	181	頁	17	dìng	dìng	
顂	181	頁	17	lài	lài	
顃	181	頁	17	tán	tán	
顄	181	頁	17	hàn	hàn	
顅	181	頁	17	qiān	qiān	
顆	181	頁	17	kē	kē	grain
顇	181	頁	17	cuì	cuì	be worn out
顈	181	頁	17	xuǎn	xuǎn	
顉	181	頁	17	qīn	qīn	
顊	181	頁	17	yí	yí	
顋	181	頁	18	sāi	sāi	lower part of face
題	181	頁	18	tí	tí	forehead
額	181	頁	18	é	é	forehead
顎	181	頁	18	è	è	jaw
顏	181	頁	18	yán	yán	face
顐	181	頁	18	wèn	wèn	
顑	181	頁	18	kǎn	kǎn	yellow
顒	181	頁	18	yóng	yóng	solemn
顓	181	頁	18	zhuān	zhuān	good
顔	181	頁	18	yán	yán	face
顕	181	頁	18	xiǎn	xiǎn	manifest
顖	181	頁	19	xìn	xìn	top of the head
顗	181	頁	19	yǐ	yǐ	quiet
願	181	頁	19	yuàn	yuàn	desire
顙	181	頁	19	sǎng	sǎng	the forehead
顚	181	頁	19	diān	diān	top
顛	181	頁	19	diān	diān	top
顜	181	頁	19	jiǎng	jiǎng	
顝	181	頁	18	kuī	kuī	
類	181	頁	19	lèi	lèi	class
顟	181	頁	20	láo	láo	
顠	181	頁	20	piǎo	piǎo	
顡	181	頁	20	wài	wài	
顢	181	頁	20	mán	mān/mán	dawdling
顣	181	頁	20	cù	cù	frown
顤	181	頁	21	yáo	yáo	
顥	181	頁	21	hào	hào	luminous
顦	181	頁	21	qiáo	qiáo	be worn-out
顧	181	頁	21	gù	gù	look back
顨	181	頁	21	xùn	xùn	
顩	181	頁	22	yǎn	yǎn	
顪	181	頁	22	huì	huì	
顫	181	頁	22	chàn	chàn	shiver
顬	181	頁	23	rú	rú	the temporal bone
顭	181	頁	22	méng	méng	
顮	181	頁	23	bīn	bīn	
顯	181	頁	23	xiǎn	xiǎn	manifest
顰	181	頁	24	pín	pín	frown
顱	181	頁	25	lú	lú	skull
顲	181	頁	25	lǎn	lǎn	
顳	181	頁	27	niè	niè	the temporal bone
顴	181	頁	26	quán	quán	cheek bones
页	181'	页	6	yè	yè	page
顶	181'	页	8	dǐng	dǐng	top
顷	181'	页	8	qǐng	qǐng	a moment
顸	181'	页	9	hān	hān	large face
项	181'	页	9	xiàng	xiàng	neck
顺	181'	页	9	shùn	shùn	obey
须	181'	页	9	xū	xū	must
顼	181'	页	10	xū	xū	grieved
顽	181'	页	10	wán	wán	obstinate
顾	181'	页	10	gù	gù	look back
顿	181'	页	10	dùn	dùn	pause
颀	181'	页	10	qí	qí	tall and slim
颁	181'	页	10	bān	bān	confer
颂	181'	页	10	sòng	sòng	laud
颃	181'	页	10	háng	háng	fly down or downward
预	181'	页	10	yù	yù	prepare
颅	181'	页	11	lú	lú	skull
领	181'	页	11	lǐng	lǐng	neck
颇	181'	页	11	pō	pō	lean one side
颈	181'	页	11	jǐng	gěng/jǐng	neck
颉	181'	页	12	jié	jié/xié	fly upward
颊	181'	页	12	jiá	jiá	cheeks
颋	181'	页	12	tǐng	tǐng	straight
颌	181'	页	12	hé	hé	mouth
颍	181'	页	12	yǐng	yǐng	river in Anhui
颎	181'	页	12	jiǒng	jiǒng	bright
颏	181'	页	12	kē	kē/ké	chin
颐	181'	页	13	yí	yí	cheeks
频	181'	页	13	pín	pín	frequently
颒	181'	页	13	huì	huì	wash
颓	181'	页	13	tuí	tuí	ruined
颔	181'	页	13	hàn	hàn	chin
颕	181'	页	13	yǐng	yǐng	rice tassel
颖	181'	页	13	yǐng	yǐng	rice tassel
颗	181'	页	14	kē	kē	grain
题	181'	页	15	tí	tí	forehead
颙	181'	页	15	yóng	yóng	solemn
颚	181'	页	15	è	è	jaw
颛	181'	页	15	zhuān	zhuān	good
颜	181'	页	15	yán	yán	face
额	181'	页	15	é	é	forehead
颞	181'	页	16	niè	niè	the temporal bone
颟	181'	页	16	mān	mān	dawdling
颠	181'	页	16	diān	diān	top
颡	181'	页	16	sǎng	sǎng	the forehead
颢	181'	页	18	hào	hào	luminous
颣	181'	页	18	lèi	lèi	knot
颤	181'	页	19	chàn	chàn	shiver
颥	181'	页	20	rú	rú	the temporal bone
颦	181'	页	21	pín	pín	frown
颧	181'	页	23	quán	quán	cheek bones
風	182	風	9	fēng	fēng/fěng	wind
颩	182	風	12	biāo	biāo	
颪	182	風	12	guā	guā	(Japanese) wind blowing down from the mountains
颫	182	風	13	fú	fú	a storm
颬	182	風	13	xiā	xiā	
颭	182	風	14	zhǎn	zhǎn	sway in wind
颮	182	風	14	biāo	biāo	storm
颯	182	風	14	sà	sà	the sound of the wind
颰	182	風	14	bá	bá	
颱	182	風	14	tái	tái	typhoon
颲	182	風	15	liè	liè	
颳	182	風	15	guā	guā	to blow
颴	182	風	16	xuàn	xuàn	whirlwind
颵	182	風	16	shāo	shāo	
颶	182	風	17	jù	jù	cyclone
颷	182	風	17	biāo	biāo	whirlwind
颸	182	風	18	sī	sī	cool breeze of autumn
颹	182	風	18	wěi	wěi	
颺	182	風	18	yáng	yáng	soar
颻	182	風	19	yáo	yáo	floating in air
颼	182	風	18	sōu	sōu	sound of wind
颽	182	風	19	kǎi	kǎi	
颾	182	風	18	sōu	sōu	blowing of the wind
颿	182	風	19	fān	fān	sail
飀	182	風	19	liú	liú	soughing of wind
飁	182	風	20	xí	xí	
飂	182	風	20	liù	liù	wind in high places
飃	182	風	20	piāo	piāo	whirlwind
飄	182	風	20	piāo	piāo	whirlwind
飅	182	風	21	liú	liú	
飆	182	風	21	biāo	biāo	whirlwind
飇	182	風	21	biāo	biāo	whirlwind
飈	182	風	21	biāo	biāo	whirlwind
飉	182	風	21	liáo	liáo	
飊	182	風	21	biāo	biāo	
飋	182	風	22	sè	sè	
飌	182	風	26	fēng	fēng	wind
飍	182	風	27	xiū	xiū	
风	182'	风	4	fēng	fēng	wind
飏	182'	风	7	yáng	yáng	soar
飐	182'	风	9	zhǎn	zhǎn	sway in wind
飑	182'	风	9	biāo	biāo	storm
飒	182'	风	9	sà	sà	the sound of the wind
飓	182'	风	12	jù	jù	cyclone
飔	182'	风	13	sī	sī	cool breeze of autumn
飕	182'	风	13	sōu	sōu	sound of wind
飖	182'	风	14	yáo	yáo	floating in air
飗	182'	风	14	liú	liú	soughing of wind
飘	182'	风	15	piāo	piāo	whirlwind
飙	182'	风	16	biāo	biāo	whirlwind
飚	182'	风	16	biāo	biāo	whirlwind
飛	183	飛	9	fēi	fēi	fly
飜	183	飛	21	fān	fān	flip over
飝	183	飛	27	fēi	fēi	
飞	183'	飞	3	fēi	fēi	fly
食	184	食	9	shí	shí	eat
飠	184	食	9	shí	shí	eat
飡	184	食	11	cān	cān	meal
飢	184	食	10	jī	jī	hunger
飣	184	食	10	dìng	dìng	display food for show only
飤	184	食	10	sì	sì	to feed
飥	184	食	11	tuō	tuō	rice cake
飦	184	食	11	zhān	zhān	well-boiled congee or gruel
飧	184	食	12	sūn	sūn	evening meal
飨	184	食	12	xiǎng	xiǎng	host banquet
飩	184	食	12	tún	tún	stuffed dumplings
飪	184	食	12	rèn	rèn	cooked food
飫	184	食	12	yù	yù	surfeited
飬	184	食	13	juàn	juàn	
飭	184	食	12	chì	chì	order
飮	184	食	13	yǐn	yǐn	drink
飯	184	食	13	fàn	fàn	cooked rice
飰	184	食	12	fàn	fàn	
飱	184	食	13	sūn	sūn	evening meal
飲	184	食	12	yǐn	yǐn	drink
飳	184	食	13	tǒu	tǒu	
飴	184	食	13	yí	yí	sweet-meats
飵	184	食	13	zuò	zuò	(Cant.) food
飶	184	食	13	bì	bì	odour
飷	184	食	13	jiě	jiě	
飸	184	食	14	tāo	tāo	
飹	184	食	13	bǎo	bǎo	
飺	184	食	15	cí	cí	
飻	184	食	13	tiè	tiè	
飼	184	食	13	sì	sì	raise animals
飽	184	食	13	bǎo	bǎo	eat heartily
飾	184	食	13	shì	shì	decorate
飿	184	食	13	duò	duò	(餶飿) glutinous rice
餀	184	食	13	hài	hài	tainted food
餁	184	食	14	rèn	rèn	cooked food
餂	184	食	14	tiǎn	tiǎn	to obtain by hook
餃	184	食	14	jiǎo	jiǎo	stuffed dumplings
餄	184	食	14	jiá	jiá	(餄餎) buckwheat noodles
餅	184	食	14	bǐng	bǐng	rice-cakes
餆	184	食	14	yáo	yáo	
餇	184	食	14	tóng	tóng	food
餈	184	食	15	cí	cí	rice cake
餉	184	食	14	xiǎng	xiǎng	rations and pay for soldiers
養	184	食	15	yǎng	yǎng	raise
餋	184	食	15	juàn	juàn	
餌	184	食	14	ěr	ěr	bait
餍	184	食	15	yàn	yàn	be satiated
餎	184	食	14	gē	gē	(餄餎) buckwheat noodles
餏	184	食	14	xī	xī	
餐	184	食	16	cān	cān	eat
餑	184	食	15	bō	bō	ferrule
餒	184	食	15	něi	něi	hungry
餓	184	食	15	è	è	hungry
餔	184	食	15	bù	bù	eat
餕	184	食	15	jùn	jùn	leftovers
餖	184	食	15	dòu	dòu	food item set out for show only
餗	184	食	15	sù	sù	a pot of cooked rice
餘	184	食	15	yú	yú	surplus
餙	184	食	15	shì	shì	to adorn
餚	184	食	16	yáo	yáo	prepared meat
餛	184	食	16	hún	hún	dumpling soup
餜	184	食	16	guǒ	guǒ	cakes
餝	184	食	15	shì	shì	
餞	184	食	16	jiàn	jiàn	farewell party
餟	184	食	16	zhuì	zhuì	libation
餠	184	食	16	bǐng	bǐng	rice-cakes
餡	184	食	16	xiàn	xiàn	pastry filling
餢	184	食	16	bù	bù	
餣	184	食	16	yè	yè	
餤	184	食	16	tán	tán	incite
餥	184	食	17	fēi	fēi	
餦	184	食	16	zhāng	zhāng	candy
餧	184	食	16	wèi	wèi	steamed bread
館	184	食	16	guǎn	guǎn	public building
餩	184	食	16	è	è	hiccough
餪	184	食	17	nuǎn	nuǎn	feast
餫	184	食	17	yùn	yùn	dumpling
餬	184	食	17	hú	hú	porridge
餭	184	食	17	huáng	huáng	dried sweetmeat
餮	184	食	18	tiè	tiè	a legendary animal
餯	184	食	17	huì	huì	
餰	184	食	17	jiān	jiān	
餱	184	食	17	hóu	hóu	dry goods
餲	184	食	17	ài	ài	spoiled
餳	184	食	17	táng	táng/xíng	sugar
餴	184	食	16	fēn	fēn	
餵	184	食	17	wèi	wèi	to feed
餶	184	食	17	gǔ	gǔ	(餶飿) glutinous rice
餷	184	食	17	chā	chā	stir and cook
餸	184	食	17	sòng	sòng	(Cant.) a side dish of food prepared to accompany rice
餹	184	食	18	táng	táng	sugar
餺	184	食	18	bó	bó	rice cake
餻	184	食	18	gāo	gāo	cakes
餼	184	食	18	xì	xì	sacrificial victim
餽	184	食	17	kuì	kuì	make present of food
餾	184	食	18	liù	liù	distill
餿	184	食	17	sōu	sōu	spoiled
饀	184	食	18	táo	táo	
饁	184	食	18	yè	yè	carry meal to workers in field
饂	184	食	17	wēn	wēn	Japanese noodles
饃	184	食	18	mó	mó	bread
饄	184	食	19	táng	táng	
饅	184	食	19	mán	mán	steamed bread
饆	184	食	18	bì	bì	
饇	184	食	19	yù	yù	to eat too much
饈	184	食	18	xiū	xiū	food
饉	184	食	19	jǐn	jǐn	time of famine or crop failure
饊	184	食	20	sǎn	sǎn	fried round cakes of wheat flour
饋	184	食	20	kuì	kuì	offer food superior
饌	184	食	20	zhuàn	zhuàn	feed
饍	184	食	20	shàn	shàn	meals
饎	184	食	20	chì	chì	wine and food eaten with wine
饏	184	食	20	dàn	dàn	
饐	184	食	20	yì	yì	spoiled
饑	184	食	20	jī	jī	starve
饒	184	食	20	ráo	ráo	bountiful
饓	184	食	20	chēng	chēng	
饔	184	食	22	yōng	yōng	breakfast
饕	184	食	22	tāo	tāo	gluttonous
饖	184	食	21	wèi	wèi	
饗	184	食	20	xiǎng	xiǎng	host banquet
饘	184	食	21	zhān	zhān	gruel
饙	184	食	20	fēn	fēn	
饚	184	食	21	hài	hài	
饛	184	食	21	méng	méng	well-filled dish
饜	184	食	23	yàn	yàn	be satiated
饝	184	食	24	mó	mó	to feed an infant by hand steamed bread
饞	184	食	25	chán	chán	gluttonous
饟	184	食	25	xiǎng	xiǎng	rations and pay for soldiers
饠	184	食	27	luó	luó	rice cake
饡	184	食	27	zàn	zàn	
饢	184	食	30	náng	náng	bread (Persian 'naan')
饣	184'	饣	3	shí	shí	eat
饤	184'	饣	5	dìng	dìng	display food for show only
饥	184'	饣	5	jī	jī	hunger
饦	184'	饣	6	tuō	tuō	rice cake
饧	184'	饣	6	xíng	xíng	sugar
饨	184'	饣	7	tún	tún	stuffed dumplings
饩	184'	饣	7	xì	xì	sacrificial victim
饪	184'	饣	7	rèn	rèn	cooked food
饫	184'	饣	7	yù	yù	surfeited
饬	184'	饣	7	chì	chì	order
饭	184'	饣	7	fàn	fàn	cooked rice
饮	184'	饣	7	yǐn	yǐn/yìn	drink
饯	184'	饣	8	jiàn	jiàn	farewell party
饰	184'	饣	8	shì	shì	decorate
饱	184'	饣	8	bǎo	bǎo	eat heartily
饲	184'	饣	8	sì	sì	raise animals
饳	184'	饣	8	duò	duò	(馉饳) glutinous rice
饴	184'	饣	8	yí	yí	sweet-meats
饵	184'	饣	9	ěr	ěr	bait
饶	184'	饣	9	ráo	ráo	bountiful
饷	184'	饣	9	xiǎng	xiǎng	rations and pay for soldiers
饸	184'	饣	9	hé	hé	(餄餎) buckwheat noodles
饹	184'	饣	9	gē	gē/le	(餄餎) buckwheat noodles
饺	184'	饣	9	jiǎo	jiǎo	stuffed dumplings
饻	184'	饣	9	xī	xī	
饼	184'	饣	9	bǐng	bǐng	rice-cakes
饽	184'	饣	10	bō	bō	ferrule
饾	184'	饣	10	dòu	dòu	food item set out for show only
饿	184'	饣	10	è	è	hungry
馀	184'	饣	10	yú	yú	surplus
馁	184'	饣	10	něi	něi	hungry
馂	184'	饣	10	jùn	jùn	leftovers
馃	184'	饣	11	guǒ	guǒ	cakes
馄	184'	饣	11	hún	hún	dumpling soup
馅	184'	饣	11	xiàn	xiàn	filling
馆	184'	饣	11	guǎn	guǎn	public building
馇	184'	饣	12	chā	chā/zha	stir and cook
馈	184'	饣	12	kuì	kuì	offer food superior
馉	184'	饣	12	gǔ	gǔ	(餶飿) glutinous rice
馊	184'	饣	12	sōu	sōu	spoiled
馋	184'	饣	12	chán	chán	gluttonous
馌	184'	饣	13	yè	yè	carry meal to workers in field
馍	184'	饣	13	mó	mó	bread
馎	184'	饣	13	bó	bó	rice cake
馏	184'	饣	13	liú	liú/liù	distill
馐	184'	饣	13	xiū	xiū	food
馑	184'	饣	14	jǐn	jǐn	time of famine or crop failure
馒	184'	饣	14	mán	mán	steamed bread
馓	184'	饣	15	sǎn	sǎn	fried round cakes of wheat flour
馔	184'	饣	15	zhuàn	zhuàn	to feed
馕	184'	饣	25	náng	náng/nǎng	bread (Persian naan)
首	185	首	9	shǒu	shǒu	head
馗	185	首	11	kuí	kuí	cheekbone
馘	185	首	17	guó	guó	cut off left ear
香	186	香	9	xiāng	xiāng	fragrant
馚	186	香	13	fén	fén	aromatic
馛	186	香	14	bó	bó	fragrance
馜	186	香	14	nǐ	nǐ	
馝	186	香	14	bì	bì	fragrance
馞	186	香	16	bó	bó	
馟	186	香	16	tú	tú	fragrant
馠	186	香	16	hān	hān	
馡	186	香	17	fēi	fēi	scent
馢	186	香	17	jiān	jiān	
馣	186	香	17	ān	ān	
馤	186	香	18	ài	ài	
馥	186	香	18	fù	fù	fragrance
馦	186	香	19	xiān	xiān	
馧	186	香	18	yūn	yūn	
馨	186	香	20	xīn	xīn	fragrant
馩	186	香	21	fén	fén	aromatic
馪	186	香	23	pīn	pīn	
馫	186	香	27	xīn	xīn	
馬	187	馬	10	mǎ	mǎ	horse
馭	187	馬	12	yù	yù	drive
馮	187	馬	12	féng	féng	surname
馯	187	馬	13	hàn	hàn	
馰	187	馬	13	dí	dí	
馱	187	馬	13	tuó	tuó	carry on back
馲	187	馬	13	zhé	zhé	camel
馳	187	馬	13	chí	chí	go quickly or swiftly
馴	187	馬	13	xún	xún	tame
馵	187	馬	13	zhù	zhù	horse with white back legs
馶	187	馬	14	zhī	zhī	
馷	187	馬	14	pèi	pèi	
馸	187	馬	14	xìn	xìn	
馹	187	馬	14	rì	rì	post horse
馺	187	馬	13	sà	sà	
馻	187	馬	14	yǔn	yǔn	
馼	187	馬	14	wén	wén	
馽	187	馬	14	zhí	zhí	
馾	187	馬	14	dàn	dàn	
馿	187	馬	14	lǘ	lǘ	an ass
駀	187	馬	14	yóu	yóu	
駁	187	馬	14	bó	bó	varicolored
駂	187	馬	14	bǎo	bǎo	
駃	187	馬	14	jué	jué	gallop
駄	187	馬	14	tuó	tuó	a horse load
駅	187	馬	14	yì	yì	relay station
駆	187	馬	14	qū	qū	spur a horse on
駇	187	馬	14	wén	wén	
駈	187	馬	15	qū	qū	spur a horse on
駉	187	馬	15	jiōng	jiōng	big
駊	187	馬	15	pǒ	pǒ	
駋	187	馬	15	zhāo	zhāo	
駌	187	馬	15	yuān	yuān	
駍	187	馬	15	pēng	pēng	
駎	187	馬	15	zhòu	zhòu	
駏	187	馬	14	jù	jù	offspring of a stallion and a she-mule
駐	187	馬	15	zhù	zhù	to be stationed at
駑	187	馬	15	nú	nú	tired
駒	187	馬	15	jū	jū	colt
駓	187	馬	15	pī	pī	gallop
駔	187	馬	15	zǎng	zǎng	excellent horse
駕	187	馬	15	jià	jià	to drive
駖	187	馬	15	líng	líng	
駗	187	馬	15	zhěn	zhěn	
駘	187	馬	15	tái	tái	an old
駙	187	馬	15	fù	fù	extra horse
駚	187	馬	15	yǎng	yǎng	
駛	187	馬	15	shǐ	shǐ	sail
駜	187	馬	15	bì	bì	strong horse
駝	187	馬	15	tuó	tuó	a camel
駞	187	馬	15	tuó	tuó	camel
駟	187	馬	15	sì	sì	team of four horses
駠	187	馬	15	liú	liú	
駡	187	馬	16	mà	mà	accuse
駢	187	馬	16	pián	pián	team of horses
駣	187	馬	16	táo	táo	
駤	187	馬	16	zhì	zhì	
駥	187	馬	16	róng	róng	
駦	187	馬	16	téng	téng	to mount
駧	187	馬	16	dòng	dòng	
駨	187	馬	16	xūn	xūn	
駩	187	馬	16	quān	quān	
駪	187	馬	16	shēn	shēn	crowd
駫	187	馬	16	jiōng	jiōng	
駬	187	馬	16	ěr	ěr	name of a legendary swift horse
駭	187	馬	16	hài	hài	terrify
駮	187	馬	16	bó	bó	a kind of fierce animal
駯	187	馬	16	zhū	zhū	
駰	187	馬	16	yīn	yīn	grey horse
駱	187	馬	16	luò	luò	a white horse with black mane
駲	187	馬	16	zhōu	zhōu	
駳	187	馬	16	dàn	dàn	
駴	187	馬	17	hài	hài	drum
駵	187	馬	17	liú	liú	
駶	187	馬	17	jú	jú	
駷	187	馬	17	sǒng	sǒng	
駸	187	馬	17	qīn	qīn	galloping
駹	187	馬	17	máng	máng	black horse with a white face
駺	187	馬	17	láng	láng	
駻	187	馬	17	hàn	hàn	a fierce horse
駼	187	馬	17	tú	tú	
駽	187	馬	17	xuān	xuān	grey
駾	187	馬	17	tuì	tuì	run away
駿	187	馬	17	jùn	jùn	excellent horse
騀	187	馬	17	ě	ě	
騁	187	馬	17	chěng	chěng	gallop
騂	187	馬	17	xīng	xīng	red
騃	187	馬	17	ái	ái	stupid
騄	187	馬	18	lù	lù	name of a legendary swift horse
騅	187	馬	18	zhuī	zhuī	piebald horse
騆	187	馬	18	zhōu	zhōu	
騇	187	馬	18	shè	shè	
騈	187	馬	18	pián	pián	team of horses
騉	187	馬	18	kūn	kūn	fine horse
騊	187	馬	18	táo	táo	
騋	187	馬	18	lái	lái	tall (7 chi) horse
騌	187	馬	18	zōng	zōng	a horse's mane
騍	187	馬	18	kè	kè	mare
騎	187	馬	18	qí	qí	ride horseback
騏	187	馬	18	qí	qí	piebald horse
騐	187	馬	18	yàn	yàn	to verity
騑	187	馬	18	fēi	fēi	horse
騒	187	馬	18	sāo	sāo	harass
験	187	馬	18	yàn	yàn	test
騔	187	馬	19	gé	gé	
騕	187	馬	19	yǎo	yǎo	name of a fabulous horse
騖	187	馬	19	wù	wù	gallop
騗	187	馬	19	piàn	piàn	to swindle
騘	187	馬	19	cōng	cōng	a piebald horse
騙	187	馬	19	piàn	piàn	swindle
騚	187	馬	19	qián	qián	
騛	187	馬	19	fēi	fēi	
騜	187	馬	19	huáng	huáng	
騝	187	馬	18	qián	qián	
騞	187	馬	19	huō	huō	the sound of a knife cracking or breaking something
騟	187	馬	19	yú	yú	
騠	187	馬	19	tí	tí	a horse
騡	187	馬	19	quán	quán	
騢	187	馬	19	xiá	xiá	bay
騣	187	馬	19	zōng	zōng	mane
騤	187	馬	19	kuí	kuí	(of a horse) lively
騥	187	馬	19	róu	róu	
騦	187	馬	19	sī	sī	
騧	187	馬	18	guā	guā	tan or piebald horse
騨	187	馬	19	tuó	tuó	dappled
騩	187	馬	19	guī	guī	
騪	187	馬	19	sōu	sōu	
騫	187	馬	20	qiān	qiān	raise
騬	187	馬	20	chéng	chéng	
騭	187	馬	19	zhì	zhì	stallion
騮	187	馬	20	liú	liú	famous horse
騯	187	馬	20	péng	péng	loud
騰	187	馬	20	téng	téng	fly
騱	187	馬	20	xí	xí	
騲	187	馬	19	cǎo	cǎo	the female of certain animals such as horses
騳	187	馬	20	dú	dú	run
騴	187	馬	20	yàn	yàn	
騵	187	馬	20	yuán	yuán	bay
騶	187	馬	20	zōu	zōu	mounted escort
騷	187	馬	19	sāo	sāo	harass
騸	187	馬	20	shàn	shàn	geld
騹	187	馬	21	qí	qí	
騺	187	馬	21	zhì	zhì	heavy horse
騻	187	馬	21	shuāng	shuāng	horse
騼	187	馬	21	lù	lù	
騽	187	馬	21	xí	xí	
騾	187	馬	21	luó	luó	mule
騿	187	馬	21	zhāng	zhāng	
驀	187	馬	20	mò	mò	suddenly
驁	187	馬	20	ào	ào	wild horse
驂	187	馬	21	cān	cān	two outside ones in three horse
驃	187	馬	21	biāo	biāo	charger
驄	187	馬	21	cōng	cōng	horse with a bluish white color
驅	187	馬	21	qū	qū	spur a horse on
驆	187	馬	20	bì	bì	used in transliterating Buddhist books
驇	187	馬	21	zhì	zhì	heavy horse
驈	187	馬	22	yù	yù	black horses
驉	187	馬	21	xū	xū	a mule-like animal
驊	187	馬	20	huá	huá	an excellent horse
驋	187	馬	22	bō	bō	
驌	187	馬	23	sù	sù	name of a famous horse
驍	187	馬	22	xiāo	xiāo	excellent horse
驎	187	馬	22	lín	lín	
驏	187	馬	22	zhàn	zhàn	unsaddled horse
驐	187	馬	22	dūn	dūn	
驑	187	馬	22	liú	liú	
驒	187	馬	22	tuó	tuó	dappled
驓	187	馬	22	céng	céng	
驔	187	馬	22	diàn	diàn	black horse
驕	187	馬	22	jiāo	jiāo	spirited horse
驖	187	馬	23	tiě	tiě	black (horse)
驗	187	馬	23	yàn	yàn	test
驘	187	馬	23	luó	luó	mule
驙	187	馬	23	zhān	zhān	
驚	187	馬	23	jīng	jīng	frighten
驛	187	馬	23	yì	yì	relay station
驜	187	馬	23	yè	yè	
驝	187	馬	24	tuō	tuō	a camel
驞	187	馬	24	pīn	pīn	
驟	187	馬	24	zhòu	zhòu	procedure
驠	187	馬	26	yàn	yàn	
驡	187	馬	26	lóng	lóng	
驢	187	馬	26	lǘ	lǘ	donkey
驣	187	馬	26	téng	téng	
驤	187	馬	27	xiāng	xiāng	gallop about with head uplifted
驥	187	馬	26	jì	jì	thoroughbred horse
驦	187	馬	27	shuāng	shuāng	horse
驧	187	馬	27	jú	jú	
驨	187	馬	28	xí	xí	
驩	187	馬	27	huān	huān	happy
驪	187	馬	29	lí	lí	a pure black horse
驫	187	馬	30	biāo	biāo	horses
马	187'	马	3	mǎ	mǎ	horse
驭	187'	马	5	yù	yù	drive
驮	187'	马	6	tuó	duò/tuó	carry on back
驯	187'	马	6	xùn	xùn	tame
驰	187'	马	6	chí	chí	go quickly or swiftly
驱	187'	马	7	qū	qū	spur a horse on
驲	187'	马	7	rì	rì	post horse
驳	187'	马	7	bó	bó	varicolored
驴	187'	马	7	lǘ	lǘ	donkey
驵	187'	马	8	zǎng	zǎng	excellent horse
驶	187'	马	8	shǐ	shǐ	sail
驷	187'	马	8	sì	sì	team of four horses
驸	187'	马	8	fù	fù	extra horse
驹	187'	马	8	jū	jū	colt
驺	187'	马	8	zōu	zōu	mounted escort
驻	187'	马	8	zhù	zhù	to be stationed at
驼	187'	马	8	tuó	tuó	a camel
驽	187'	马	8	nú	nú	tired
驾	187'	马	8	jià	jià	to drive
驿	187'	马	8	yì	yì	relay station
骀	187'	马	8	dài	dài/tái	an old
骁	187'	马	9	xiāo	xiāo	excellent horse
骂	187'	马	9	mà	mà	accuse
骃	187'	马	9	yīn	yīn	grey horse
骄	187'	马	9	jiāo	jiāo	spirited horse
骅	187'	马	9	huá	huá	an excellent horse
骆	187'	马	9	luò	luò	a white horse with black mane
骇	187'	马	9	hài	hài	terrify
骈	187'	马	9	pián	pián	team of horses
骉	187'	马	9	biāo	biāo	running
骊	187'	马	10	lí	lí	a pure black horse
骋	187'	马	10	chěng	chěng	gallop horse
验	187'	马	10	yàn	yàn	test
骍	187'	马	10	xīng	xīng	red
骎	187'	马	10	qīn	qīn	galloping
骏	187'	马	10	jùn	jùn	excellent horse
骐	187'	马	11	qí	qí	piebald horse
骑	187'	马	11	qí	qí	ride horseback
骒	187'	马	11	kè	kè	mother horse
骓	187'	马	11	zhuī	zhuī	piebald horse
骔	187'	马	11	zōng	zōng	a horse's mane
骕	187'	马	11	sù	sù	name of a famous horse
骖	187'	马	11	cān	cān	two outside ones in three horse
骗	187'	马	12	piàn	piàn	swindle
骘	187'	马	12	zhì	zhì	stallion
骙	187'	马	12	kuí	kuí	(of a horse) lively
骚	187'	马	12	sāo	sāo	harass
骛	187'	马	12	wù	wù	gallop
骜	187'	马	13	ào	ào	wild horse
骝	187'	马	13	liú	liú	famous horse
骞	187'	马	13	qiān	qiān	raise
骟	187'	马	13	shàn	shàn	geld
骠	187'	马	14	biāo	biāo/piào	charger
骡	187'	马	14	luó	luó	mule
骢	187'	马	14	cōng	cōng	horse with a bluish white color
骣	187'	马	15	chǎn	chǎn	horse without saddle
骤	187'	马	17	zhòu	zhòu	procedure
骥	187'	马	19	jì	jì	thoroughbred horse
骦	187'	马	20	shuāng	shuāng	horse
骧	187'	马	20	xiāng	xiāng	gallop about with head uplifted
骨	188	骨	9	gǔ	gū/gǔ	bone
骩	188	骨	11	wěi	wěi	muscles
骪	188	骨	12	wěi	wěi	crooked bones
骫	188	骨	12	wěi	wěi	bent
骬	188	骨	12	yú	yú	
骭	188	骨	12	gàn	gàn	shin bone
骮	188	骨	12	yì	yì	
骯	188	骨	13	āng	āng	dirty
骰	188	骨	13	tóu	tóu	die
骱	188	骨	13	jiè	jiè	
骲	188	骨	14	bào	bào	(Cant.) to push with the body
骳	188	骨	14	bèi	bèi	
骴	188	骨	15	cī	cī	a putrid carcase
骵	188	骨	14	tǐ	tǐ	
骶	188	骨	14	dǐ	dǐ	coccyx
骷	188	骨	14	kū	kū	skeleton
骸	188	骨	15	hái	hái	skeleton
骹	188	骨	15	qiāo	qiāo	(Cant.) a joint
骺	188	骨	15	hóu	hóu	tip of a long bone
骻	188	骨	15	kuà	kuà	legs
骼	188	骨	15	gé	gé	bone
骽	188	骨	16	tuǐ	tuǐ	leg
骾	188	骨	16	gěng	gěng	any object that sticks in throat
骿	188	骨	15	pián	pián	
髀	188	骨	17	bì	bì	buttocks
髁	188	骨	17	kē	kē	thigh bone
髂	188	骨	18	qià	qià	the pelvis
髃	188	骨	18	yú	yú	shoulder bone
髄	188	骨	18	suǐ	suǐ	bone marrow
髅	188	骨	18	lóu	lóu	skull
髆	188	骨	19	bó	bó	shoulder blade
髇	188	骨	19	xiāo	xiāo	
髈	188	骨	19	bǎng	bǎng/pǎng	the pelvis
髉	188	骨	19	bó	bó	
髊	188	骨	18	cī	cī	
髋	188	骨	19	kuān	kuān	hipbone
髌	188	骨	19	bìn	bìn	kneecap
髍	188	骨	20	mó	mó	
髎	188	骨	20	liáo	liáo	hip bone
髏	188	骨	20	lóu	lóu	skull
髐	188	骨	21	xiāo	xiāo	
髑	188	骨	22	dú	dú	skull
髒	188	骨	21	zāng	zāng	dirty
髓	188	骨	21	suǐ	suǐ	bone marrow
體	188	骨	22	tǐ	tī/tǐ	body
髕	188	骨	23	bìn	bìn	kneecap
髖	188	骨	23	kuān	kuān	hipbone
髗	188	骨	25	lú	lú	the skull
高	189	高	10	gāo	gāo	high
髙	189	高	11	gāo	gāo	high
髚	189	高	14	qiào	qiào	
髛	189	高	15	kāo	kāo	
髜	189	高	18	qiǎo	qiǎo	
髝	189	高	22	láo	láo	
髞	189	高	23	sào	sào	high
髟	190	髟	10	biāo	biāo	hair
髠	190	髟	12	kūn	kūn	to shave the head as a punishment
髡	190	髟	13	kūn	kūn	to shave the head as a punishment
髢	190	髟	13	dí	dí	wig
髣	190	髟	14	fǎng	fǎng	similar to
髤	190	髟	14	xiū	xiū	red lacquer
髥	190	髟	14	rán	rán	beard
髦	190	髟	14	máo	máo	flowing hair of young child
髧	190	髟	14	dàn	dàn	long hair
髨	190	髟	14	kūn	kūn	
髩	190	髟	14	bìn	bìn	hair on the temples
髪	190	髟	14	fà	fà	hair
髫	190	髟	15	tiáo	tiáo	children's hair style
髬	190	髟	15	pī	pī	
髭	190	髟	16	zī	zī	mustache
髮	190	髟	15	fà	fà	hair
髯	190	髟	15	rán	rán	beard
髰	190	髟	15	tì	tì	
髱	190	髟	15	bào	bào	a topknot
髲	190	髟	15	bì	bì	a wig
髳	190	髟	15	máo	máo	state
髴	190	髟	15	fú	fú	disheveled hair
髵	190	髟	16	ér	ér	whiskers
髶	190	髟	16	róng	róng	
髷	190	髟	16	qū	qū	a topknot
髸	190	髟	16	gōng	gōng	
髹	190	髟	16	xiū	xiū	red lacquer
髺	190	髟	16	kuò	kuò	the hair dishevelled
髻	190	髟	16	jì	jì	hair rolled up in a bun
髼	190	髟	17	péng	péng	unkempt hair
髽	190	髟	17	zhuā	zhuā	to dress the hair
髾	190	髟	17	shāo	shāo	tail of a comet
髿	190	髟	17	suō	suō	
鬀	190	髟	17	tì	tì	to shave
鬁	190	髟	17	lì	lì	favus
鬂	190	髟	17	bìn	bìn	the hair on the temples
鬃	190	髟	18	zōng	zōng	mane
鬄	190	髟	18	dí	dí	
鬅	190	髟	18	péng	péng	unkempt hair
鬆	190	髟	18	sōng	sōng	lax
鬇	190	髟	16	zhēng	zhēng	
鬈	190	髟	18	quán	quán	fine growth of hair
鬉	190	髟	19	zōng	zōng	
鬊	190	髟	19	shùn	shùn	
鬋	190	髟	19	jiǎn	jiǎn	forelock
鬌	190	髟	19	tuǒ	tuǒ	tufts of hair left on the heads of children after shaving
鬍	190	髟	19	hú	hú	beard
鬎	190	髟	19	là	là	favus
鬏	190	髟	19	jiū	jiū	a coiffure on top of the head
鬐	190	髟	20	qí	qí	horse's mane
鬑	190	髟	20	lián	lián	long
鬒	190	髟	20	zhěn	zhěn	black
鬓	190	髟	20	bìn	bìn	hair on temples
鬔	190	髟	20	péng	péng	
鬕	190	髟	20	mà	mà	
鬖	190	髟	21	sān	sān	wild hair
鬗	190	髟	21	mán	mán	
鬘	190	髟	21	mán	mán	beautiful hair
鬙	190	髟	22	sēng	sēng	matted hair
鬚	190	髟	22	xū	xū	beard
鬛	190	髟	22	liè	liè	(variant of 鬣) a mane
鬜	190	髟	22	qiān	qiān	to go bald
鬝	190	髟	22	qiān	qiān	
鬞	190	髟	23	náng	náng	
鬟	190	髟	23	huán	huán	dress hair in coiled knot
鬠	190	髟	23	kuò	kuò	to make a top knot
鬡	190	髟	24	níng	níng	
鬢	190	髟	24	bìn	bìn	hair on the temples
鬣	190	髟	25	liè	liè	horse's mane
鬤	190	髟	27	ráng	ráng	
鬥	191	鬥	10	dòu	dòu	struggle
鬦	191	鬥	14	dòu	dòu	struggle
鬧	191	鬥	15	nào	nào	quarrel
鬨	191	鬥	16	hòng	hòng	boisterous
鬩	191	鬥	18	xì	xì	feud
鬪	191	鬥	20	dòu	dòu	struggle
鬫	191	鬥	21	hǎn	hǎn	glance
鬬	191	鬥	25	dòu	dòu	struggle
鬭	191	鬥	24	dòu	dòu	struggle
鬮	191	鬥	27	jiū	jiū	lots (to be drawn)
鬯	192	鬯	10	chàng	chàng	sacrificial wine
鬰	192	鬯	27	yù	yù	luxuriant
鬱	192	鬯	29	yù	yù	luxuriant
鬲	193	鬲	10	gé	gé/lì	type of caldron with three hollow legs
鬳	193	鬲	16	yàn	yàn	
鬴	193	鬲	17	fǔ	fǔ	pot
鬵	193	鬲	18	qín	qín	big iron pot
鬶	193	鬲	18	guī	guī	
鬷	193	鬲	19	zōng	zōng	pot
鬸	193	鬲	20	liù	liù	
鬹	193	鬲	21	guī	guī	
鬺	193	鬲	21	shāng	shāng	
鬻	193	鬲	22	yù	yù	sell
鬼	194	鬼	9	guǐ	guǐ	ghost
鬽	194	鬼	12	mèi	mèi	kind of forest demon
鬾	194	鬼	13	jì	jì	
鬿	194	鬼	13	qí	qí	
魀	194	鬼	13	gà	gà	
魁	194	鬼	13	kuí	kuí	chief
魂	194	鬼	13	hún	hún	soul
魃	194	鬼	14	bá	bá	drought demon
魄	194	鬼	14	pò	pò	vigor
魅	194	鬼	14	mèi	mèi	kind of forest demon
魆	194	鬼	15	xū	xū	black
魇	194	鬼	15	yǎn	yǎn	nightmare
魈	194	鬼	16	xiāo	xiāo	mischievous
魉	194	鬼	16	liǎng	liǎng	a kind of monster
魊	194	鬼	17	yù	yù	a mythical
魋	194	鬼	17	tuí	tuí	bear
魌	194	鬼	17	qī	qī	
魍	194	鬼	17	wǎng	wǎng	demons
魎	194	鬼	17	liǎng	liǎng	a kind of monster
魏	194	鬼	17	wèi	wèi	kingdom of Wei
魐	194	鬼	19	gān	gān	
魑	194	鬼	19	chī	chī	a mountain demon resembling a tiger
魒	194	鬼	20	piāo	piāo	
魓	194	鬼	19	bì	bì	
魔	194	鬼	20	mó	mó	demon
魕	194	鬼	21	jǐ	jǐ	
魖	194	鬼	20	xū	xū	
魗	194	鬼	23	chǒu	chǒu	
魘	194	鬼	23	yǎn	yǎn	nightmare
魙	194	鬼	23	zhān	zhān	death of disembodied spirit
魚	195	魚	11	yú	yú	fish
魛	195	魚	13	dāo	dāo	the mullet
魜	195	魚	13	rén	rén	mermaid
魝	195	魚	13	jié	jié	
魞	195	魚	13	bā	bā	fish trap
魟	195	魚	14	hóng	hóng	a ray
魠	195	魚	14	tuō	tuō	
魡	195	魚	14	diào	diào	
魢	195	魚	14	jǐ	jǐ	name of fish
魣	195	魚	15	xù	xù	
魤	195	魚	15	é	é	
魥	195	魚	14	è	è	
魦	195	魚	15	shā	shā	shark family
魧	195	魚	15	háng	háng	
魨	195	魚	15	tún	tún	blowfish
魩	195	魚	15	mò	mò	
魪	195	魚	15	jiè	jiè	
魫	195	魚	15	shěn	shěn	the young of fish
魬	195	魚	15	bǎn	bǎn	sole or flounder
魭	195	魚	15	yuán	yuán	
魮	195	魚	15	pí	pí	
魯	195	魚	15	lǔ	lǔ	foolish
魰	195	魚	15	wén	wén	the flying-fish
魱	195	魚	15	hú	hú	
魲	195	魚	15	lú	lú	fish name
魳	195	魚	15	zā	zā	a barracuda
魴	195	魚	15	fáng	fáng	bream
魵	195	魚	15	fén	fén	shrimp
魶	195	魚	15	nà	nà	
魷	195	魚	15	yóu	yóu	cuttlefish
魸	195	魚	15	piàn	piàn	
魹	195	魚	15	mó	mó	
魺	195	魚	16	hé	hé	
魻	195	魚	16	xiá	xiá	
魼	195	魚	16	qū	qū	
魽	195	魚	16	hán	hán	
魾	195	魚	16	pī	pī	
魿	195	魚	16	líng	líng	
鮀	195	魚	16	tuó	tuó	snakefish
鮁	195	魚	16	bō	bō	the bonito
鮂	195	魚	16	qiú	qiú	
鮃	195	魚	16	píng	píng	a flatfish
鮄	195	魚	16	fú	fú	gurnard
鮅	195	魚	16	bì	bì	
鮆	195	魚	17	cǐ	cǐ	fish
鮇	195	魚	16	wèi	wèi	
鮈	195	魚	16	jū	jū	
鮉	195	魚	16	diāo	diāo	bream
鮊	195	魚	16	bà	bà	common bleak (Alburnus alburnus)
鮋	195	魚	16	yóu	yóu	
鮌	195	魚	16	gǔn	gǔn	a legendary giant fish
鮍	195	魚	16	pī	pī	Spanish mackerel
鮎	195	魚	16	nián	nián	sheatfish
鮏	195	魚	16	xīng	xīng	
鮐	195	魚	16	tái	tái	blowfish
鮑	195	魚	16	bào	bào	abalone
鮒	195	魚	16	fù	fù	carp
鮓	195	魚	16	zhǎ	zhǎ	minced and salted fish
鮔	195	魚	15	jù	jù	
鮕	195	魚	16	gū	gū	
鮖	195	魚	16	shí	shí	
鮗	195	魚	16	dōng	dōng	
鮘	195	魚	16	dài	dài	
鮙	195	魚	17	tà	tà	
鮚	195	魚	17	jié	jié	clam
鮛	195	魚	17	shū	shū	
鮜	195	魚	17	hòu	hòu	
鮝	195	魚	17	xiǎng	xiǎng	dried fish
鮞	195	魚	17	ér	ér	roe
鮟	195	魚	17	àn	àn	anglerfish
鮠	195	魚	17	wéi	wéi	a kind of shad with a head like a sturgeon
鮡	195	魚	17	zhào	zhào	
鮢	195	魚	17	zhū	zhū	
鮣	195	魚	16	yìn	yìn	live sharksucker (Echeneis naucrates)
鮤	195	魚	17	liè	liè	
鮥	195	魚	17	luò	luò	
鮦	195	魚	17	tóng	tóng	snakefish
鮧	195	魚	17	tǐ	tǐ	the sheatfish
鮨	195	魚	17	yì	yì	seasoned rice mixed with fish or vegetables
鮩	195	魚	17	bìng	bìng	
鮪	195	魚	17	wěi	wěi	kind of sturgeon
鮫	195	魚	17	jiāo	jiāo	shark
鮬	195	魚	17	kū	kū	
鮭	195	魚	17	guī	guī	salmon
鮮	195	魚	17	xiān	xiān	fresh
鮯	195	魚	17	gé	gé	
鮰	195	魚	17	huí	huí	a small sturgeon found in the Yangzi
鮱	195	魚	17	lǎo	lǎo	
鮲	195	魚	17	fú	fú	
鮳	195	魚	17	kào	kào	
鮴	195	魚	17	xiū	xiū	
鮵	195	魚	18	duó	duó	
鮶	195	魚	18	jūn	jūn	
鮷	195	魚	18	tí	tí	
鮸	195	魚	18	miǎn	miǎn	Sciaena albiflora
鮹	195	魚	18	shāo	shāo	an octopus
鮺	195	魚	17	zhǎ	zhǎ	minced and salted fish
鮻	195	魚	18	suō	suō	dace
鮼	195	魚	18	qīn	qīn	
鮽	195	魚	18	yú	yú	
鮾	195	魚	18	něi	něi	
鮿	195	魚	18	zhé	zhé	dried fish
鯀	195	魚	18	gǔn	gǔn	a legendary giant fish
鯁	195	魚	18	gěng	gěng	fish bones
鯂	195	魚	18	sū	sū	
鯃	195	魚	18	wú	wú	
鯄	195	魚	18	qiú	qiú	
鯅	195	魚	17	shān	shān	
鯆	195	魚	18	pū	pū	the skate or ray
鯇	195	魚	18	huàn	huàn	grass carp (Ctenopharyngodon idella)
鯈	195	魚	18	tiáo	tiáo	freshwater minnow
鯉	195	魚	18	lǐ	lǐ	carp
鯊	195	魚	18	shā	shā	shark
鯋	195	魚	18	shā	shā	shark
鯌	195	魚	18	kào	kào	
鯍	195	魚	18	méng	méng	
鯎	195	魚	17	chéng	chéng	
鯏	195	魚	18	lí	lí	dialect name for a (bad tasting) blood clam
鯐	195	魚	18	zǒu	zǒu	
鯑	195	魚	18	xī	xī	
鯒	195	魚	18	yǒng	yǒng	a flathead (fish)
鯓	195	魚	18	shēn	shēn	
鯔	195	魚	19	zī	zī	mullet
鯕	195	魚	19	qí	qí	Coryphaena hippurus
鯖	195	魚	19	zhēng	zhēng	mackerel
鯗	195	魚	18	xiǎng	xiǎng	dried fish
鯘	195	魚	19	něi	něi	
鯙	195	魚	19	chún	chún	Scomberomorus sinensis
鯚	195	魚	19	jì	jì	
鯛	195	魚	19	diāo	diāo	Pagrosomus major
鯜	195	魚	19	qiè	qiè	
鯝	195	魚	19	gù	gù	fish guts
鯞	195	魚	19	zhǒu	zhǒu	
鯟	195	魚	19	dōng	dōng	
鯠	195	魚	19	lái	lái	to confer
鯡	195	魚	19	fèi	fèi	herring
鯢	195	魚	19	ní	ní	Cryptobranchus japonicus
鯣	195	魚	19	yì	yì	a cuttlefish
鯤	195	魚	19	kūn	kūn	spawn
鯥	195	魚	19	lù	lù	
鯦	195	魚	19	jiù	jiù	
鯧	195	魚	19	chāng	chāng	the silvery pomfret
鯨	195	魚	19	jīng	jīng	whale
鯩	195	魚	19	lún	lún	
鯪	195	魚	19	líng	líng	carp
鯫	195	魚	19	zōu	zōu	small fish
鯬	195	魚	19	lí	lí	
鯭	195	魚	19	měng	měng	(Cant.) 泥鯭
鯮	195	魚	19	zōng	zōng	
鯯	195	魚	19	zhì	zhì	
鯰	195	魚	19	nián	nián	sheat
鯱	195	魚	19	hǔ	hǔ	mythical dolphin-like fish
鯲	195	魚	19	yú	yú	
鯳	195	魚	19	dǐ	dǐ	
鯴	195	魚	19	shī	shī	cat fish
鯵	195	魚	19	shēn	shēn	
鯶	195	魚	20	huàn	huàn	grass carp (Ctenopharyngodon idella)
鯷	195	魚	20	tí	tí	anchovy
鯸	195	魚	20	hóu	hóu	blowfish
鯹	195	魚	20	xīng	xīng	
鯺	195	魚	19	zhū	zhū	blowfish
鯻	195	魚	20	là	là	
鯼	195	魚	20	zōng	zōng	
鯽	195	魚	18	zéi	zéi	Carassius auratus
鯾	195	魚	20	biān	biān	
鯿	195	魚	20	biān	biān	bream
鰀	195	魚	20	huàn	huàn	
鰁	195	魚	20	quán	quán	a kind of carp
鰂	195	魚	20	zéi	zéi	cuttlefish
鰃	195	魚	20	wēi	wēi	name of fish
鰄	195	魚	20	wēi	wēi	
鰅	195	魚	20	yú	yú	
鰆	195	魚	20	chūn	chūn	Chinese mackerel
鰇	195	魚	20	róu	róu	
鰈	195	魚	20	dié	dié	flatfish
鰉	195	魚	20	huáng	huáng	sturgeon
鰊	195	魚	20	liàn	liàn	a herring
鰋	195	魚	20	yǎn	yǎn	sheat
鰌	195	魚	20	qiū	qiū	loach
鰍	195	魚	20	qiū	qiū	loach
鰎	195	魚	19	jiǎn	jiǎn	
鰏	195	魚	20	bī	bī	
鰐	195	魚	20	è	è	alligator
鰑	195	魚	20	yáng	yáng	
鰒	195	魚	20	fù	fù	abalone
鰓	195	魚	20	sāi	sāi	fish gills
鰔	195	魚	20	gǎn	gǎn	a kind of fish
鰕	195	魚	20	xiā	xiā	shrimp
鰖	195	魚	20	tuǒ	tuǒ	
鰗	195	魚	20	hú	hú	
鰘	195	魚	20	shì	shì	
鰙	195	魚	19	ruò	ruò	
鰚	195	魚	20	xuān	xuān	
鰛	195	魚	20	wēn	wēn	sardine
鰜	195	魚	21	qiàn	qiàn	big-mouthed flounder
鰝	195	魚	21	hào	hào	
鰞	195	魚	21	wū	wū	squid
鰟	195	魚	21	fáng	fáng	several species of small carp
鰠	195	魚	20	sāo	sāo	carp
鰡	195	魚	21	liú	liú	
鰢	195	魚	21	mǎ	mǎ	
鰣	195	魚	21	shí	shí	Reeves' shad (Tenualosa reevesii)
鰤	195	魚	21	shī	shī	a yellowtail (fish)
鰥	195	魚	21	guān	guān	huge fish
鰦	195	魚	20	zī	zī	
鰧	195	魚	21	téng	téng	loach
鰨	195	魚	21	tǎ	tǎ	sole
鰩	195	魚	21	yáo	yáo	the nautilus
鰪	195	魚	21	é	é	
鰫	195	魚	21	yóng	yóng	
鰬	195	魚	21	qián	qián	
鰭	195	魚	21	qí	qí	fin
鰮	195	魚	21	wēn	wēn	sardine
鰯	195	魚	21	ruò	ruò	a sardine
鰰	195	魚	20	shén	shén	
鰱	195	魚	21	lián	lián	silver carp
鰲	195	魚	21	áo	áo	huge sea turtle
鰳	195	魚	22	lè	lè	Chinese herring
鰴	195	魚	22	huī	huī	
鰵	195	魚	22	mǐn	mǐn	codfish
鰶	195	魚	22	jì	jì	
鰷	195	魚	21	tiáo	tiáo	minnow
鰸	195	魚	22	qū	qū	
鰹	195	魚	22	jiān	jiān	skipjack
鰺	195	魚	22	shēn	shēn	a horse mackerel
鰻	195	魚	22	mán	mán	eel
鰼	195	魚	22	xí	xí	the weather or dojo loach
鰽	195	魚	22	qiú	qiú	herring
鰾	195	魚	22	biào	biào	swimming bladder of fish
鰿	195	魚	22	jì	jì	
鱀	195	魚	20	jì	jì	
鱁	195	魚	21	zhú	zhú	
鱂	195	魚	22	jiāng	jiāng	name of fish
鱃	195	魚	21	xiū	xiū	
鱄	195	魚	22	zhuān	zhuān	anchovy
鱅	195	魚	22	yōng	yōng	a kind of tench
鱆	195	魚	22	zhāng	zhāng	an octopus
鱇	195	魚	22	kāng	kāng	anglerfish
鱈	195	魚	22	xuě	xuě	codfish
鱉	195	魚	22	biē	biē	turtle
鱊	195	魚	23	yù	yù	
鱋	195	魚	22	qū	qū	
鱌	195	魚	22	xiàng	xiàng	
鱍	195	魚	23	bō	bō	
鱎	195	魚	23	jiǎo	jiǎo	
鱏	195	魚	23	xún	xún	a ray
鱐	195	魚	24	sù	sù	dried fish
鱑	195	魚	22	huáng	huáng	the sturgeon
鱒	195	魚	23	zūn	zūn	barbel
鱓	195	魚	23	shàn	shàn	eel
鱔	195	魚	23	shàn	shàn	eel
鱕	195	魚	23	fān	fān	
鱖	195	魚	23	guì	guì	mandarin fish
鱗	195	魚	23	lín	lín	fish scales
鱘	195	魚	23	xún	xún	sturgeon
鱙	195	魚	23	miáo	miáo	
鱚	195	魚	23	xǐ	xǐ	
鱛	195	魚	23	zēng	zēng	fish name
鱜	195	魚	22	xiāng	xiāng	
鱝	195	魚	23	fèn	fèn	fish
鱞	195	魚	24	guān	guān	
鱟	195	魚	24	hòu	hòu	horseshoe crab
鱠	195	魚	24	kuài	kuài	minced fish
鱡	195	魚	24	zéi	zéi	the cuttle-fish
鱢	195	魚	24	sāo	sāo	
鱣	195	魚	24	zhān	zhān	sturgeon
鱤	195	魚	24	gǎn	gǎn	
鱥	195	魚	24	guì	guì	
鱦	195	魚	24	yìng	yìng	
鱧	195	魚	24	lǐ	lǐ	snakehead
鱨	195	魚	25	cháng	cháng	codfish
鱩	195	魚	24	léi	léi	
鱪	195	魚	23	shǔ	shǔ	
鱫	195	魚	24	ài	ài	
鱬	195	魚	25	rú	rú	
鱭	195	魚	25	jì	jì	anchovy
鱮	195	魚	24	xù	xù	silver carp (Hypophthalmichthys molitrix)
鱯	195	魚	24	hù	hù	
鱰	195	魚	24	shǔ	shǔ	
鱱	195	魚	25	lì	lì	
鱲	195	魚	26	liè	liè	(Cant.) 赤鱲角
鱳	195	魚	26	lì	lì	
鱴	195	魚	25	miè	miè	
鱵	195	魚	26	zhēn	zhēn	
鱶	195	魚	25	xiǎng	xiǎng	a shark
鱷	195	魚	27	è	è	crocodile
鱸	195	魚	27	lú	lú	sea perch
鱹	195	魚	28	guàn	guàn	
鱺	195	魚	30	lí	lí	eel
鱻	195	魚	33	xiān	xiān	fresh
鱼	195'	鱼	8	yú	yú	fish
鱽	195'	鱼	10	dāo	dāo	the mullet
鱾	195'	鱼	11	jǐ	jǐ	name of fish
鱿	195'	鱼	12	yóu	yóu	cuttlefish
鲀	195'	鱼	12	tún	tún	blowfish
鲁	195'	鱼	12	lǔ	lǔ	foolish
鲂	195'	鱼	12	fáng	fáng	bream
鲃	195'	鱼	12	bā	bā	a kind of fish
鲄	195'	鱼	13	hé	hé	
鲅	195'	鱼	13	bà	bà	fish name
鲆	195'	鱼	13	píng	píng	sole
鲇	195'	鱼	13	nián	nián	sheatfish
鲈	195'	鱼	13	lú	lú	sea perch
鲉	195'	鱼	13	yóu	yóu	
鲊	195'	鱼	13	zhǎ	zhǎ	minced and salted fish
鲋	195'	鱼	13	fù	fù	carp
鲌	195'	鱼	13	bó	bó	common bleak (Alburnus alburnus)
鲍	195'	鱼	13	bào	bào	abalone
鲎	195'	鱼	13	hòu	hòu	king crab
鲏	195'	鱼	13	pí	pí	Spanish mackerel
鲐	195'	鱼	13	tái	tái	globefish
鲑	195'	鱼	14	guī	guī	salmon
鲒	195'	鱼	14	jié	jié	clam
鲓	195'	鱼	14	kào	kào	
鲔	195'	鱼	14	wěi	wěi	kind of sturgeon
鲕	195'	鱼	14	ér	ér	roe
鲖	195'	鱼	14	tóng	tóng	snakefish
鲗	195'	鱼	14	zéi	zéi	cuttlefish
鲘	195'	鱼	14	hòu	hòu	
鲙	195'	鱼	14	kuài	kuài	minced fish
鲚	195'	鱼	14	jì	jì	anchovy
鲛	195'	鱼	14	jiāo	jiāo	shark
鲜	195'	鱼	14	xiān	xiān/xiǎn	fresh
鲝	195'	鱼	14	zhǎ	zhǎ	minced and salted fish
鲞	195'	鱼	14	xiǎng	xiǎng	dried fish
鲟	195'	鱼	14	xún	xún	sturgeon
鲠	195'	鱼	15	gěng	gěng	fish bones
鲡	195'	鱼	15	lí	lí	eel
鲢	195'	鱼	15	lián	lián	silver carp
鲣	195'	鱼	15	jiān	jiān	skipjack
鲤	195'	鱼	15	lǐ	lǐ	carp
鲥	195'	鱼	15	shí	shí	reeves' shad
鲦	195'	鱼	15	tiáo	tiáo	minnow
鲧	195'	鱼	15	gǔn	gǔn	giant fish
鲨	195'	鱼	15	shā	shā	shark
鲩	195'	鱼	15	huàn	huàn	carp
鲪	195'	鱼	15	jūn	jūn	
鲫	195'	鱼	15	jì	jì	Carassius auratus
鲬	195'	鱼	15	yǒng	yǒng	a flathead (fish)
鲭	195'	鱼	16	qīng	qīng	mackerel
鲮	195'	鱼	16	líng	líng	carp
鲯	195'	鱼	16	qí	qí	Coryphaena hippurus
鲰	195'	鱼	16	zōu	zōu	small fish
鲱	195'	鱼	16	fēi	fēi	herring
鲲	195'	鱼	16	kūn	kūn	spawn
鲳	195'	鱼	16	chāng	chāng	the silvery pomfret
鲴	195'	鱼	16	gù	gù	fish guts
鲵	195'	鱼	16	ní	ní	Cryptobranchus japonicus
鲶	195'	鱼	16	nián	nián	sheat
鲷	195'	鱼	16	diāo	diāo	Pagrosomus major
鲸	195'	鱼	16	jīng	jīng	whale
鲹	195'	鱼	16	shēn	shēn	a horse mackerel
鲺	195'	鱼	16	shī	shī	cat fish
鲻	195'	鱼	16	zī	zī	mullet
鲼	195'	鱼	17	fèn	fèn	fish
鲽	195'	鱼	17	dié	dié	flatfish
鲾	195'	鱼	17	bī	bī	
鲿	195'	鱼	17	cháng	cháng	codfish
鳀	195'	鱼	17	tí	tí	anchovy
鳁	195'	鱼	17	wēn	wēn	sardine
鳂	195'	鱼	17	wēi	wēi	name of fish
鳃	195'	鱼	17	sāi	sāi	fish gills
鳄	195'	鱼	17	è	è	alligator
鳅	195'	鱼	17	qiū	qiū	loach
鳆	195'	鱼	17	fù	fù	abalone
鳇	195'	鱼	17	huáng	huáng	sturgeon
鳈	195'	鱼	17	quán	quán	name of fish
鳉	195'	鱼	17	jiāng	jiāng	name of fish
鳊	195'	鱼	17	biān	biān	bream
鳋	195'	鱼	17	sāo	sāo	carp
鳌	195'	鱼	18	áo	áo	huge sea turtle
鳍	195'	鱼	18	qí	qí	fin
鳎	195'	鱼	18	tǎ	tǎ	sole
鳏	195'	鱼	18	guān	guān	huge fish
鳐	195'	鱼	18	yáo	yáo	the nautilus
鳑	195'	鱼	18	páng	páng	several species of small carp
鳒	195'	鱼	18	jiān	jiān	big-mouthed flounder
鳓	195'	鱼	19	lè	lè	Chinese herring
鳔	195'	鱼	19	biào	biào	swimming bladder of fish
鳕	195'	鱼	19	xuě	xuě	codfish
鳖	195'	鱼	19	biē	biē	turtle
鳗	195'	鱼	19	mán	mán	eel
鳘	195'	鱼	19	mǐn	mǐn	codfish
鳙	195'	鱼	19	yōng	yōng	bighead
鳚	195'	鱼	19	wèi	wèi	general term of a kind of fish
鳛	195'	鱼	19	xí	xí	the weather or dojo loach
鳜	195'	鱼	20	guì	guì	mandarin fish
鳝	195'	鱼	20	shàn	shàn	eel
鳞	195'	鱼	20	lín	lín	fish scales
鳟	195'	鱼	20	zūn	zūn	barbel
鳠	195'	鱼	21	hù	hù	
鳡	195'	鱼	21	gǎn	gǎn	
鳢	195'	鱼	21	lǐ	lǐ	snakehead
鳣	195'	鱼	21	zhān	zhān	sturgeon
鳤	195'	鱼	22	guǎn	guǎn	a kind of fish
鳥	196	鳥	11	niǎo	diǎo/niǎo	bird
鳦	196	鳥	12	yǐ	yǐ	swallow
鳧	196	鳥	13	fú	fú	wild duck
鳨	196	鳥	13	lì	lì	
鳩	196	鳥	13	jiū	jiū	pigeon
鳪	196	鳥	13	bú	bú	
鳫	196	鳥	13	yàn	yàn	wild goose
鳬	196	鳥	9	fǔ	fǔ	wild duck
鳭	196	鳥	13	diāo	diāo	
鳮	196	鳥	13	jī	jī	chickens
鳯	196	鳥	13	fèng	fèng	male phoenix
鳰	196	鳥	13	rù	rù	
鳱	196	鳥	14	gān	gān	
鳲	196	鳥	14	shī	shī	turtledove
鳳	196	鳥	14	fèng	fèng	male phoenix
鳴	196	鳥	14	míng	míng	cry of bird or animal
鳵	196	鳥	14	bǎo	bǎo	
鳶	196	鳥	14	yuān	yuān	kite
鳷	196	鳥	15	zhī	zhī	jay (Garrulus lidthi)
鳸	196	鳥	15	hù	hù	
鳹	196	鳥	15	qín	qín	
鳺	196	鳥	15	fū	fū	
鳻	196	鳥	15	bān	bān	the wild pigeon
鳼	196	鳥	15	wén	wén	
鳽	196	鳥	15	jiān	jiān	
鳾	196	鳥	15	shī	shī	nuthatch
鳿	196	鳥	15	yù	yù	
鴀	196	鳥	15	fǒu	fǒu	
鴁	196	鳥	15	yāo	yāo	a legendary bird
鴂	196	鳥	15	jué	jué	the tailor-bird
鴃	196	鳥	15	jué	jué	shrike
鴄	196	鳥	15	pǐ	pǐ	duck
鴅	196	鳥	15	huān	huān	
鴆	196	鳥	15	zhèn	zhèn	a bird resembling the secretary falcon
鴇	196	鳥	15	bǎo	bǎo	bustard
鴈	196	鳥	15	yàn	yàn	wild goose
鴉	196	鳥	15	yā	yā	crow
鴊	196	鳥	16	zhèng	zhèng	
鴋	196	鳥	15	fāng	fāng	
鴌	196	鳥	15	fèng	fèng	
鴍	196	鳥	15	wén	wén	
鴎	196	鳥	15	ōu	ōu	seagull
鴏	196	鳥	16	dài	dài	
鴐	196	鳥	16	gē	gē	
鴑	196	鳥	16	rú	rú	
鴒	196	鳥	16	líng	líng	species of lark
鴓	196	鳥	16	miè	miè	
鴔	196	鳥	15	fú	fú	
鴕	196	鳥	16	tuó	tuó	ostrich
鴖	196	鳥	16	mín	mín	
鴗	196	鳥	16	lì	lì	kingfisher
鴘	196	鳥	16	biǎn	biǎn	
鴙	196	鳥	16	zhì	zhì	
鴚	196	鳥	16	gē	gē	
鴛	196	鳥	16	yuān	yuān	male mandarin duck (Aix galericulata)
鴜	196	鳥	17	cí	cí	
鴝	196	鳥	16	qú	qú	mynah
鴞	196	鳥	16	xiāo	xiāo	owl
鴟	196	鳥	16	chī	chī	kite
鴠	196	鳥	16	dàn	dàn	a kind of nightingale
鴡	196	鳥	16	jū	jū	
鴢	196	鳥	16	yǎo	yǎo	
鴣	196	鳥	16	gū	gū	Arborophila species (various)
鴤	196	鳥	16	zhōng	zhōng	
鴥	196	鳥	16	yù	yù	swoop
鴦	196	鳥	16	yāng	yāng	female mandarin duck (Aix galericulata)
鴧	196	鳥	16	yù	yù	
鴨	196	鳥	16	yā	yā	duck
鴩	196	鳥	16	tiě	tiě	
鴪	196	鳥	16	yù	yù	swoop
鴫	196	鳥	16	tián	tián	a snipe
鴬	196	鳥	16	yīng	yīng	oriole
鴭	196	鳥	17	duī	duī	
鴮	196	鳥	17	wū	wū	
鴯	196	鳥	17	ér	ér	swallow
鴰	196	鳥	17	guā	guā	the crow
鴱	196	鳥	16	ài	ài	
鴲	196	鳥	17	zhī	zhī	
鴳	196	鳥	17	yàn	yàn	quail
鴴	196	鳥	17	héng	héng	plover
鴵	196	鳥	17	xiāo	xiāo	
鴶	196	鳥	17	jiá	jiá	
鴷	196	鳥	17	liè	liè	a woodpecker
鴸	196	鳥	17	zhū	zhū	
鴹	196	鳥	17	yáng	yáng	
鴺	196	鳥	17	tí	tí	the pelican
鴻	196	鳥	17	hóng	hóng	species of wild swan
鴼	196	鳥	17	luò	luò	
鴽	196	鳥	17	rú	rú	a species of bird resembling quail
鴾	196	鳥	17	móu	móu	a crested ibis
鴿	196	鳥	17	gē	gē	pigeon
鵀	196	鳥	17	rén	rén	hoopoe
鵁	196	鳥	17	jiāo	jiāo	the fishing cormorant
鵂	196	鳥	17	xiū	xiū	owl
鵃	196	鳥	17	zhōu	zhōu	ancient name for a bird with black feathers and a short tail
鵄	196	鳥	17	chī	chī	(variant of 鴟) kite
鵅	196	鳥	17	luò	luò	
鵆	196	鳥	17	héng	héng	
鵇	196	鳥	17	nián	nián	
鵈	196	鳥	17	ě	ě	
鵉	196	鳥	17	luán	luán	
鵊	196	鳥	18	jiá	jiá	
鵋	196	鳥	18	jì	jì	
鵌	196	鳥	18	tú	tú	
鵍	196	鳥	18	huān	huān	
鵎	196	鳥	18	tuǒ	tuǒ	
鵏	196	鳥	18	bǔ	bǔ	
鵐	196	鳥	18	wú	wú	
鵑	196	鳥	18	juān	juān	cuckoo
鵒	196	鳥	18	yù	yù	mynah bird
鵓	196	鳥	18	bó	bó	wood pigeon
鵔	196	鳥	18	jùn	jùn	
鵕	196	鳥	18	jùn	jùn	
鵖	196	鳥	16	bī	bī	
鵗	196	鳥	18	xī	xī	
鵘	196	鳥	18	jùn	jùn	
鵙	196	鳥	18	jú	jú	shrike
鵚	196	鳥	18	tū	tū	moulting
鵛	196	鳥	18	jīng	jīng	
鵜	196	鳥	18	tí	tí	pelican
鵝	196	鳥	18	é	é	goose
鵞	196	鳥	18	é	é	goose
鵟	196	鳥	18	kuáng	kuáng	
鵠	196	鳥	18	hú	hú	target
鵡	196	鳥	19	wǔ	wǔ	species of parrot
鵢	196	鳥	18	shēn	shēn	
鵣	196	鳥	18	lài	lài	
鵤	148	角	18	zān	zān	
鵥	196	鳥	18	pàn	pàn	
鵦	196	鳥	19	lù	lù	
鵧	196	鳥	17	pí	pí	
鵨	196	鳥	19	shū	shū	
鵩	196	鳥	19	fú	fú	owl-like bird
鵪	196	鳥	19	ān	ān	quail
鵫	196	鳥	19	zhuó	zhuó	pheasant
鵬	196	鳥	19	péng	péng	fabulous bird of enormous size
鵭	196	鳥	19	qín	qín	a small bird with black neck
鵮	196	鳥	19	qiān	qiān	to peck
鵯	196	鳥	19	bēi	bēi	Pycnonotus species (various)
鵰	196	鳥	19	diāo	diāo	eagle
鵱	196	鳥	19	lù	lù	
鵲	196	鳥	19	què	què	magpie
鵳	196	鳥	19	jiān	jiān	
鵴	196	鳥	19	jú	jú	
鵵	196	鳥	19	tù	tù	
鵶	196	鳥	19	yā	yā	crow
鵷	196	鳥	19	yuān	yuān	a legendary bird similar to the phoenix
鵸	196	鳥	19	qí	qí	
鵹	196	鳥	19	lí	lí	
鵺	196	鳥	19	yè	yè	
鵻	196	鳥	19	zhuī	zhuī	pigeon
鵼	196	鳥	19	kōng	kōng	a fabulous night-bird
鵽	196	鳥	19	duò	duò	
鵾	196	鳥	19	kūn	kūn	a bird resembling the crane
鵿	196	鳥	19	shēng	shēng	
鶀	196	鳥	19	qí	qí	
鶁	196	鳥	19	jīng	jīng	
鶂	196	鳥	19	yì	yì	hawk
鶃	196	鳥	19	yì	yì	hawk
鶄	196	鳥	19	jīng	jīng	a kind of water bird
鶅	196	鳥	19	zī	zī	
鶆	196	鳥	19	lái	lái	
鶇	196	鳥	19	dōng	dōng	thrush
鶈	196	鳥	19	qī	qī	
鶉	196	鳥	19	chún	chún	quail
鶊	196	鳥	19	gēng	gēng	oriole
鶋	196	鳥	19	jū	jū	a sea-bird with a white breast
鶌	196	鳥	19	jué	jué	
鶍	196	鳥	19	yì	yì	
鶎	196	鳥	19	zūn	zūn	
鶏	196	鳥	19	jī	jī	chicken
鶐	196	鳥	19	shù	shù	
鶑	196	鳥	19	yīng	yīng	
鶒	196	鳥	20	chì	chì	a duck-like bird
鶓	196	鳥	19	miáo	miáo	emu
鶔	196	鳥	20	róu	róu	
鶕	196	鳥	20	ān	ān	
鶖	196	鳥	20	qiū	qiū	large waterfowl with naked head
鶗	196	鳥	20	tí	tí	a kind of hawk
鶘	196	鳥	20	hú	hú	pelican
鶙	196	鳥	20	tí	tí	
鶚	196	鳥	20	è	è	osprey
鶛	196	鳥	20	jiē	jiē	
鶜	196	鳥	19	máo	máo	
鶝	196	鳥	20	fú	fú	
鶞	196	鳥	20	chūn	chūn	
鶟	196	鳥	20	tú	tú	
鶠	196	鳥	20	yǎn	yǎn	
鶡	196	鳥	20	hé	hé	crossbill
鶢	196	鳥	20	yuán	yuán	a bird which frequents the sea-shore
鶣	196	鳥	20	piān	piān	
鶤	196	鳥	20	kūn	kūn	
鶥	196	鳥	20	méi	méi	babbler
鶦	196	鳥	20	hú	hú	pelican
鶧	196	鳥	19	yīng	yīng	
鶨	196	鳥	20	chuàn	chuàn	
鶩	196	鳥	20	wù	wù	duck
鶪	196	鳥	20	jú	jú	a shrike
鶫	196	鳥	20	dōng	dōng	thrush
鶬	196	鳥	21	cāng	cāng	oriole
鶭	196	鳥	21	fǎng	fǎng	
鶮	196	鳥	21	hè	hè	
鶯	196	鳥	21	yīng	yīng	oriole
鶰	196	鳥	21	yuán	yuán	
鶱	196	鳥	21	xiān	xiān	to soar
鶲	196	鳥	21	wēng	wēng	flycatcher
鶳	196	鳥	21	shī	shī	
鶴	196	鳥	21	hè	hè	crane
鶵	196	鳥	21	chú	chú	chick
鶶	196	鳥	21	táng	táng	
鶷	196	鳥	21	xiá	xiá	
鶸	196	鳥	21	ruò	ruò	light yellowish-green
鶹	196	鳥	21	liú	liú	the owl
鶺	196	鳥	21	jí	jí	wagtail
鶻	196	鳥	20	gú	gú	a kind of pigeon
鶼	196	鳥	21	jiān	jiān	fabulous mythical bird
鶽	196	鳥	21	sǔn	sǔn	a hawk
鶾	196	鳥	21	hàn	hàn	
鶿	196	鳥	20	cí	cí	cormorant
鷀	196	鳥	20	cí	cí	the fishing cormorant
鷁	196	鳥	21	yì	yì	fishhawk
鷂	196	鳥	21	yào	yào	sparrow hawk
鷃	196	鳥	21	yàn	yàn	quail
鷄	196	鳥	21	jī	jī	chicken
鷅	196	鳥	21	lì	lì	
鷆	196	鳥	21	tián	tián	bird name
鷇	196	鳥	21	kòu	kòu	chicks
鷈	196	鳥	21	tī	tī	a kind of bird
鷉	196	鳥	21	tī	tī	grebe
鷊	196	鳥	21	yì	yì	pheasant
鷋	196	鳥	21	tú	tú	
鷌	196	鳥	21	mǎ	mǎ	
鷍	196	鳥	21	xiāo	xiāo	
鷎	196	鳥	21	gāo	gāo	
鷏	196	鳥	21	tián	tián	Caprimulgus indicus
鷐	196	鳥	22	chén	chén	
鷑	196	鳥	22	jí	jí	
鷒	196	鳥	22	tuán	tuán	
鷓	196	鳥	22	zhè	zhè	partridge
鷔	196	鳥	21	áo	áo	a bird of ill-omen to the state
鷕	196	鳥	22	yǎo	yǎo	call
鷖	196	鳥	22	yī	yī	seagull
鷗	196	鳥	22	ōu	ōu	seagull
鷘	196	鳥	22	chì	chì	a water bird
鷙	196	鳥	22	zhì	zhì	hawk
鷚	196	鳥	22	liù	liù	Anthus species (various)
鷛	196	鳥	22	yōng	yōng	
鷜	196	鳥	22	lǘ	lǘ	
鷝	196	鳥	21	bì	bì	
鷞	196	鳥	22	shuāng	shuāng	turquoise kingfisher
鷟	196	鳥	22	zhuó	zhuó	phoenix
鷠	195	魚	22	yú	yú	
鷡	196	鳥	23	wú	wú	
鷢	196	鳥	23	jué	jué	
鷣	196	鳥	23	yín	yín	
鷤	196	鳥	23	tí	tí	
鷥	196	鳥	23	sī	sī	egret
鷦	196	鳥	23	jiāo	jiāo	wren
鷧	196	鳥	23	yì	yì	cormorant
鷨	196	鳥	21	huá	huá	
鷩	196	鳥	22	bì	bì	pheasant
鷪	196	鳥	23	yīng	yīng	
鷫	196	鳥	24	sù	sù	turquoise kingfisher
鷬	196	鳥	22	huáng	huáng	
鷭	196	鳥	23	fán	fán	
鷮	196	鳥	23	jiāo	jiāo	long-tailed pheasant
鷯	196	鳥	23	liáo	liáo	wren
鷰	196	鳥	23	yàn	yàn	swallow (bird)
鷱	196	鳥	23	gāo	gāo	
鷲	196	鳥	23	jiù	jiù	condor
鷳	196	鳥	23	xián	xián	the silver pheasant
鷴	196	鳥	23	xián	xián	silver pheasant badge worn by civil officials of the 5th grade
鷵	196	鳥	22	tú	tú	
鷶	196	鳥	23	mǎi	mǎi	
鷷	196	鳥	23	zūn	zūn	
鷸	196	鳥	23	yù	yù	snipe
鷹	196	鳥	24	yīng	yīng	eagle
鷺	196	鳥	24	lù	lù	heron
鷻	196	鳥	23	tuán	tuán	
鷼	196	鳥	23	xián	xián	
鷽	196	鳥	24	xué	xué	oriental bullfinch
鷾	196	鳥	24	yì	yì	swallow
鷿	196	鳥	24	pì	pì	little grebe
鸀	196	鳥	24	shǔ	shǔ	
鸁	196	鳥	24	luó	luó	
鸂	196	鳥	24	xī	xī	Mandarin duck
鸃	196	鳥	24	yí	yí	
鸄	196	鳥	24	jī	jī	
鸅	196	鳥	24	zé	zé	
鸆	196	鳥	24	yú	yú	
鸇	196	鳥	24	zhān	zhān	hawk
鸈	196	鳥	24	yè	yè	
鸉	196	鳥	24	yáng	yáng	
鸊	196	鳥	24	pì	pì	little grebe
鸋	196	鳥	25	níng	níng	(archaic) a wren
鸌	196	鳥	24	hù	hù	
鸍	196	鳥	25	mí	mí	
鸎	196	鳥	25	yīng	yīng	the mango-bird
鸏	196	鳥	24	méng	méng	
鸐	196	鳥	25	dí	dí	
鸑	196	鳥	25	yuè	yuè	a legendary waterfowl
鸒	196	鳥	24	yù	yù	eastern jackdaw
鸓	196	鳥	26	lěi	lěi	
鸔	196	鳥	26	bǔ	bǔ	
鸕	196	鳥	27	lú	lú	cormorant
鸖	196	鳥	27	hè	hè	
鸗	196	鳥	27	lóng	lóng	
鸘	196	鳥	28	shuāng	shuāng	eagle
鸙	196	鳥	28	yuè	yuè	
鸚	196	鳥	28	yīng	yīng	parrot
鸛	196	鳥	28	guàn	guàn	crane
鸜	196	鳥	29	qú	qú	a species of mynah
鸝	196	鳥	30	lí	lí	Chinese oriole
鸞	196	鳥	30	luán	luán	mythical bird related to the phoenix
鸟	196'	鸟	5	niǎo	niǎo	bird
鸠	196'	鸟	7	jiū	jiū	pigeon
鸡	196'	鸟	7	jī	jī	chicken
鸢	196'	鸟	8	yuān	yuān	kite
鸣	196'	鸟	8	míng	míng	cry of bird or animal
鸤	196'	鸟	8	shī	shī	turtledove
鸥	196'	鸟	9	ōu	ōu	seagull
鸦	196'	鸟	9	yā	yā	crow
鸧	196'	鸟	9	cāng	cāng	oriole
鸨	196'	鸟	9	bǎo	bǎo	bustard
鸩	196'	鸟	9	zhèn	zhèn	a bird resembling the secretary falcon
鸪	196'	鸟	10	gū	gū	Arborophila species (various)
鸫	196'	鸟	10	dōng	dōng	thrush
鸬	196'	鸟	10	lú	lú	cormorant
鸭	196'	鸟	10	yā	yā	duck
鸮	196'	鸟	10	xiāo	xiāo	owl
鸯	196'	鸟	10	yāng	yāng	female mandarin duck (Aix galericulata)
鸰	196'	鸟	10	líng	líng	species of lark
鸱	196'	鸟	10	chī	chī	kite
鸲	196'	鸟	10	qú	qú	mynah
鸳	196'	鸟	10	yuān	yuān	male mandarin duck (Aix galericulata)
鸴	196'	鸟	10	xué	xué	oriental bullfinch
鸵	196'	鸟	10	tuó	tuó	ostrich
鸶	196'	鸟	10	sī	sī	the eastern egret
鸷	196'	鸟	11	zhì	zhì	hawk
鸸	196'	鸟	11	ér	ér	swallow
鸹	196'	鸟	11	guā	guā	the crow
鸺	196'	鸟	11	xiū	xiū	horned owl
鸻	196'	鸟	11	héng	héng	plover
鸼	196'	鸟	11	zhōu	zhōu	ancient name for a bird with black feathers and a short tail
鸽	196'	鸟	11	gē	gē	pigeon
鸾	196'	鸟	11	luán	luán	fabulous bird
鸿	196'	鸟	11	hóng	hóng	species of wild swan
鹀	196'	鸟	12	wú	wú	
鹁	196'	鸟	12	bó	bó	species of pigeon
鹂	196'	鸟	12	lí	lí	Chinese oriole
鹃	196'	鸟	12	juān	juān	cuckoo
鹄	196'	鸟	12	gǔ	gǔ/hú	target
鹅	196'	鸟	12	é	é	goose
鹆	196'	鸟	12	yù	yù	myna
鹇	196'	鸟	12	xián	xián	silver pheasant
鹈	196'	鸟	12	tí	tí	pelican
鹉	196'	鸟	13	wǔ	wǔ	species of parrot
鹊	196'	鸟	13	què	què	magpie
鹋	196'	鸟	13	miáo	miáo	emu
鹌	196'	鸟	13	ān	ān	quail
鹍	196'	鸟	13	kūn	kūn	a bird resembling the crane
鹎	196'	鸟	13	bēi	bēi	bird
鹏	196'	鸟	13	péng	péng	fabulous bird of enormous size
鹐	196'	鸟	13	qiān	qiān	to peck
鹑	196'	鸟	13	chún	chún	quail
鹒	196'	鸟	13	gēng	gēng	oriole
鹓	196'	鸟	13	yuān	yuān	co-worker
鹔	196'	鸟	13	sù	sù	turquoise kingfisher
鹕	196'	鸟	14	hú	hú	pelican
鹖	196'	鸟	14	hé	hé	crossbill
鹗	196'	鸟	14	è	è	osprey
鹘	196'	鸟	14	gǔ	gǔ/hú	a kind of pigeon
鹙	196'	鸟	14	qiū	qiū	large waterfowl with naked head
鹚	196'	鸟	14	cí	cí	cormorant
鹛	196'	鸟	14	méi	méi	babbler
鹜	196'	鸟	14	wù	wù	duck
鹝	196'	鸟	15	yì	yì	pheasant
鹞	196'	鸟	15	yào	yào	sparrow hawk
鹟	196'	鸟	15	wēng	wēng	flycatcher
鹠	196'	鸟	15	liú	liú	the owl
鹡	196'	鸟	15	jí	jí	wagtail
鹢	196'	鸟	15	yì	yì	fishhawk bow or prow
鹣	196'	鸟	15	jiān	jiān	fabulous mythical bird
鹤	196'	鸟	15	hè	hè	crane
鹥	196'	鸟	16	yī	yī	seagull
鹦	196'	鸟	16	yīng	yīng	parrot
鹧	196'	鸟	16	zhè	zhè	partridge
鹨	196'	鸟	16	liù	liù	Anthus species (various)
鹩	196'	鸟	17	liáo	liáo	wren
鹪	196'	鸟	17	jiāo	jiāo	wren
鹫	196'	鸟	17	jiù	jiù	condor
鹬	196'	鸟	17	yù	yù	snipe
鹭	196'	鸟	18	lù	lù	heron
鹮	196'	鸟	18	huán	huán	spoonbill
鹯	196'	鸟	18	zhān	zhān	hawk
鹰	196'	鸟	18	yīng	yīng	falcon
鹱	196'	鸟	18	hù	hù	
鹲	196'	鸟	18	méng	méng	
鹳	196'	鸟	22	guàn	guàn	crane
鹴	196'	鸟	22	shuāng	shuāng	eagle
鹵	197	鹵	11	lǔ	lǔ	saline soil
鹶	197	鹵	15	jīn	jīn	salty and bitter
鹷	197	鹵	16	líng	líng	
鹸	197	鹵	19	jiǎn	jiǎn	alkaline
鹹	197	鹵	20	xián	xián	salty
鹺	197	鹵	20	cuó	cuó	salty
鹻	197	鹵	21	jiǎn	jiǎn	impure sodium carbonate
鹼	197	鹵	24	jiǎn	jiǎn	alkaline
鹽	197	鹵	24	yán	yán	salt
鹾	197'	卤	16	cuó	cuó	salty
鹿	198	鹿	11	lù	lù	deer
麀	198	鹿	13	yōu	yōu	female deer
麁	198	鹿	13	cū	cū	rough
麂	198	鹿	13	jǐ	jǐ	muntjac
麃	198	鹿	15	páo	páo	till
麄	198	鹿	15	cū	cū	coarse
麅	198	鹿	16	páo	páo	a small spotted deer found in north China
麆	198	鹿	16	zhù	zhù	
麇	198	鹿	16	jūn	jūn/qún	general name for hornless deer
麈	198	鹿	16	zhǔ	zhǔ	legendary species of deer
麉	198	鹿	17	jiān	jiān	
麊	198	鹿	17	mí	mí	
麋	198	鹿	17	mí	mí	Père David's deer
麌	198	鹿	18	yǔ	yǔ	stag
麍	198	鹿	18	liú	liú	
麎	198	鹿	18	chén	chén	
麏	198	鹿	18	jūn	jūn	
麐	198	鹿	18	lín	lín	female of Chinese unicorn
麑	198	鹿	19	ní	ní	fawn
麒	198	鹿	19	qí	qí	legendary auspicious animal
麓	198	鹿	19	lù	lù	foothill
麔	198	鹿	19	jiù	jiù	
麕	198	鹿	19	jūn	jūn/qún	muntjac deer
麖	198	鹿	19	jīng	jīng	
麗	198	鹿	19	lì	lí/lì	beautiful
麘	198	鹿	20	xiāng	xiāng	scent
麙	198	鹿	20	xián	xián	
麚	198	鹿	20	jiā	jiā	
麛	198	鹿	20	mí	mí	fawn
麜	198	鹿	21	lì	lì	
麝	198	鹿	21	shè	shè	musk deer
麞	198	鹿	22	zhāng	zhāng	water deer (Hydropotes inermis)
麟	198	鹿	23	lín	lín	female of Chinese unicorn
麠	198	鹿	24	jīng	jīng	a large deer
麡	198	鹿	25	qí	qí	
麢	198	鹿	28	líng	líng	
麣	198	鹿	30	yán	yán	
麤	198	鹿	33	cū	cū	rough
麥	199	麥	11	mài	mài	wheat
麦	199'	麦	7	mài	mài	wheat
麧	199	麥	14	hé	hé	
麨	199	麥	15	chǎo	chǎo	
麩	199	麥	15	fū	fū	bran
麪	199	麥	15	miàn	miàn	flour
麫	199	麥	15	miàn	miàn	flour
麬	199	麥	16	fū	fū	
麭	199	麥	16	pào	pào	a sticky rice ball
麮	199	麥	16	qù	qù	porridge
麯	199	麥	17	qū	qū	yeast
麰	199	麥	17	móu	móu	barley
麱	199	麥	18	fū	fū	bran of wheat
麲	199	麥	18	xiàn	xiàn	
麳	199	麥	19	lái	lái	
麴	199	麥	19	qū	qū	yeast
麵	199	麥	20	miàn	miàn	flour
麶	199	麥	21	chī	chī	
麷	199	麥	29	fēng	fēng	
麸	199'	麦	11	fū	fū	bran
麹	199'	麦	15	qū	qū	yeast
麺	199'	麦	16	miàn	miàn	flour
麻	200	麻	11	má	má	hemp
麼	200	麻	14	me	me	interrogative final particle
麽	200	麻	14	mó	mó	interrogative final particle
麾	200	麻	15	huī	huī	a pennant
麿	200	麻	17	mǒ	mǒ	I
黀	200	麻	19	zōu	zōu	
黁	200	麻	20	nún	nún	
黂	200	麻	23	fén	fén	
黃	201	黃	12	huáng	huáng	yellow
黄	201	黃	11	huáng	huáng	yellow
黅	201	黃	15	jīn	jīn	
黆	201	黃	15	guāng	guāng	
黇	201	黃	16	tiān	tiān	fallow deer (Dama dama)
黈	201	黃	16	tǒu	tǒu	yellow
黉	201	黃	16	hóng	hóng	school
黊	201	黃	17	huà	huà	
黋	201	黃	17	kuàng	kuàng	
黌	201	黃	24	hóng	hóng	school
黍	202	黍	12	shǔ	shǔ	glutinous millet
黎	202	黍	15	lí	lí	surname
黏	202	黍	17	nián	nián	stick to
黐	202	黍	22	chī	chī	to stick
黑	203	黑	12	hēi	hēi	black
黒	203	黑	11	hēi	hēi	black
黓	203	黑	15	yì	yì	black
黔	203	黑	16	qián	qián	black
黕	203	黑	16	dǎn	dǎn	red
黖	203	黑	16	xì	xì	
黗	203	黑	16	tūn	tūn	
默	203	黑	16	mò	mò	silent
黙	86	火	15	mò	mò	silent
黚	203	黑	17	qián	qián	
黛	203	黑	17	dài	dài	blacken eyebrows
黜	203	黑	17	chù	chù	dismiss
黝	203	黑	17	yǒu	yǒu	black
點	203	黑	17	diǎn	diǎn	dot
黟	203	黑	18	yī	yī	black and shining
黠	203	黑	18	xiá	xiá	sly
黡	203	黑	18	yǎn	yǎn	mole
黢	203	黑	19	qū	qū	black
黣	203	黑	19	měi	měi	
黤	203	黑	20	yǎn	yǎn	blue-black
黥	203	黑	20	qíng	qíng	to tattoo
黦	203	黑	20	yuè	yuè	
黧	203	黑	20	lí	lí	a dark
黨	203	黑	20	dǎng	dǎng	political party
黩	203	黑	20	dú	dú	to dishonor
黪	203	黑	20	cǎn	cǎn	grey black
黫	203	黑	21	yān	yān	
黬	203	黑	21	yán	yán	blackhead
黭	203	黑	21	yǎn	yǎn	
黮	203	黑	21	dǎn	dǎn	black
黯	203	黑	21	àn	àn	dark
黰	203	黑	22	zhěn	zhěn	young girl's hair style
黱	203	黑	22	dài	dài	
黲	203	黑	23	cǎn	cǎn	grey black
黳	203	黑	23	yī	yī	
黴	203	黑	23	méi	méi	mold
黵	203	黑	25	zhǎn	zhǎn	to soil
黶	203	黑	26	yǎn	yǎn	mole
黷	203	黑	27	dú	dú	to dishonor
黸	203	黑	28	lú	lú	
黹	204	黹	12	zhǐ	zhǐ	embroidery
黺	204	黹	16	fěn	fěn	
黻	204	黹	17	fú	fú	special pattern of embroidery
黼	204	黹	19	fǔ	fǔ	embroidered official or sacrificial robe
黽	205	黽	13	miǎn	miǎn/mǐn	to strive
黾	205'	黾	8	mǐn	mǐn	to strive
黿	205	黽	17	yuán	yuán	large turtle
鼀	205	黽	18	cù	cù	
鼁	205	黽	18	qù	qù	
鼂	205	黽	18	cháo	cháo	a kind of sea turtle
鼃	205	黽	19	wā	wā	the edible water-frog
鼄	205	黽	19	zhū	zhū	the spider
鼅	205	黽	21	zhī	zhī	spider
鼆	205	黽	23	méng	méng	
鼇	205	黽	23	áo	áo	huge sea turtle
鼈	205	黽	24	biē	biē	a fresh-water turtle
鼉	205	黽	25	tuó	tuó	Chinese alligator (Alligator sinensis)
鼊	205	黽	26	bì	bì	
鼋	205'	黾	12	yuán	yuán	large turtle
鼌	205'	黾	13	cháo	cháo	
鼍	205'	黾	20	tuó	tuó	large reptile
鼎	206	鼎	12	dǐng	dǐng	large
鼏	206	鼎	14	mì	mì	cover of tripod caldron
鼐	206	鼎	14	nài	nài	incense tripod
鼑	206	鼎	14	dǐng	dǐng	
鼒	206	鼎	15	zī	zī	large tripod caldron with small mouth
鼓	207	鼓	13	gǔ	gǔ	drum
鼔	207	鼓	13	gǔ	gǔ	a drum
鼕	207	鼓	18	dōng	dōng	rattle of drums
鼖	207	鼓	18	fén	fén	drum
鼗	207	鼓	19	táo	táo	small revolving drum with knobs
鼘	207	鼓	22	yuān	yuān	
鼙	207	鼓	21	pí	pí	drum carried on horseback
鼚	207	鼓	21	chāng	chāng	drumming
鼛	207	鼓	21	gāo	gāo	drum
鼜	207	鼓	22	qì	qì	
鼝	207	鼓	25	yuān	yuān	
鼞	207	鼓	24	tāng	tāng	
鼟	207	鼓	25	tēng	tēng	onomatopoeic
鼠	208	鼠	13	shǔ	shǔ	rat
鼡	208''	鼡	8	shǔ	shǔ	rat
鼢	208	鼠	17	fén	fén	a variety of mole
鼣	208	鼠	17	fèi	fèi	
鼤	208	鼠	17	wén	wén	
鼥	208	鼠	18	bá	bá	groundhog
鼦	208	鼠	18	diāo	diāo	
鼧	208	鼠	18	tuó	tuó	the marmot
鼨	208	鼠	18	zhōng	zhōng	
鼩	208	鼠	18	qú	qú	shrew
鼪	208	鼠	18	shēng	shēng	weasel
鼫	208	鼠	18	shí	shí	marmot
鼬	208	鼠	18	yòu	yòu	weasel
鼭	208	鼠	19	shí	shí	
鼮	208	鼠	19	tíng	tíng	
鼯	208	鼠	20	wú	wú	flying squirrel
鼰	208	鼠	20	jú	jú	
鼱	208	鼠	21	jīng	jīng	
鼲	208	鼠	22	hún	hún	
鼳	208	鼠	22	jú	jú	
鼴	208	鼠	22	yǎn	yǎn	mole
鼵	208	鼠	22	tū	tū	
鼶	208	鼠	23	sī	sī	
鼷	208	鼠	23	xī	xī	a mouse
鼸	208	鼠	23	xiàn	xiàn	
鼹	208	鼠	23	yǎn	yǎn	mole
鼺	208	鼠	28	léi	léi	
鼻	209	鼻	14	bí	bí	nose
鼼	209	鼻	16	yào	yào	(Cant.) curving upwards
鼽	209	鼻	16	qiú	qiú	clogged nose
鼾	209	鼻	17	hān	hān	snore loudly
鼿	209	鼻	17	wù	wù	
齀	209	鼻	18	wù	wù	
齁	209	鼻	19	hōu	hōu	snore loudly
齂	209	鼻	22	xiè	xiè	
齃	209	鼻	23	è	è	
齄	209	鼻	23	zhā	zhā	red sores on nose
齅	209	鼻	24	xiù	xiù	smell
齆	209	鼻	24	wèng	wèng	stuffed nose
齇	209	鼻	25	zhā	zhā	a pimple or red splotch on the nose
齈	209	鼻	27	nòng	nòng	cold in the head
齉	209	鼻	36	nàng	nàng	stoppage of the nose
齊	210	齊	14	qí	jì/qí	even
齋	210	齊	17	zhāi	zhāi	vegetarian diet
齌	210	齊	18	jì	jì	steam
齍	210	齊	19	zī	zī	
齎	210	齊	21	jī	jī	take in both hands and offer to
齏	210	齊	23	jī	jī	break or smash into pieces
齐	210'	齐	6	qí	qí	even
齑	210'	齐	15	jī	jī	break or smash into pieces
齒	211	齒	15	chǐ	chǐ	teeth
齓	211	齒	16	chèn	chèn	
齔	211	齒	17	chèn	chèn	lose baby teeth and get adult teeth
齕	211	齒	18	hé	hé	gnaw
齖	211	齒	19	yá	yá	
齗	211	齒	19	yín	yín	gums (of the teeth)
齘	211	齒	19	xiè	xiè	
齙	211	齒	20	bāo	bāo	projecting teeth
齚	211	齒	20	zé	zé	to chew
齛	211	齒	20	xiè	xiè	
齜	211	齒	21	chái	chái	to show the teeth
齝	211	齒	20	chī	chī	to chew the cud
齞	211	齒	20	yǎn	yǎn	to display the teeth
齟	211	齒	20	jǔ	jǔ	irregular teeth
齠	211	齒	20	tiáo	tiáo	lose baby teeth and get adult teeth
齡	211	齒	20	líng	líng	age
齢	211''	歯	17	líng	líng	age
齣	211	齒	20	chū	chū	act
齤	211	齒	21	quán	quán	
齥	211	齒	21	xiè	xiè	
齦	211	齒	21	kěn	kěn	gums
齧	211	齒	21	niè	niè	bite
齨	211	齒	21	jiù	jiù	
齩	211	齒	21	yǎo	yǎo	to chew
齪	211	齒	22	chuò	chuò	narrow
齫	211	齒	22	yǔn	yǔn	
齬	211	齒	22	yǔ	yǔ	uneven teeth
齭	211	齒	23	chǔ	chǔ	toothache
齮	211	齒	23	yǐ	yǐ	bite
齯	211	齒	23	ní	ní	teeth grown in old age
齰	211	齒	23	zé	zé	to bite
齱	211	齒	23	zōu	zōu	
齲	211	齒	24	qǔ	qǔ	tooth decay
齳	211	齒	24	yǔn	yǔn	toothless
齴	211	齒	24	yǎn	yǎn	
齵	211	齒	24	óu	óu	uneven (teeth)
齶	211	齒	24	è	è	palate
齷	211	齒	24	wò	wò	narrow
齸	211	齒	25	yì	yì	
齹	211	齒	24	cī	cī	
齺	211	齒	25	zōu	zōu	
齻	211	齒	25	diān	diān	
齼	211	齒	28	chǔ	chǔ	
齽	211	齒	28	jìn	jìn	
齾	211	齒	35	yà	yà	
齿	211'	齿	8	chǐ	chǐ	teeth
龀	211'	齿	10	chèn	chèn	lose baby teeth and get adult teeth
龁	211'	齿	11	hé	hé	gnaw
龂	211'	齿	12	yín	yín	gums (of the teeth)
龃	211'	齿	13	jǔ	jǔ	irregular teeth
龄	211'	齿	13	líng	líng	age
龅	211'	齿	13	bāo	bāo	teeth protrude
龆	211'	齿	13	tiáo	tiáo	lose baby teeth and get adult teeth
龇	211'	齿	14	zī	zī	to show the teeth
龈	211'	齿	14	yín	yín	gums
龉	211'	齿	15	yǔ	yǔ	uneven teeth
龊	211'	齿	15	chuò	chuò	narrow
龋	211'	齿	17	qǔ	qǔ	tooth decay
龌	211'	齿	17	wò	wò	narrow
龍	212	龍	16	lóng	lóng	dragon
龎	212	龍	18	páng	páng	disorderly
龏	212	龍	19	gōng	gōng	
龐	53	广	19	páng	páng	disorderly
龑	212	龍	20	yǎn	yǎn	used in personal names
龒	212	龍	21	lóng	lóng	dragon
龓	212	龍	22	lǒng	lǒng	a halter
龔	212	龍	22	gōng	gōng	give
龕	212	龍	22	kān	kān	niche
龖	212	龍	32	dá	dá	flight of a dragon
龗	212	龍	33	líng	líng	
龘	212	龍	48	dá	dá	the appearance of a dragon walking
龙	212'	龙	5	lóng	lóng	dragon
龚	212'	龙	11	gōng	gōng	give
龛	212'	龙	11	kān	kān	niche
龜	213	龜	16	guī	guī/jūn/qiū	turtle or tortoise
龝	213	龜	22	qiū	qiū	autumn
龞	213	龜	28	biē	biē	turtle
龟	213'	龟	7	guī	guī/jūn/qiū	turtle or tortoise
龠	214	龠	17	yuè	yuè	flute
龡	214	龠	21	chuī	chuī	to blow
龢	214	龠	22	hé	hé	in harmony
龣	214	龠	25	jué	jué	
龤	214	龠	26	xié	xié	to harmonize
龥	214	龠	26	yù	yù	beg
龪	156	走	9	zhān	zhān	
龬	167	金	16	wǎng	wǎng	
龰	77	止	4	zǒu	zǒu	
龵	64	手	4	shǒu	shǒu	
龻	149	言	19	luán	luán	
鿃	109	目	12	shǎn	shǎn	(same as 睒) to blink
鿄	75	木	10	liáng	liáng	
鿇	9	人	8	zhēng	zhēng	
鿌	85	水	12	liáng	liáng	cool
鿍	32	土	9	gàng	gàng	hill
鿎	112	石	11	tǎ	dá/tǎ	(tǎ) place name in Zhejiang
鿏	167'	钅	12	mài	mài	meitnerium (element 109
鿔	167'	钅	15	gē	gē	copernicium (element 112
鿕	195'	鱼	12	dān	dān	Devario chrysotaeniatus
鿫	84	气	16	ào	ào	oganesson (element 118)
鿬	112	石	10	tián	tián	tennessine (element 117)
鿭	167'	钅	10	nǐ	xǐ/nǐ	nihonium (element 113)
鿰	85	水	15	hán	hán	
鿱	96	玉	8	bā	bā	
鿲	151	豆	14	láo	láo	
鿳	195	魚	22	tuò	tuò	
鿴	195'	鱼	13	dōng	dōng	
鿵	195'	鱼	15	zhì	zhì	
鿶	195'	鱼	15	láng	láng	
鿷	195'	鱼	17	àn	àn	
鿸	195'	鱼	19	tuò	tuò	
鿹	195'	鱼	19	mì	mì	
鿺	196'	鸟	12	mài	mài	
鿻	208	鼠	18	bù	bù	
鿼	208	鼠	18	jiā	jiā	
鿾	32	土	12	làng	làng	
鿿	85	水	14	xìng	xìng	
